solid OpenSCAD_Model
  facet normal 0 0 -1
    outer loop
      vertex -1.598076211353316 -0.5 -2
      vertex -1.77163859753386 -0.1480502970952693 -2
      vertex -1.897777478867205 0.22354286469243778 -2
    endloop
  endfacet
  facet normal 0 0 -1
    outer loop
      vertex -1.598076211353316 -0.5 -2
      vertex -2 1 -2
      vertex -0.826284287026162 -1.3800600208737057 -2
    endloop
  endfacet
  facet normal 0 0 -1
    outer loop
      vertex -1.598076211353316 -0.5 -2
      vertex -1.897777478867205 0.22354286469243778 -2
      vertex -2 1 -2
    endloop
  endfacet
  facet normal 0 0 -1
    outer loop
      vertex -1.897777478867205 0.22354286469243778 -2
      vertex -1.974334584121431 0.6084214233398453 -2
      vertex -2 1 -2
    endloop
  endfacet
  facet normal 0 0 -1
    outer loop
      vertex -2 1 -2
      vertex -2 5 -2
      vertex -0.826284287026162 -1.3800600208737057 -2
    endloop
  endfacet
  facet normal -1 0 0
    outer loop
      vertex -2 1 -2
      vertex -2 5 1
      vertex -2 5 -2
    endloop
  endfacet
  facet normal 0 0 -1
    outer loop
      vertex -2 5 -2
      vertex -2 24.993797276853254 -2
      vertex -0.826284287026162 -1.3800600208737057 -2
    endloop
  endfacet
  facet normal 0 0 -1
    outer loop
      vertex -0.826284287026162 -1.3800600208737057 -2
      vertex 0.22354286469243778 -1.897777478867205 -2
      vertex -0.5 -1.598076211353316 -2
    endloop
  endfacet
  facet normal 0 0 -1
    outer loop
      vertex -0.5 -1.598076211353316 -2
      vertex 0.22354286469243778 -1.897777478867205 -2
      vertex -0.1480502970952693 -1.77163859753386 -2
    endloop
  endfacet
  facet normal 0 0 -1
    outer loop
      vertex -1.598076211353316 -0.5 -2
      vertex -0.826284287026162 -1.3800600208737057 -2
      vertex -1.1213203435596428 -1.1213203435596428 -2
    endloop
  endfacet
  facet normal 0 0 -1
    outer loop
      vertex -1.3800600208737057 -0.826284287026162 -2
      vertex -1.598076211353316 -0.5 -2
      vertex -1.1213203435596428 -1.1213203435596428 -2
    endloop
  endfacet
  facet normal 0 0 -1
    outer loop
      vertex -0.826284287026162 -1.3800600208737057 -2
      vertex 1 -2 -2
      vertex 0.22354286469243778 -1.897777478867205 -2
    endloop
  endfacet
  facet normal 0 0 -1
    outer loop
      vertex 0.22354286469243778 -1.897777478867205 -2
      vertex 1 -2 -2
      vertex 0.6084214233398453 -1.974334584121431 -2
    endloop
  endfacet
  facet normal -0.8314696123025453 -0.5555702330196018 1.0012804342760426e-18
    outer loop
      vertex -1.3800600208737057 -0.826284287026162 -2
      vertex -1.598076211353316 -0.5 11
      vertex -1.598076211353316 -0.5 -2
    endloop
  endfacet
  facet normal -0.8968727415326887 -0.4422886902190005 0
    outer loop
      vertex -1.598076211353316 -0.5 -2
      vertex -1.598076211353316 -0.5 11
      vertex -1.77163859753386 -0.1480502970952693 -2
    endloop
  endfacet
  facet normal -0.9469301294951054 -0.3214394653031626 6.353821133332346e-19
    outer loop
      vertex -1.77163859753386 -0.1480502970952693 -2
      vertex -1.897777478867205 0.22354286469243778 11
      vertex -1.897777478867205 0.22354286469243778 -2
    endloop
  endfacet
  facet normal -0.9807852804032307 -0.1950903220161273 0
    outer loop
      vertex -1.897777478867205 0.22354286469243778 -2
      vertex -1.897777478867205 0.22354286469243778 11
      vertex -1.974334584121431 0.6084214233398453 -2
    endloop
  endfacet
  facet normal -0.9978589232386035 -0.06540312923014358 9.920557639104501e-20
    outer loop
      vertex -1.974334584121431 0.6084214233398453 -2
      vertex -2 1 11
      vertex -2 1 -2
    endloop
  endfacet
  facet normal -1 0 0
    outer loop
      vertex -2 1 -2
      vertex -2 1 11
      vertex -2 5 1
    endloop
  endfacet
  facet normal -1 0 0
    outer loop
      vertex -2 5 1
      vertex -2 9.524924973907869 3.917144641217298
      vertex -2 9.848349570550447 3.548349570550447
    endloop
  endfacet
  facet normal -1 0 0
    outer loop
      vertex -2 5 1
      vertex -2 11.529428580865547 2.577778151415994
      vertex -2 12.010526779174807 2.4820817698482114
    endloop
  endfacet
  facet normal -1 0 0
    outer loop
      vertex -2 5 1
      vertex -2 12.010526779174807 2.4820817698482114
      vertex -2 12.5 2.45
    endloop
  endfacet
  facet normal -1 0 0
    outer loop
      vertex -2 5 1
      vertex -2 10.625 2.9524047358083556
      vertex -2 11.064937128630913 2.7354517530826747
    endloop
  endfacet
  facet normal -1 0 0
    outer loop
      vertex -2 5 1
      vertex -2 10.217144641217297 3.2249249739078683
      vertex -2 10.625 2.9524047358083556
    endloop
  endfacet
  facet normal -1 0 0
    outer loop
      vertex -2 5 1
      vertex -2 11.064937128630913 2.7354517530826747
      vertex -2 11.529428580865547 2.577778151415994
    endloop
  endfacet
  facet normal -1 0 0
    outer loop
      vertex -2 5 1
      vertex -2 9.848349570550447 3.548349570550447
      vertex -2 10.217144641217297 3.2249249739078683
    endloop
  endfacet
  facet normal -1 0 0
    outer loop
      vertex -2 5 1
      vertex -2 9.252404735808355 4.325
      vertex -2 9.524924973907869 3.917144641217298
    endloop
  endfacet
  facet normal -1 0 0
    outer loop
      vertex -2 5 1
      vertex -2 9.035451753082675 4.764937128630914
      vertex -2 9.252404735808355 4.325
    endloop
  endfacet
  facet normal -1 0 0
    outer loop
      vertex -2 5 1
      vertex -2 8.877778151415994 5.229428580865547
      vertex -2 9.035451753082675 4.764937128630914
    endloop
  endfacet
  facet normal -1 0 0
    outer loop
      vertex -2 5 1
      vertex -2 8.782081769848212 5.710526779174807
      vertex -2 8.877778151415994 5.229428580865547
    endloop
  endfacet
  facet normal -1 0 0
    outer loop
      vertex -2 5 1
      vertex -2 8.75 6.2
      vertex -2 8.782081769848212 5.710526779174807
    endloop
  endfacet
  facet normal -0.6593458151000685 -0.7518398074789776 0
    outer loop
      vertex -0.826284287026162 -1.3800600208737057 -2
      vertex -0.826284287026162 -1.3800600208737057 11
      vertex -1.1213203435596428 -1.1213203435596428 -2
    endloop
  endfacet
  facet normal -0.4422886902190005 -0.8968727415326887 -2.919500218884195e-19
    outer loop
      vertex -0.5 -1.598076211353316 -2
      vertex -0.1480502970952693 -1.77163859753386 -2
      vertex -0.1480502970952693 -1.77163859753386 11
    endloop
  endfacet
  facet normal -0.5555702330196018 -0.8314696123025453 1.0012804342760426e-18
    outer loop
      vertex -0.826284287026162 -1.3800600208737057 -2
      vertex -0.5 -1.598076211353316 -2
      vertex -0.5 -1.598076211353316 11
    endloop
  endfacet
  facet normal -0.7518398074789776 -0.6593458151000685 -5.962733574894979e-19
    outer loop
      vertex -1.3800600208737057 -0.826284287026162 -2
      vertex -1.1213203435596428 -1.1213203435596428 -2
      vertex -1.1213203435596428 -1.1213203435596428 11
    endloop
  endfacet
  facet normal -0.3214394653031626 -0.9469301294951054 0
    outer loop
      vertex -0.1480502970952693 -1.77163859753386 -2
      vertex 0.22354286469243778 -1.897777478867205 -2
      vertex -0.1480502970952693 -1.77163859753386 11
    endloop
  endfacet
  facet normal -0.1950903220161273 -0.9807852804032307 -1.3180108332511015e-19
    outer loop
      vertex 0.22354286469243778 -1.897777478867205 -2
      vertex 0.6084214233398453 -1.974334584121431 -2
      vertex 0.6084214233398453 -1.974334584121431 11
    endloop
  endfacet
  facet normal -0.06540312923014358 -0.9978589232386035 0
    outer loop
      vertex 0.6084214233398453 -1.974334584121431 -2
      vertex 1 -2 -2
      vertex 0.6084214233398453 -1.974334584121431 11
    endloop
  endfacet
  facet normal 0 0 -1
    outer loop
      vertex -0.826284287026162 -1.3800600208737057 -2
      vertex -2 24.993797276853254 -2
      vertex -2 25 -2
    endloop
  endfacet
  facet normal 0 0 -1
    outer loop
      vertex -0.826284287026162 -1.3800600208737057 -2
      vertex -2 25 -2
      vertex -2 49 -2
    endloop
  endfacet
  facet normal -1 0 0
    outer loop
      vertex -2 5 1
      vertex -2 12.5 2.45
      vertex -2 25 1
    endloop
  endfacet
  facet normal -1 0 0
    outer loop
      vertex -2 25 1
      vertex -2 12.5 2.45
      vertex -2 17.5 2.45
    endloop
  endfacet
  facet normal -1 0 0
    outer loop
      vertex -2 25 1
      vertex -2 17.5 2.45
      vertex -2 17.989473220825193 2.4820817698482114
    endloop
  endfacet
  facet normal -1 0 0
    outer loop
      vertex -2 25 1
      vertex -2 17.989473220825193 2.4820817698482114
      vertex -2 18.47057141913445 2.577778151415994
    endloop
  endfacet
  facet normal -1 0 0
    outer loop
      vertex -2 25 1
      vertex -2 18.47057141913445 2.577778151415994
      vertex -2 18.935062871369087 2.7354517530826747
    endloop
  endfacet
  facet normal -1 0 0
    outer loop
      vertex -2 25 1
      vertex -2 18.935062871369087 2.7354517530826747
      vertex -2 19.375 2.9524047358083556
    endloop
  endfacet
  facet normal -1 0 0
    outer loop
      vertex -2 25 1
      vertex -2 19.375 2.9524047358083556
      vertex -2 19.782855358782705 3.2249249739078683
    endloop
  endfacet
  facet normal -1 0 0
    outer loop
      vertex -2 25 1
      vertex -2 19.782855358782705 3.2249249739078683
      vertex -2 20.151650429449553 3.548349570550447
    endloop
  endfacet
  facet normal -1 0 0
    outer loop
      vertex -2 25 1
      vertex -2 20.151650429449553 3.548349570550447
      vertex -2 20.47507502609213 3.917144641217298
    endloop
  endfacet
  facet normal -1 0 0
    outer loop
      vertex -2 25 1
      vertex -2 20.47507502609213 3.917144641217298
      vertex -2 20.747595264191645 4.325
    endloop
  endfacet
  facet normal -1 0 0
    outer loop
      vertex -2 25 1
      vertex -2 20.747595264191645 4.325
      vertex -2 20.964548246917325 4.764937128630914
    endloop
  endfacet
  facet normal 0 0 -1
    outer loop
      vertex -0.826284287026162 -1.3800600208737057 -2
      vertex 71.82628428702616 -1.3800600208737057 -2
      vertex 1 -2 -2
    endloop
  endfacet
  facet normal 0 -1 0
    outer loop
      vertex 1 -2 -2
      vertex 70 -2 -2
      vertex 1 -2 11
    endloop
  endfacet
  facet normal 0 0 -1
    outer loop
      vertex -0.826284287026162 -1.3800600208737057 -2
      vertex 1 52 -2
      vertex 73 1 -2
    endloop
  endfacet
  facet normal -0.8314696123025453 -0.5555702330196018 0
    outer loop
      vertex -1.3800600208737057 -0.826284287026162 -2
      vertex -1.3800600208737057 -0.826284287026162 11
      vertex -1.598076211353316 -0.5 11
    endloop
  endfacet
  facet normal -0.8968727415326887 -0.4422886902190005 0
    outer loop
      vertex -1.77163859753386 -0.1480502970952693 -2
      vertex -1.598076211353316 -0.5 11
      vertex -1.77163859753386 -0.1480502970952693 11
    endloop
  endfacet
  facet normal -0.9469301294951054 -0.3214394653031626 0
    outer loop
      vertex -1.77163859753386 -0.1480502970952693 -2
      vertex -1.77163859753386 -0.1480502970952693 11
      vertex -1.897777478867205 0.22354286469243778 11
    endloop
  endfacet
  facet normal -0.9807852804032307 -0.1950903220161273 0
    outer loop
      vertex -1.974334584121431 0.6084214233398453 -2
      vertex -1.897777478867205 0.22354286469243778 11
      vertex -1.974334584121431 0.6084214233398453 11
    endloop
  endfacet
  facet normal -0.9978589232386035 -0.06540312923014358 0
    outer loop
      vertex -1.974334584121431 0.6084214233398453 -2
      vertex -1.974334584121431 0.6084214233398453 11
      vertex -2 1 11
    endloop
  endfacet
  facet normal -1 0 0
    outer loop
      vertex -2 5 1
      vertex -2 1 11
      vertex -2 8.75 6.2
    endloop
  endfacet
  facet normal -0.5555702330196018 -0.8314696123025453 0
    outer loop
      vertex -0.826284287026162 -1.3800600208737057 -2
      vertex -0.5 -1.598076211353316 11
      vertex -0.826284287026162 -1.3800600208737057 11
    endloop
  endfacet
  facet normal -0.6593458151000685 -0.7518398074789776 0
    outer loop
      vertex -1.1213203435596428 -1.1213203435596428 -2
      vertex -0.826284287026162 -1.3800600208737057 11
      vertex -1.1213203435596428 -1.1213203435596428 11
    endloop
  endfacet
  facet normal -0.4422886902190005 -0.8968727415326887 0
    outer loop
      vertex -0.5 -1.598076211353316 -2
      vertex -0.1480502970952693 -1.77163859753386 11
      vertex -0.5 -1.598076211353316 11
    endloop
  endfacet
  facet normal -0.7518398074789776 -0.6593458151000685 0
    outer loop
      vertex -1.3800600208737057 -0.826284287026162 -2
      vertex -1.1213203435596428 -1.1213203435596428 11
      vertex -1.3800600208737057 -0.826284287026162 11
    endloop
  endfacet
  facet normal -0.3214394653031626 -0.9469301294951054 0
    outer loop
      vertex 0.22354286469243778 -1.897777478867205 -2
      vertex 0.22354286469243778 -1.897777478867205 11
      vertex -0.1480502970952693 -1.77163859753386 11
    endloop
  endfacet
  facet normal -0.1950903220161273 -0.9807852804032307 0
    outer loop
      vertex 0.22354286469243778 -1.897777478867205 -2
      vertex 0.6084214233398453 -1.974334584121431 11
      vertex 0.22354286469243778 -1.897777478867205 11
    endloop
  endfacet
  facet normal -0.06540312923014358 -0.9978589232386035 0
    outer loop
      vertex 1 -2 -2
      vertex 1 -2 11
      vertex 0.6084214233398453 -1.974334584121431 11
    endloop
  endfacet
  facet normal 0 0 1
    outer loop
      vertex -1.598076211353316 -0.5 11
      vertex -1.897777478867205 0.22354286469243778 11
      vertex -1.77163859753386 -0.1480502970952693 11
    endloop
  endfacet
  facet normal 0 0 1
    outer loop
      vertex -1.598076211353316 -0.5 11
      vertex -0.826284287026162 -1.3800600208737057 11
      vertex -2 1 11
    endloop
  endfacet
  facet normal 0 0 1
    outer loop
      vertex -1.598076211353316 -0.5 11
      vertex -2 1 11
      vertex -1.897777478867205 0.22354286469243778 11
    endloop
  endfacet
  facet normal 0 0 1
    outer loop
      vertex -1.897777478867205 0.22354286469243778 11
      vertex -2 1 11
      vertex -1.974334584121431 0.6084214233398453 11
    endloop
  endfacet
  facet normal -1 0 0
    outer loop
      vertex -2 1 11
      vertex -2 8.782081769848212 6.689473220825193
      vertex -2 8.75 6.2
    endloop
  endfacet
  facet normal -1 0 0
    outer loop
      vertex -2 1 11
      vertex -2 8.877778151415994 7.170571419134453
      vertex -2 8.782081769848212 6.689473220825193
    endloop
  endfacet
  facet normal -1 0 0
    outer loop
      vertex -2 1 11
      vertex -2 9.035451753082675 7.635062871369087
      vertex -2 8.877778151415994 7.170571419134453
    endloop
  endfacet
  facet normal -1 0 0
    outer loop
      vertex -2 1 11
      vertex -2 9.252404735808355 8.075
      vertex -2 9.035451753082675 7.635062871369087
    endloop
  endfacet
  facet normal -1 0 0
    outer loop
      vertex -2 1 11
      vertex -2 9.524924973907869 8.482855358782702
      vertex -2 9.252404735808355 8.075
    endloop
  endfacet
  facet normal -1 0 0
    outer loop
      vertex -2 1 11
      vertex -2 9.848349570550447 8.851650429449553
      vertex -2 9.524924973907869 8.482855358782702
    endloop
  endfacet
  facet normal -1 0 0
    outer loop
      vertex -2 1 11
      vertex -2 10.217144641217297 9.175075026092133
      vertex -2 9.848349570550447 8.851650429449553
    endloop
  endfacet
  facet normal -1 0 0
    outer loop
      vertex -2 1 11
      vertex -2 10.625 9.447595264191644
      vertex -2 10.217144641217297 9.175075026092133
    endloop
  endfacet
  facet normal -1 0 0
    outer loop
      vertex -2 1 11
      vertex -2 11.064937128630913 9.664548246917326
      vertex -2 10.625 9.447595264191644
    endloop
  endfacet
  facet normal -1 0 0
    outer loop
      vertex -2 1 11
      vertex -2 11.529428580865547 9.822221848584007
      vertex -2 11.064937128630913 9.664548246917326
    endloop
  endfacet
  facet normal -1 0 0
    outer loop
      vertex -2 1 11
      vertex -2 12.010526779174807 9.91791823015179
      vertex -2 11.529428580865547 9.822221848584007
    endloop
  endfacet
  facet normal -1 0 0
    outer loop
      vertex -2 1 11
      vertex -2 12.5 9.95
      vertex -2 12.010526779174807 9.91791823015179
    endloop
  endfacet
  facet normal 0 0 1
    outer loop
      vertex -0.826284287026162 -1.3800600208737057 11
      vertex -0.5 -1.598076211353316 11
      vertex 0.22354286469243778 -1.897777478867205 11
    endloop
  endfacet
  facet normal 0 0 1
    outer loop
      vertex -0.5 -1.598076211353316 11
      vertex -0.1480502970952693 -1.77163859753386 11
      vertex 0.22354286469243778 -1.897777478867205 11
    endloop
  endfacet
  facet normal 0 0 1
    outer loop
      vertex -1.598076211353316 -0.5 11
      vertex -1.1213203435596428 -1.1213203435596428 11
      vertex -0.826284287026162 -1.3800600208737057 11
    endloop
  endfacet
  facet normal 0 0 1
    outer loop
      vertex -1.3800600208737057 -0.826284287026162 11
      vertex -1.1213203435596428 -1.1213203435596428 11
      vertex -1.598076211353316 -0.5 11
    endloop
  endfacet
  facet normal 0 0 1
    outer loop
      vertex -0.826284287026162 -1.3800600208737057 11
      vertex -0.8054994888781137 -0.08761843250467391 11
      vertex -0.8582332481440996 -0.008696784500184691 11
    endloop
  endfacet
  facet normal 0 0 1
    outer loop
      vertex -0.826284287026162 -1.3800600208737057 11
      vertex 1.0940749761359891 -1.3800600208737057 11
      vertex -0.8054994888781137 -0.08761843250467391 11
    endloop
  endfacet
  facet normal 0 0 1
    outer loop
      vertex -0.826284287026162 -1.3800600208737057 11
      vertex 0.22354286469243778 -1.897777478867205 11
      vertex 1 -2 11
    endloop
  endfacet
  facet normal 0 0 1
    outer loop
      vertex 0.22354286469243778 -1.897777478867205 11
      vertex 0.6084214233398453 -1.974334584121431 11
      vertex 1 -2 11
    endloop
  endfacet
  facet normal 0 0 1
    outer loop
      vertex -0.826284287026162 -1.3800600208737057 11
      vertex 1 -2 11
      vertex 1.0940749761359891 -1.3800600208737057 11
    endloop
  endfacet
  facet normal 0 0 1
    outer loop
      vertex 1.0940749761359891 -1.3800600208737057 11
      vertex -0.1306650015305224 -0.2182366862967661 11
      vertex -0.8054994888781137 -0.08761843250467391 11
    endloop
  endfacet
  facet normal 0 0 1
    outer loop
      vertex 1.0940749761359891 -1.3800600208737057 11
      vertex 0.18264887970374702 -0.0035093896230135677 11
      vertex -0.1306650015305224 -0.2182366862967661 11
    endloop
  endfacet
  facet normal 0 0 1
    outer loop
      vertex 1.0940749761359891 -1.3800600208737057 11
      vertex 0.7422767741024751 -0.014262000471420205 11
      vertex 0.18264887970374702 -0.0035093896230135677 11
    endloop
  endfacet
  facet normal 0 0 1
    outer loop
      vertex -2 1 11
      vertex -0.826284287026162 -1.3800600208737057 11
      vertex -0.8582332481440996 -0.008696784500184691 11
    endloop
  endfacet
  facet normal 0 0 1
    outer loop
      vertex -0.8054994888781137 -0.08761843250467391 11
      vertex -0.1306650015305224 -0.2182366862967661 11
      vertex -0.7767366910193232 1.7009116213242716 11
    endloop
  endfacet
  facet normal 0 0 1
    outer loop
      vertex -2 1 11
      vertex -0.8582332481440996 -0.008696784500184691 11
      vertex -0.8987670532981302 1.7311585432950078 11
    endloop
  endfacet
  facet normal 0 0 1
    outer loop
      vertex -0.826284287026162 0.6252852317751166 11
      vertex -0.7767366910193232 1.7009116213242716 11
      vertex -0.8987670532981302 1.7311585432950078 11
    endloop
  endfacet
  facet normal 0 0 1
    outer loop
      vertex -0.1306650015305224 -0.2182366862967661 11
      vertex 0 2.783174008820848 11
      vertex -0.7767366910193232 1.7009116213242716 11
    endloop
  endfacet
  facet normal -1 0 0
    outer loop
      vertex -2 32.8 11
      vertex -2 20.964548246917325 4.764937128630914
      vertex -2 21.122221848584005 5.229428580865547
    endloop
  endfacet
  facet normal 0 0 1
    outer loop
      vertex -2 1 11
      vertex -0.8987670532981302 1.7311585432950078 11
      vertex -2 32.8 11
    endloop
  endfacet
  facet normal -1 0 0
    outer loop
      vertex -2 1 11
      vertex -2 32.8 11
      vertex -2 12.5 9.95
    endloop
  endfacet
  facet normal -1 0 0
    outer loop
      vertex -2 32.8 11
      vertex -2 21.122221848584005 7.170571419134453
      vertex -2 20.964548246917325 7.635062871369087
    endloop
  endfacet
  facet normal -1 0 0
    outer loop
      vertex -2 32.8 11
      vertex -2 20.964548246917325 7.635062871369087
      vertex -2 20.747595264191645 8.075
    endloop
  endfacet
  facet normal -1 0 0
    outer loop
      vertex -2 32.8 11
      vertex -2 20.747595264191645 8.075
      vertex -2 20.47507502609213 8.482855358782702
    endloop
  endfacet
  facet normal -1 0 0
    outer loop
      vertex -2 32.8 11
      vertex -2 17.5 9.95
      vertex -2 12.5 9.95
    endloop
  endfacet
  facet normal -1 0 0
    outer loop
      vertex -2 32.8 11
      vertex -2 20.47507502609213 8.482855358782702
      vertex -2 20.151650429449553 8.851650429449553
    endloop
  endfacet
  facet normal -1 0 0
    outer loop
      vertex -2 32.8 11
      vertex -2 20.151650429449553 8.851650429449553
      vertex -2 19.782855358782705 9.175075026092133
    endloop
  endfacet
  facet normal -1 0 0
    outer loop
      vertex -2 32.8 11
      vertex -2 19.782855358782705 9.175075026092133
      vertex -2 19.375 9.447595264191644
    endloop
  endfacet
  facet normal -1 0 0
    outer loop
      vertex -2 32.8 11
      vertex -2 19.375 9.447595264191644
      vertex -2 18.935062871369087 9.664548246917326
    endloop
  endfacet
  facet normal -1 0 0
    outer loop
      vertex -2 32.8 11
      vertex -2 18.935062871369087 9.664548246917326
      vertex -2 18.47057141913445 9.822221848584007
    endloop
  endfacet
  facet normal -1 0 0
    outer loop
      vertex -2 32.8 11
      vertex -2 17.989473220825193 9.91791823015179
      vertex -2 17.5 9.95
    endloop
  endfacet
  facet normal -1 0 0
    outer loop
      vertex -2 32.8 11
      vertex -2 18.47057141913445 9.822221848584007
      vertex -2 17.989473220825193 9.91791823015179
    endloop
  endfacet
  facet normal 0 0 1
    outer loop
      vertex -0.8987670532981302 1.7311585432950078 11
      vertex -0.7767366910193232 1.7009116213242716 11
      vertex -2 32.8 11
    endloop
  endfacet
  facet normal 0 0 1
    outer loop
      vertex -0.7767366910193232 1.7009116213242716 11
      vertex 0 2.783174008820848 11
      vertex -2 32.8 11
    endloop
  endfacet
  facet normal 0 0 1
    outer loop
      vertex 0 2.783174008820848 11
      vertex 0 4.8640442537657105 11
      vertex -2 32.8 11
    endloop
  endfacet
  facet normal 0 0 1
    outer loop
      vertex 0 4.8640442537657105 11
      vertex 0 32.8 11
      vertex -2 32.8 11
    endloop
  endfacet
  facet normal 0 0 1
    outer loop
      vertex 1 -2 11
      vertex 68.53884632391433 -1.4088348499184062 11
      vertex 1.0940749761359891 -1.3800600208737057 11
    endloop
  endfacet
  facet normal 0 0 1
    outer loop
      vertex 1.0940749761359891 -1.3800600208737057 11
      vertex 68.53884632391433 -1.4088348499184062 11
      vertex 2.9058606676388634 -1.3800600208737057 11
    endloop
  endfacet
  facet normal 0 0 1
    outer loop
      vertex 2.9058606676388634 -1.3800600208737057 11
      vertex 68.09407497613599 -1.3800600208737057 11
      vertex 3.1118431559136424 -0.05979051225237322 11
    endloop
  endfacet
  facet normal 0 0 1
    outer loop
      vertex 3.1118431559136424 -0.05979051225237322 11
      vertex 68.09407497613599 -1.3800600208737057 11
      vertex 4.802389783856092 -0.09227243496082167 11
    endloop
  endfacet
  facet normal 0 0 1
    outer loop
      vertex 4.802389783856092 -0.09227243496082167 11
      vertex 66.13595574623429 0 11
      vertex 4.8640442537657105 0 11
    endloop
  endfacet
  facet normal -1 0 0
    outer loop
      vertex -2 25 -2
      vertex -2 25 1
      vertex -2 49 -2
    endloop
  endfacet
  facet normal 0 0 -1
    outer loop
      vertex -0.826284287026162 -1.3800600208737057 -2
      vertex -2 49 -2
      vertex 1 52 -2
    endloop
  endfacet
  facet normal -1 0 0
    outer loop
      vertex -2 25 1
      vertex -2 32.8 3.5
      vertex -2 43.199999999999996 3.5
    endloop
  endfacet
  facet normal -1 0 0
    outer loop
      vertex -2 25 1
      vertex -2 43.199999999999996 3.5
      vertex -2 49 -2
    endloop
  endfacet
  facet normal 0 0 -1
    outer loop
      vertex -2 49 -2
      vertex -1.974334584121431 49.39157857666015 -2
      vertex -1.897777478867205 49.77645713530756 -2
    endloop
  endfacet
  facet normal 0 0 -1
    outer loop
      vertex -2 49 -2
      vertex -1.897777478867205 49.77645713530756 -2
      vertex -1.77163859753386 50.14805029709527 -2
    endloop
  endfacet
  facet normal 0 0 -1
    outer loop
      vertex -2 49 -2
      vertex -1.77163859753386 50.14805029709527 -2
      vertex -1.1213203435596428 51.121320343559645 -2
    endloop
  endfacet
  facet normal 0 0 -1
    outer loop
      vertex -1.77163859753386 50.14805029709527 -2
      vertex -1.598076211353316 50.5 -2
      vertex -1.1213203435596428 51.121320343559645 -2
    endloop
  endfacet
  facet normal 0 0 -1
    outer loop
      vertex -1.598076211353316 50.5 -2
      vertex -1.3800600208737057 50.82628428702616 -2
      vertex -1.1213203435596428 51.121320343559645 -2
    endloop
  endfacet
  facet normal 0 0 -1
    outer loop
      vertex -2 49 -2
      vertex -1.1213203435596428 51.121320343559645 -2
      vertex 1 52 -2
    endloop
  endfacet
  facet normal 0 0 -1
    outer loop
      vertex -1.1213203435596428 51.121320343559645 -2
      vertex -0.826284287026162 51.38006002087371 -2
      vertex -0.5 51.598076211353316 -2
    endloop
  endfacet
  facet normal 0 0 -1
    outer loop
      vertex -1.1213203435596428 51.121320343559645 -2
      vertex -0.5 51.598076211353316 -2
      vertex -0.1480502970952693 51.77163859753386 -2
    endloop
  endfacet
  facet normal 0 0 -1
    outer loop
      vertex -1.1213203435596428 51.121320343559645 -2
      vertex -0.1480502970952693 51.77163859753386 -2
      vertex 1 52 -2
    endloop
  endfacet
  facet normal 0 0 -1
    outer loop
      vertex -0.1480502970952693 51.77163859753386 -2
      vertex 0.22354286469243778 51.897777478867205 -2
      vertex 1 52 -2
    endloop
  endfacet
  facet normal 0 0 -1
    outer loop
      vertex 0.22354286469243778 51.897777478867205 -2
      vertex 0.6084214233398453 51.97433458412143 -2
      vertex 1 52 -2
    endloop
  endfacet
  facet normal -0.9978589232386034 0.06540312923014409 -9.66298176806499e-20
    outer loop
      vertex -2 49 -2
      vertex -1.974334584121431 49.39157857666015 11
      vertex -1.974334584121431 49.39157857666015 -2
    endloop
  endfacet
  facet normal -0.9807852804032307 0.1950903220161271 0
    outer loop
      vertex -1.974334584121431 49.39157857666015 -2
      vertex -1.974334584121431 49.39157857666015 11
      vertex -1.897777478867205 49.77645713530756 -2
    endloop
  endfacet
  facet normal -0.9469301294951054 0.32143946530316225 0
    outer loop
      vertex -1.897777478867205 49.77645713530756 -2
      vertex -1.897777478867205 49.77645713530756 11
      vertex -1.77163859753386 50.14805029709527 -2
    endloop
  endfacet
  facet normal -0.8968727415326898 0.4422886902189983 0
    outer loop
      vertex -1.77163859753386 50.14805029709527 -2
      vertex -1.77163859753386 50.14805029709527 11
      vertex -1.598076211353316 50.5 -2
    endloop
  endfacet
  facet normal -0.8314696123025456 0.5555702330196016 3.2696218735570157e-19
    outer loop
      vertex -1.598076211353316 50.5 -2
      vertex -1.3800600208737057 50.82628428702616 11
      vertex -1.3800600208737057 50.82628428702616 -2
    endloop
  endfacet
  facet normal -1 0 0
    outer loop
      vertex -2 49 -2
      vertex -2 43.199999999999996 3.5
      vertex -2 49 11
    endloop
  endfacet
  facet normal -0.7518398074789804 0.6593458151000654 -6.60036690230044e-19
    outer loop
      vertex -1.3800600208737057 50.82628428702616 -2
      vertex -1.1213203435596428 51.121320343559645 11
      vertex -1.1213203435596428 51.121320343559645 -2
    endloop
  endfacet
  facet normal -0.659345815100066 0.7518398074789798 1.2366057325633748e-18
    outer loop
      vertex -1.1213203435596428 51.121320343559645 -2
      vertex -0.826284287026162 51.38006002087371 11
      vertex -0.826284287026162 51.38006002087371 -2
    endloop
  endfacet
  facet normal -0.5555702330196003 0.8314696123025466 0
    outer loop
      vertex -0.826284287026162 51.38006002087371 -2
      vertex -0.826284287026162 51.38006002087371 11
      vertex -0.5 51.598076211353316 -2
    endloop
  endfacet
  facet normal -0.44228869021899686 0.8968727415326905 1.5712338902241259e-19
    outer loop
      vertex -0.5 51.598076211353316 -2
      vertex -0.1480502970952693 51.77163859753386 11
      vertex -0.1480502970952693 51.77163859753386 -2
    endloop
  endfacet
  facet normal -0.32143946530316664 0.946930129495104 -4.614835993306939e-19
    outer loop
      vertex -0.1480502970952693 51.77163859753386 -2
      vertex 0.22354286469243778 51.897777478867205 11
      vertex 0.22354286469243778 51.897777478867205 -2
    endloop
  endfacet
  facet normal -0.19509032201612295 0.9807852804032315 9.247683438173135e-20
    outer loop
      vertex 0.22354286469243778 51.897777478867205 -2
      vertex 0.6084214233398453 51.97433458412143 11
      vertex 0.6084214233398453 51.97433458412143 -2
    endloop
  endfacet
  facet normal -0.06540312923014807 0.997858923238603 0
    outer loop
      vertex 0.6084214233398453 51.97433458412143 -2
      vertex 0.6084214233398453 51.97433458412143 11
      vertex 1 52 -2
    endloop
  endfacet
  facet normal 0 1 0
    outer loop
      vertex 1 52 -2
      vertex 1 52 11
      vertex 70 52 -2
    endloop
  endfacet
  facet normal -1 0 0
    outer loop
      vertex -2 25 1
      vertex -2 20.964548246917325 4.764937128630914
      vertex -2 32.8 11
    endloop
  endfacet
  facet normal -1 0 0
    outer loop
      vertex -2 25 1
      vertex -2 32.8 11
      vertex -2 32.8 3.5
    endloop
  endfacet
  facet normal -1 0 0
    outer loop
      vertex -2 32.8 11
      vertex -2 21.122221848584005 5.229428580865547
      vertex -2 21.21791823015179 5.710526779174807
    endloop
  endfacet
  facet normal -1 0 0
    outer loop
      vertex -2 32.8 11
      vertex -2 21.21791823015179 5.710526779174807
      vertex -2 21.25 6.2
    endloop
  endfacet
  facet normal -1 0 0
    outer loop
      vertex -2 32.8 11
      vertex -2 21.25 6.2
      vertex -2 21.21791823015179 6.689473220825193
    endloop
  endfacet
  facet normal -1 0 0
    outer loop
      vertex -2 32.8 11
      vertex -2 21.21791823015179 6.689473220825193
      vertex -2 21.122221848584005 7.170571419134453
    endloop
  endfacet
  facet normal -0.9978589232386034 0.06540312923014409 0
    outer loop
      vertex -2 49 -2
      vertex -2 49 11
      vertex -1.974334584121431 49.39157857666015 11
    endloop
  endfacet
  facet normal -0.9807852804032307 0.1950903220161271 0
    outer loop
      vertex -1.897777478867205 49.77645713530756 -2
      vertex -1.974334584121431 49.39157857666015 11
      vertex -1.897777478867205 49.77645713530756 11
    endloop
  endfacet
  facet normal -0.9469301294951054 0.32143946530316225 0
    outer loop
      vertex -1.77163859753386 50.14805029709527 -2
      vertex -1.897777478867205 49.77645713530756 11
      vertex -1.77163859753386 50.14805029709527 11
    endloop
  endfacet
  facet normal -0.8968727415326898 0.4422886902189983 0
    outer loop
      vertex -1.598076211353316 50.5 -2
      vertex -1.77163859753386 50.14805029709527 11
      vertex -1.598076211353316 50.5 11
    endloop
  endfacet
  facet normal -0.8314696123025456 0.5555702330196016 0
    outer loop
      vertex -1.598076211353316 50.5 -2
      vertex -1.598076211353316 50.5 11
      vertex -1.3800600208737057 50.82628428702616 11
    endloop
  endfacet
  facet normal -0.7518398074789804 0.6593458151000654 0
    outer loop
      vertex -1.3800600208737057 50.82628428702616 -2
      vertex -1.3800600208737057 50.82628428702616 11
      vertex -1.1213203435596428 51.121320343559645 11
    endloop
  endfacet
  facet normal -0.659345815100066 0.7518398074789798 0
    outer loop
      vertex -1.1213203435596428 51.121320343559645 -2
      vertex -1.1213203435596428 51.121320343559645 11
      vertex -0.826284287026162 51.38006002087371 11
    endloop
  endfacet
  facet normal -0.5555702330196003 0.8314696123025466 0
    outer loop
      vertex -0.5 51.598076211353316 -2
      vertex -0.826284287026162 51.38006002087371 11
      vertex -0.5 51.598076211353316 11
    endloop
  endfacet
  facet normal -0.44228869021899686 0.8968727415326905 0
    outer loop
      vertex -0.5 51.598076211353316 -2
      vertex -0.5 51.598076211353316 11
      vertex -0.1480502970952693 51.77163859753386 11
    endloop
  endfacet
  facet normal -0.32143946530316664 0.946930129495104 0
    outer loop
      vertex -0.1480502970952693 51.77163859753386 -2
      vertex -0.1480502970952693 51.77163859753386 11
      vertex 0.22354286469243778 51.897777478867205 11
    endloop
  endfacet
  facet normal -0.19509032201612295 0.9807852804032315 0
    outer loop
      vertex 0.22354286469243778 51.897777478867205 -2
      vertex 0.22354286469243778 51.897777478867205 11
      vertex 0.6084214233398453 51.97433458412143 11
    endloop
  endfacet
  facet normal -0.06540312923014807 0.997858923238603 0
    outer loop
      vertex 1 52 -2
      vertex 0.6084214233398453 51.97433458412143 11
      vertex 1 52 11
    endloop
  endfacet
  facet normal -1 0 0
    outer loop
      vertex -2 49 11
      vertex -2 43.199999999999996 3.5
      vertex -2 43.199999999999996 11
    endloop
  endfacet
  facet normal 0 0 1
    outer loop
      vertex -2 49 11
      vertex -2 43.199999999999996 11
      vertex -0.826284287026162 51.38006002087371 11
    endloop
  endfacet
  facet normal 0 0 1
    outer loop
      vertex -2 49 11
      vertex -1.897777478867205 49.77645713530756 11
      vertex -1.974334584121431 49.39157857666015 11
    endloop
  endfacet
  facet normal 0 0 1
    outer loop
      vertex -2 49 11
      vertex -1.77163859753386 50.14805029709527 11
      vertex -1.897777478867205 49.77645713530756 11
    endloop
  endfacet
  facet normal 0 0 1
    outer loop
      vertex -2 49 11
      vertex -0.826284287026162 51.38006002087371 11
      vertex -1.77163859753386 50.14805029709527 11
    endloop
  endfacet
  facet normal 0 0 1
    outer loop
      vertex -1.77163859753386 50.14805029709527 11
      vertex -1.3800600208737057 50.82628428702616 11
      vertex -1.598076211353316 50.5 11
    endloop
  endfacet
  facet normal 0 0 1
    outer loop
      vertex -0.07739102148437368 45.1876667735569 11
      vertex -2 43.199999999999996 11
      vertex 0 43.199999999999996 11
    endloop
  endfacet
  facet normal 0 0 1
    outer loop
      vertex -0.07739102148437368 45.1876667735569 11
      vertex 0 43.199999999999996 11
      vertex 0 45.13595574623429 11
    endloop
  endfacet
  facet normal 0 0 1
    outer loop
      vertex -0.07739102148437368 45.1876667735569 11
      vertex -0.015713325571335025 49.02291302925725 11
      vertex -2 43.199999999999996 11
    endloop
  endfacet
  facet normal 0 0 1
    outer loop
      vertex -0.015713325571335025 49.02291302925725 11
      vertex -0.826284287026162 51.38006002087371 11
      vertex -2 43.199999999999996 11
    endloop
  endfacet
  facet normal 0 0 1
    outer loop
      vertex -0.1306650015305224 50.21823668629677 11
      vertex -0.826284287026162 51.38006002087371 11
      vertex -0.015713325571335025 49.02291302925725 11
    endloop
  endfacet
  facet normal 0 0 1
    outer loop
      vertex -1.77163859753386 50.14805029709527 11
      vertex -0.826284287026162 51.38006002087371 11
      vertex -1.3800600208737057 50.82628428702616 11
    endloop
  endfacet
  facet normal 0 0 1
    outer loop
      vertex -1.3800600208737057 50.82628428702616 11
      vertex -0.826284287026162 51.38006002087371 11
      vertex -1.1213203435596428 51.121320343559645 11
    endloop
  endfacet
  facet normal 0 0 1
    outer loop
      vertex -0.826284287026162 51.38006002087371 11
      vertex -0.1480502970952693 51.77163859753386 11
      vertex -0.5 51.598076211353316 11
    endloop
  endfacet
  facet normal 0 0 1
    outer loop
      vertex -0.08955908400307477 50.14958158260948 11
      vertex 0.9893595949222368 51.345174497301194 11
      vertex -0.1306650015305224 50.21823668629677 11
    endloop
  endfacet
  facet normal 0 0 1
    outer loop
      vertex -0.08955908400307477 50.14958158260948 11
      vertex 0.25 50 11
      vertex 0.9893595949222368 51.345174497301194 11
    endloop
  endfacet
  facet normal 0 0 1
    outer loop
      vertex -0.1306650015305224 50.21823668629677 11
      vertex 0.9893595949222368 51.345174497301194 11
      vertex -0.826284287026162 51.38006002087371 11
    endloop
  endfacet
  facet normal 0 0 1
    outer loop
      vertex 0.25 50 11
      vertex 0.8997477484618203 50 11
      vertex 0.9893595949222368 51.345174497301194 11
    endloop
  endfacet
  facet normal 0 0 1
    outer loop
      vertex -0.826284287026162 51.38006002087371 11
      vertex 0.9893595949222368 51.345174497301194 11
      vertex 1.092129033400702 51.38006002087371 11
    endloop
  endfacet
  facet normal 0 0 1
    outer loop
      vertex -0.826284287026162 51.38006002087371 11
      vertex 1 52 11
      vertex -0.1480502970952693 51.77163859753386 11
    endloop
  endfacet
  facet normal 0 0 1
    outer loop
      vertex -0.826284287026162 51.38006002087371 11
      vertex 1.092129033400702 51.38006002087371 11
      vertex 1 52 11
    endloop
  endfacet
  facet normal 0 0 1
    outer loop
      vertex -0.1480502970952693 51.77163859753386 11
      vertex 1 52 11
      vertex 0.22354286469243778 51.897777478867205 11
    endloop
  endfacet
  facet normal 0 0 1
    outer loop
      vertex 0.22354286469243778 51.897777478867205 11
      vertex 1 52 11
      vertex 0.6084214233398453 51.97433458412143 11
    endloop
  endfacet
  facet normal 0 0 1
    outer loop
      vertex 3.2567679690674205 50 11
      vertex 4.864044253765711 50 11
      vertex 66.19761021614391 50.092272434960826 11
    endloop
  endfacet
  facet normal 0 0 1
    outer loop
      vertex 1.092129033400702 51.38006002087371 11
      vertex 68.248164901817 51.41137917419804 11
      vertex 1 52 11
    endloop
  endfacet
  facet normal 0 0 1
    outer loop
      vertex 3.2567679690674205 50 11
      vertex 66.19761021614391 50.092272434960826 11
      vertex 3.131913680336725 51.30400776752823 11
    endloop
  endfacet
  facet normal 0 0 1
    outer loop
      vertex 2.907870966599298 51.38006002087371 11
      vertex 3.131913680336725 51.30400776752823 11
      vertex 66.19761021614391 50.092272434960826 11
    endloop
  endfacet
  facet normal 0 0 1
    outer loop
      vertex 1.092129033400702 51.38006002087371 11
      vertex 2.907870966599298 51.38006002087371 11
      vertex 68.248164901817 51.41137917419804 11
    endloop
  endfacet
  facet normal 0 0 -1
    outer loop
      vertex 1 -2 -2
      vertex 71.82628428702616 -1.3800600208737057 -2
      vertex 70 -2 -2
    endloop
  endfacet
  facet normal 0 0 -1
    outer loop
      vertex -0.826284287026162 -1.3800600208737057 -2
      vertex 73 1 -2
      vertex 71.82628428702616 -1.3800600208737057 -2
    endloop
  endfacet
  facet normal 0 0 -1
    outer loop
      vertex 70 -2 -2
      vertex 70.77645713530757 -1.897777478867205 -2
      vertex 70.39157857666015 -1.974334584121431 -2
    endloop
  endfacet
  facet normal 0 0 -1
    outer loop
      vertex 70 -2 -2
      vertex 71.82628428702616 -1.3800600208737057 -2
      vertex 70.77645713530757 -1.897777478867205 -2
    endloop
  endfacet
  facet normal 0 0 -1
    outer loop
      vertex 70.77645713530757 -1.897777478867205 -2
      vertex 71.5 -1.598076211353316 -2
      vertex 71.14805029709527 -1.77163859753386 -2
    endloop
  endfacet
  facet normal 0 0 -1
    outer loop
      vertex 70.77645713530757 -1.897777478867205 -2
      vertex 71.82628428702616 -1.3800600208737057 -2
      vertex 71.5 -1.598076211353316 -2
    endloop
  endfacet
  facet normal 0 0 -1
    outer loop
      vertex 71.82628428702616 -1.3800600208737057 -2
      vertex 72.59807621135332 -0.5 -2
      vertex 72.12132034355965 -1.1213203435596428 -2
    endloop
  endfacet
  facet normal 0 0 -1
    outer loop
      vertex 72.12132034355965 -1.1213203435596428 -2
      vertex 72.59807621135332 -0.5 -2
      vertex 72.3800600208737 -0.826284287026162 -2
    endloop
  endfacet
  facet normal 0 0 -1
    outer loop
      vertex 71.82628428702616 -1.3800600208737057 -2
      vertex 73 1 -2
      vertex 72.59807621135332 -0.5 -2
    endloop
  endfacet
  facet normal 0 0 -1
    outer loop
      vertex 72.59807621135332 -0.5 -2
      vertex 72.8977774788672 0.22354286469243778 -2
      vertex 72.77163859753387 -0.1480502970952693 -2
    endloop
  endfacet
  facet normal 0 0 -1
    outer loop
      vertex 72.59807621135332 -0.5 -2
      vertex 73 1 -2
      vertex 72.8977774788672 0.22354286469243778 -2
    endloop
  endfacet
  facet normal 0 0 -1
    outer loop
      vertex 72.8977774788672 0.22354286469243778 -2
      vertex 73 1 -2
      vertex 72.97433458412144 0.6084214233398453 -2
    endloop
  endfacet
  facet normal 0.06540312923014409 -0.9978589232386034 0
    outer loop
      vertex 70 -2 -2
      vertex 70.39157857666015 -1.974334584121431 -2
      vertex 70 -2 11
    endloop
  endfacet
  facet normal 0.19509032201612364 -0.9807852804032313 -1.4821894257179234e-19
    outer loop
      vertex 70.39157857666015 -1.974334584121431 -2
      vertex 70.77645713530757 -1.897777478867205 -2
      vertex 70.77645713530757 -1.897777478867205 11
    endloop
  endfacet
  facet normal 0.3214394653031678 -0.9469301294951036 0
    outer loop
      vertex 70.77645713530757 -1.897777478867205 -2
      vertex 71.14805029709527 -1.77163859753386 -2
      vertex 70.77645713530757 -1.897777478867205 11
    endloop
  endfacet
  facet normal 0.4422886902189983 -0.8968727415326898 -3.337833735444523e-19
    outer loop
      vertex 71.14805029709527 -1.77163859753386 -2
      vertex 71.5 -1.598076211353316 -2
      vertex 71.5 -1.598076211353316 11
    endloop
  endfacet
  facet normal 0.55557023301961 -0.8314696123025399 1.3490316562608872e-18
    outer loop
      vertex 71.5 -1.598076211353316 -2
      vertex 71.82628428702616 -1.3800600208737057 -2
      vertex 71.82628428702616 -1.3800600208737057 11
    endloop
  endfacet
  facet normal 0.6593458151000565 -0.7518398074789883 0
    outer loop
      vertex 71.82628428702616 -1.3800600208737057 -2
      vertex 72.12132034355965 -1.1213203435596428 -2
      vertex 71.82628428702616 -1.3800600208737057 11
    endloop
  endfacet
  facet normal 0.7518398074789888 -0.6593458151000557 0
    outer loop
      vertex 72.12132034355965 -1.1213203435596428 -2
      vertex 72.3800600208737 -0.826284287026162 -2
      vertex 72.12132034355965 -1.1213203435596428 11
    endloop
  endfacet
  facet normal 0.8314696123025381 -0.5555702330196128 -5.242357018239506e-19
    outer loop
      vertex 72.3800600208737 -0.826284287026162 -2
      vertex 72.59807621135332 -0.5 -2
      vertex 72.59807621135332 -0.5 11
    endloop
  endfacet
  facet normal 0.8968727415326833 -0.4422886902190114 0
    outer loop
      vertex 72.59807621135332 -0.5 -2
      vertex 72.77163859753387 -0.1480502970952693 -2
      vertex 72.59807621135332 -0.5 11
    endloop
  endfacet
  facet normal 0.9469301294951149 -0.32143946530313416 -4.924894188159899e-19
    outer loop
      vertex 72.77163859753387 -0.1480502970952693 -2
      vertex 72.8977774788672 0.22354286469243778 -2
      vertex 72.8977774788672 0.22354286469243778 11
    endloop
  endfacet
  facet normal 0.9807852804032245 -0.19509032201615778 0
    outer loop
      vertex 72.8977774788672 0.22354286469243778 -2
      vertex 72.97433458412144 0.6084214233398453 -2
      vertex 72.8977774788672 0.22354286469243778 11
    endloop
  endfacet
  facet normal 0.9978589232386043 -0.06540312923013004 -7.519410835653955e-20
    outer loop
      vertex 72.97433458412144 0.6084214233398453 -2
      vertex 73 1 -2
      vertex 73 1 11
    endloop
  endfacet
  facet normal 1 0 0
    outer loop
      vertex 73 1 -2
      vertex 73 49 -2
      vertex 73 1 11
    endloop
  endfacet
  facet normal 0 -1 0
    outer loop
      vertex 1 -2 11
      vertex 70 -2 -2
      vertex 70 -2 11
    endloop
  endfacet
  facet normal 0 0 1
    outer loop
      vertex 4.802389783856092 -0.09227243496082167 11
      vertex 67.74323203093257 0 11
      vertex 66.13595574623429 0 11
    endloop
  endfacet
  facet normal 0 0 1
    outer loop
      vertex 1 -2 11
      vertex 70 -2 11
      vertex 68.53884632391433 -1.4088348499184062 11
    endloop
  endfacet
  facet normal 0 0 1
    outer loop
      vertex 2.9058606676388634 -1.3800600208737057 11
      vertex 68.53884632391433 -1.4088348499184062 11
      vertex 68.09407497613599 -1.3800600208737057 11
    endloop
  endfacet
  facet normal 0 0 1
    outer loop
      vertex 4.802389783856092 -0.09227243496082167 11
      vertex 68.09407497613599 -1.3800600208737057 11
      vertex 68.08791312673495 -1.3082314885652757 11
    endloop
  endfacet
  facet normal 0 0 1
    outer loop
      vertex 4.802389783856092 -0.09227243496082167 11
      vertex 68.08791312673495 -1.3082314885652757 11
      vertex 67.74323203093257 0 11
    endloop
  endfacet
  facet normal 0.06540312923014409 -0.9978589232386034 0
    outer loop
      vertex 70.39157857666015 -1.974334584121431 -2
      vertex 70.39157857666015 -1.974334584121431 11
      vertex 70 -2 11
    endloop
  endfacet
  facet normal 0.19509032201612364 -0.9807852804032313 0
    outer loop
      vertex 70.39157857666015 -1.974334584121431 -2
      vertex 70.77645713530757 -1.897777478867205 11
      vertex 70.39157857666015 -1.974334584121431 11
    endloop
  endfacet
  facet normal 0.3214394653031678 -0.9469301294951036 0
    outer loop
      vertex 71.14805029709527 -1.77163859753386 -2
      vertex 71.14805029709527 -1.77163859753386 11
      vertex 70.77645713530757 -1.897777478867205 11
    endloop
  endfacet
  facet normal 0.4422886902189983 -0.8968727415326898 0
    outer loop
      vertex 71.14805029709527 -1.77163859753386 -2
      vertex 71.5 -1.598076211353316 11
      vertex 71.14805029709527 -1.77163859753386 11
    endloop
  endfacet
  facet normal 0.55557023301961 -0.8314696123025399 0
    outer loop
      vertex 71.5 -1.598076211353316 -2
      vertex 71.82628428702616 -1.3800600208737057 11
      vertex 71.5 -1.598076211353316 11
    endloop
  endfacet
  facet normal 0.6593458151000565 -0.7518398074789883 0
    outer loop
      vertex 72.12132034355965 -1.1213203435596428 -2
      vertex 72.12132034355965 -1.1213203435596428 11
      vertex 71.82628428702616 -1.3800600208737057 11
    endloop
  endfacet
  facet normal 0.7518398074789888 -0.6593458151000557 0
    outer loop
      vertex 72.3800600208737 -0.826284287026162 -2
      vertex 72.3800600208737 -0.826284287026162 11
      vertex 72.12132034355965 -1.1213203435596428 11
    endloop
  endfacet
  facet normal 0.8314696123025381 -0.5555702330196128 0
    outer loop
      vertex 72.3800600208737 -0.826284287026162 -2
      vertex 72.59807621135332 -0.5 11
      vertex 72.3800600208737 -0.826284287026162 11
    endloop
  endfacet
  facet normal 0.8968727415326833 -0.4422886902190114 0
    outer loop
      vertex 72.77163859753387 -0.1480502970952693 -2
      vertex 72.77163859753387 -0.1480502970952693 11
      vertex 72.59807621135332 -0.5 11
    endloop
  endfacet
  facet normal 0.9469301294951149 -0.32143946530313416 0
    outer loop
      vertex 72.77163859753387 -0.1480502970952693 -2
      vertex 72.8977774788672 0.22354286469243778 11
      vertex 72.77163859753387 -0.1480502970952693 11
    endloop
  endfacet
  facet normal 0.9807852804032245 -0.19509032201615778 0
    outer loop
      vertex 72.97433458412144 0.6084214233398453 -2
      vertex 72.97433458412144 0.6084214233398453 11
      vertex 72.8977774788672 0.22354286469243778 11
    endloop
  endfacet
  facet normal 0.9978589232386043 -0.06540312923013004 0
    outer loop
      vertex 72.97433458412144 0.6084214233398453 -2
      vertex 73 1 11
      vertex 72.97433458412144 0.6084214233398453 11
    endloop
  endfacet
  facet normal 0 0 1
    outer loop
      vertex 68.09407497613599 -1.3800600208737057 11
      vertex 68.53884632391433 -1.4088348499184062 11
      vertex 68.09421649106184 -1.3800600208737057 11
    endloop
  endfacet
  facet normal 0 0 1
    outer loop
      vertex 68.53884632391433 -1.4088348499184062 11
      vertex 70 -2 11
      vertex 69.45276305555622 -1.400835368860764 11
    endloop
  endfacet
  facet normal 0 0 1
    outer loop
      vertex 69.45276305555622 -1.400835368860764 11
      vertex 69.90586066763886 -1.3800600208737057 11
      vertex 69.90568435296183 -1.3800600208737057 11
    endloop
  endfacet
  facet normal 0 0 1
    outer loop
      vertex 69.90553574350119 -1.3431550312674285 11
      vertex 70.75 0 11
      vertex 70.10025225153818 0 11
    endloop
  endfacet
  facet normal 0 0 1
    outer loop
      vertex 70 -2 11
      vertex 70.39157857666015 -1.974334584121431 11
      vertex 70.77645713530757 -1.897777478867205 11
    endloop
  endfacet
  facet normal 0 0 1
    outer loop
      vertex 69.45276305555622 -1.400835368860764 11
      vertex 70 -2 11
      vertex 71.82628428702616 -1.3800600208737057 11
    endloop
  endfacet
  facet normal 0 0 1
    outer loop
      vertex 70 -2 11
      vertex 70.77645713530757 -1.897777478867205 11
      vertex 71.82628428702616 -1.3800600208737057 11
    endloop
  endfacet
  facet normal 0 0 1
    outer loop
      vertex 69.45276305555622 -1.400835368860764 11
      vertex 71.82628428702616 -1.3800600208737057 11
      vertex 69.90586066763886 -1.3800600208737057 11
    endloop
  endfacet
  facet normal 0 0 1
    outer loop
      vertex 69.90586066763886 -1.3800600208737057 11
      vertex 71.82628428702616 -1.3800600208737057 11
      vertex 69.90553574350119 -1.3431550312674285 11
    endloop
  endfacet
  facet normal 0 0 1
    outer loop
      vertex 70.77645713530757 -1.897777478867205 11
      vertex 71.14805029709527 -1.77163859753386 11
      vertex 71.5 -1.598076211353316 11
    endloop
  endfacet
  facet normal 0 0 1
    outer loop
      vertex 70.77645713530757 -1.897777478867205 11
      vertex 71.5 -1.598076211353316 11
      vertex 71.82628428702616 -1.3800600208737057 11
    endloop
  endfacet
  facet normal 0 0 1
    outer loop
      vertex 69.90553574350119 -1.3431550312674285 11
      vertex 71.82628428702616 -1.3800600208737057 11
      vertex 71.13066500153052 -0.21823668629675827 11
    endloop
  endfacet
  facet normal 0 0 1
    outer loop
      vertex 69.90553574350119 -1.3431550312674285 11
      vertex 71.08955908400307 -0.14958158260946453 11
      vertex 70.75 0 11
    endloop
  endfacet
  facet normal 0 0 1
    outer loop
      vertex 69.90553574350119 -1.3431550312674285 11
      vertex 71.13066500153052 -0.21823668629675827 11
      vertex 71.08955908400307 -0.14958158260946453 11
    endloop
  endfacet
  facet normal 0 0 1
    outer loop
      vertex 71.82628428702616 -1.3800600208737057 11
      vertex 72.12132034355965 -1.1213203435596428 11
      vertex 72.59807621135332 -0.5 11
    endloop
  endfacet
  facet normal 0 0 1
    outer loop
      vertex 72.12132034355965 -1.1213203435596428 11
      vertex 72.3800600208737 -0.826284287026162 11
      vertex 72.59807621135332 -0.5 11
    endloop
  endfacet
  facet normal 0 0 1
    outer loop
      vertex 71.82628428702616 -1.3800600208737057 11
      vertex 72.59807621135332 -0.5 11
      vertex 73 1 11
    endloop
  endfacet
  facet normal 0 0 1
    outer loop
      vertex 72.59807621135332 -0.5 11
      vertex 72.77163859753387 -0.1480502970952693 11
      vertex 72.8977774788672 0.22354286469243778 11
    endloop
  endfacet
  facet normal 0 0 1
    outer loop
      vertex 72.59807621135332 -0.5 11
      vertex 72.8977774788672 0.22354286469243778 11
      vertex 73 1 11
    endloop
  endfacet
  facet normal 0 0 1
    outer loop
      vertex 72.8977774788672 0.22354286469243778 11
      vertex 72.97433458412144 0.6084214233398453 11
      vertex 73 1 11
    endloop
  endfacet
  facet normal 0 0 1
    outer loop
      vertex 71.13066500153052 -0.21823668629675827 11
      vertex 71.07739102148437 4.812333226443096 11
      vertex 71.01571332557134 0.9770869707427008 11
    endloop
  endfacet
  facet normal 0 0 1
    outer loop
      vertex 71.82628428702616 -1.3800600208737057 11
      vertex 71.77673669101932 48.29908837867613 11
      vertex 71.13066500153052 -0.21823668629675827 11
    endloop
  endfacet
  facet normal 0 0 1
    outer loop
      vertex 71.82628428702616 -1.3800600208737057 11
      vertex 73 1 11
      vertex 71.77673669101932 48.29908837867613 11
    endloop
  endfacet
  facet normal 0 0 1
    outer loop
      vertex 71.13066500153052 -0.21823668629675827 11
      vertex 71.77673669101932 48.29908837867613 11
      vertex 71.07739102148437 4.812333226443096 11
    endloop
  endfacet
  facet normal 0 0 1
    outer loop
      vertex 71 4.864044253765708 11
      vertex 71.07739102148437 4.812333226443096 11
      vertex 71 45.135955746234295 11
    endloop
  endfacet
  facet normal 0 0 -1
    outer loop
      vertex 1 52 -2
      vertex 71.82628428702616 51.38006002087371 -2
      vertex 73 1 -2
    endloop
  endfacet
  facet normal 0 0 -1
    outer loop
      vertex 1 52 -2
      vertex 70 52 -2
      vertex 71.82628428702616 51.38006002087371 -2
    endloop
  endfacet
  facet normal 0 0 -1
    outer loop
      vertex 73 1 -2
      vertex 71.82628428702616 51.38006002087371 -2
      vertex 73 49 -2
    endloop
  endfacet
  facet normal 0 0 -1
    outer loop
      vertex 73 49 -2
      vertex 72.77163859753387 50.14805029709527 -2
      vertex 72.97433458412144 49.39157857666015 -2
    endloop
  endfacet
  facet normal 0 0 -1
    outer loop
      vertex 72.97433458412144 49.39157857666015 -2
      vertex 72.77163859753387 50.14805029709527 -2
      vertex 72.8977774788672 49.77645713530756 -2
    endloop
  endfacet
  facet normal 0 0 -1
    outer loop
      vertex 73 49 -2
      vertex 71.82628428702616 51.38006002087371 -2
      vertex 72.77163859753387 50.14805029709527 -2
    endloop
  endfacet
  facet normal 0 0 -1
    outer loop
      vertex 70 52 -2
      vertex 70.39157857666015 51.97433458412143 -2
      vertex 70.77645713530757 51.897777478867205 -2
    endloop
  endfacet
  facet normal 0 0 -1
    outer loop
      vertex 70 52 -2
      vertex 70.77645713530757 51.897777478867205 -2
      vertex 71.82628428702616 51.38006002087371 -2
    endloop
  endfacet
  facet normal 0 0 -1
    outer loop
      vertex 70.77645713530757 51.897777478867205 -2
      vertex 71.14805029709527 51.77163859753386 -2
      vertex 71.82628428702616 51.38006002087371 -2
    endloop
  endfacet
  facet normal 0 0 -1
    outer loop
      vertex 71.14805029709527 51.77163859753386 -2
      vertex 71.5 51.598076211353316 -2
      vertex 71.82628428702616 51.38006002087371 -2
    endloop
  endfacet
  facet normal 0 0 -1
    outer loop
      vertex 72.77163859753387 50.14805029709527 -2
      vertex 71.82628428702616 51.38006002087371 -2
      vertex 72.3800600208737 50.82628428702616 -2
    endloop
  endfacet
  facet normal 0 0 -1
    outer loop
      vertex 72.12132034355965 51.121320343559645 -2
      vertex 72.3800600208737 50.82628428702616 -2
      vertex 71.82628428702616 51.38006002087371 -2
    endloop
  endfacet
  facet normal 0 0 -1
    outer loop
      vertex 72.77163859753387 50.14805029709527 -2
      vertex 72.3800600208737 50.82628428702616 -2
      vertex 72.59807621135332 50.5 -2
    endloop
  endfacet
  facet normal 0.0654031292301486 0.997858923238603 0
    outer loop
      vertex 70 52 -2
      vertex 70 52 11
      vertex 70.39157857666015 51.97433458412143 -2
    endloop
  endfacet
  facet normal 0.9978589232386043 0.06540312923013057 7.261834964289692e-20
    outer loop
      vertex 73 49 -2
      vertex 72.97433458412144 49.39157857666015 -2
      vertex 72.97433458412144 49.39157857666015 11
    endloop
  endfacet
  facet normal 0.9807852804032247 0.1950903220161576 0
    outer loop
      vertex 72.97433458412144 49.39157857666015 -2
      vertex 72.8977774788672 49.77645713530756 -2
      vertex 72.97433458412144 49.39157857666015 11
    endloop
  endfacet
  facet normal 0.9469301294951151 0.3214394653031339 3.9334790055053487e-19
    outer loop
      vertex 72.8977774788672 49.77645713530756 -2
      vertex 72.77163859753387 50.14805029709527 -2
      vertex 72.77163859753387 50.14805029709527 11
    endloop
  endfacet
  facet normal 0.8968727415326844 0.4422886902190092 0
    outer loop
      vertex 72.77163859753387 50.14805029709527 -2
      vertex 72.59807621135332 50.5 -2
      vertex 72.77163859753387 50.14805029709527 11
    endloop
  endfacet
  facet normal 0.19509032201611928 0.9807852804032322 1.8754319151779945e-19
    outer loop
      vertex 70.39157857666015 51.97433458412143 -2
      vertex 70.77645713530757 51.897777478867205 11
      vertex 70.77645713530757 51.897777478867205 -2
    endloop
  endfacet
  facet normal 0.3214394653031718 0.9469301294951021 0
    outer loop
      vertex 70.77645713530757 51.897777478867205 -2
      vertex 70.77645713530757 51.897777478867205 11
      vertex 71.14805029709527 51.77163859753386 -2
    endloop
  endfacet
  facet normal 0.4422886902189947 0.8968727415326917 0
    outer loop
      vertex 71.14805029709527 51.77163859753386 -2
      vertex 71.14805029709527 51.77163859753386 11
      vertex 71.5 51.598076211353316 -2
    endloop
  endfacet
  facet normal 0.7518398074789916 0.6593458151000526 1.787393999349957e-19
    outer loop
      vertex 72.12132034355965 51.121320343559645 -2
      vertex 72.3800600208737 50.82628428702616 11
      vertex 72.3800600208737 50.82628428702616 -2
    endloop
  endfacet
  facet normal 0.8314696123025384 0.5555702330196126 -8.040069198080524e-19
    outer loop
      vertex 72.59807621135332 50.5 -2
      vertex 72.3800600208737 50.82628428702616 -2
      vertex 72.3800600208737 50.82628428702616 11
    endloop
  endfacet
  facet normal 0.6593458151000539 0.7518398074789905 -1.2716929734200974e-18
    outer loop
      vertex 72.12132034355965 51.121320343559645 -2
      vertex 71.82628428702616 51.38006002087371 -2
      vertex 71.82628428702616 51.38006002087371 11
    endloop
  endfacet
  facet normal 0.5555702330196085 0.8314696123025411 1.0508586641483018e-18
    outer loop
      vertex 71.5 51.598076211353316 -2
      vertex 71.82628428702616 51.38006002087371 11
      vertex 71.82628428702616 51.38006002087371 -2
    endloop
  endfacet
  facet normal 0 1 0
    outer loop
      vertex 1 52 11
      vertex 70 52 11
      vertex 70 52 -2
    endloop
  endfacet
  facet normal 0 0 1
    outer loop
      vertex 4.864044253765711 50 11
      vertex 66.13595574623429 50 11
      vertex 66.19761021614391 50.092272434960826 11
    endloop
  endfacet
  facet normal 0 0 1
    outer loop
      vertex 2.907870966599298 51.38006002087371 11
      vertex 66.19761021614391 50.092272434960826 11
      vertex 67.88815684408635 50.05979051225237 11
    endloop
  endfacet
  facet normal 0 0 1
    outer loop
      vertex 2.907870966599298 51.38006002087371 11
      vertex 67.88815684408635 50.05979051225237 11
      vertex 68.0921290334007 51.38006002087371 11
    endloop
  endfacet
  facet normal 0 0 1
    outer loop
      vertex 2.907870966599298 51.38006002087371 11
      vertex 68.0921290334007 51.38006002087371 11
      vertex 68.248164901817 51.41137917419804 11
    endloop
  endfacet
  facet normal 0 0 1
    outer loop
      vertex 1 52 11
      vertex 68.248164901817 51.41137917419804 11
      vertex 70 52 11
    endloop
  endfacet
  facet normal 1 0 0
    outer loop
      vertex 73 1 11
      vertex 73 49 -2
      vertex 73 49 11
    endloop
  endfacet
  facet normal 0 0 1
    outer loop
      vertex 71.07739102148437 4.812333226443096 11
      vertex 71 47.21682599117909 11
      vertex 71 45.135955746234295 11
    endloop
  endfacet
  facet normal 0 0 1
    outer loop
      vertex 73 1 11
      vertex 71.82628428702616 49.374714768225004 11
      vertex 71.77673669101932 48.29908837867613 11
    endloop
  endfacet
  facet normal 0 0 1
    outer loop
      vertex 73 1 11
      vertex 73 49 11
      vertex 71.82628428702616 49.374714768225004 11
    endloop
  endfacet
  facet normal 0 0 1
    outer loop
      vertex 71.07739102148437 4.812333226443096 11
      vertex 71.77673669101932 48.29908837867613 11
      vertex 71 47.21682599117909 11
    endloop
  endfacet
  facet normal 0.0654031292301486 0.997858923238603 0
    outer loop
      vertex 70.39157857666015 51.97433458412143 -2
      vertex 70 52 11
      vertex 70.39157857666015 51.97433458412143 11
    endloop
  endfacet
  facet normal 0.9978589232386043 0.06540312923013057 0
    outer loop
      vertex 73 49 -2
      vertex 72.97433458412144 49.39157857666015 11
      vertex 73 49 11
    endloop
  endfacet
  facet normal 0.9807852804032247 0.1950903220161576 0
    outer loop
      vertex 72.8977774788672 49.77645713530756 -2
      vertex 72.8977774788672 49.77645713530756 11
      vertex 72.97433458412144 49.39157857666015 11
    endloop
  endfacet
  facet normal 0.9469301294951151 0.3214394653031339 0
    outer loop
      vertex 72.8977774788672 49.77645713530756 -2
      vertex 72.77163859753387 50.14805029709527 11
      vertex 72.8977774788672 49.77645713530756 11
    endloop
  endfacet
  facet normal 0.19509032201611928 0.9807852804032322 0
    outer loop
      vertex 70.39157857666015 51.97433458412143 -2
      vertex 70.39157857666015 51.97433458412143 11
      vertex 70.77645713530757 51.897777478867205 11
    endloop
  endfacet
  facet normal 0.5555702330196085 0.8314696123025411 0
    outer loop
      vertex 71.5 51.598076211353316 -2
      vertex 71.5 51.598076211353316 11
      vertex 71.82628428702616 51.38006002087371 11
    endloop
  endfacet
  facet normal 0.3214394653031718 0.9469301294951021 0
    outer loop
      vertex 71.14805029709527 51.77163859753386 -2
      vertex 70.77645713530757 51.897777478867205 11
      vertex 71.14805029709527 51.77163859753386 11
    endloop
  endfacet
  facet normal 0.4422886902189947 0.8968727415326917 0
    outer loop
      vertex 71.5 51.598076211353316 -2
      vertex 71.14805029709527 51.77163859753386 11
      vertex 71.5 51.598076211353316 11
    endloop
  endfacet
  facet normal 0.7518398074789916 0.6593458151000526 0
    outer loop
      vertex 72.12132034355965 51.121320343559645 -2
      vertex 72.12132034355965 51.121320343559645 11
      vertex 72.3800600208737 50.82628428702616 11
    endloop
  endfacet
  facet normal 0.8968727415326844 0.4422886902190092 0
    outer loop
      vertex 72.59807621135332 50.5 -2
      vertex 72.59807621135332 50.5 11
      vertex 72.77163859753387 50.14805029709527 11
    endloop
  endfacet
  facet normal 0.8314696123025384 0.5555702330196126 0
    outer loop
      vertex 72.59807621135332 50.5 -2
      vertex 72.3800600208737 50.82628428702616 11
      vertex 72.59807621135332 50.5 11
    endloop
  endfacet
  facet normal 0.6593458151000539 0.7518398074789905 0
    outer loop
      vertex 72.12132034355965 51.121320343559645 -2
      vertex 71.82628428702616 51.38006002087371 11
      vertex 72.12132034355965 51.121320343559645 11
    endloop
  endfacet
  facet normal 0 0 1
    outer loop
      vertex 71 47.21682599117909 11
      vertex 71.77673669101932 48.29908837867613 11
      vertex 71.13066500153052 50.218236686296756 11
    endloop
  endfacet
  facet normal 0 0 1
    outer loop
      vertex 68.09431564703817 51.38006002087371 11
      vertex 68.248164901817 51.41137917419804 11
      vertex 68.0921290334007 51.38006002087371 11
    endloop
  endfacet
  facet normal 0 0 1
    outer loop
      vertex 70.25772322589752 50.01426200047142 11
      vertex 70.81735112029625 50.00350938962301 11
      vertex 69.90592502386401 51.38006002087371 11
    endloop
  endfacet
  facet normal 0 0 1
    outer loop
      vertex 68.248164901817 51.41137917419804 11
      vertex 69.46172261950768 51.40075694611213 11
      vertex 70 52 11
    endloop
  endfacet
  facet normal 0 0 1
    outer loop
      vertex 69.46172261950768 51.40075694611213 11
      vertex 69.90578350893816 51.38006002087371 11
      vertex 69.90592502386401 51.38006002087371 11
    endloop
  endfacet
  facet normal 0 0 1
    outer loop
      vertex 71.77673669101932 48.29908837867613 11
      vertex 71.80038851962291 49.76980783000363 11
      vertex 71.13066500153052 50.218236686296756 11
    endloop
  endfacet
  facet normal 0 0 1
    outer loop
      vertex 71.82628428702616 49.374714768225004 11
      vertex 71.82628428702616 51.38006002087371 11
      vertex 71.80038851962291 49.76980783000363 11
    endloop
  endfacet
  facet normal 0 0 1
    outer loop
      vertex 71.82628428702616 49.374714768225004 11
      vertex 73 49 11
      vertex 71.82628428702616 51.38006002087371 11
    endloop
  endfacet
  facet normal 0 0 1
    outer loop
      vertex 72.97433458412144 49.39157857666015 11
      vertex 72.8977774788672 49.77645713530756 11
      vertex 72.77163859753387 50.14805029709527 11
    endloop
  endfacet
  facet normal 0 0 1
    outer loop
      vertex 73 49 11
      vertex 72.97433458412144 49.39157857666015 11
      vertex 71.82628428702616 51.38006002087371 11
    endloop
  endfacet
  facet normal 0 0 1
    outer loop
      vertex 72.97433458412144 49.39157857666015 11
      vertex 72.77163859753387 50.14805029709527 11
      vertex 72.3800600208737 50.82628428702616 11
    endloop
  endfacet
  facet normal 0 0 1
    outer loop
      vertex 69.90592502386401 51.38006002087371 11
      vertex 70.81735112029625 50.00350938962301 11
      vertex 71.13066500153052 50.218236686296756 11
    endloop
  endfacet
  facet normal 0 0 1
    outer loop
      vertex 69.90592502386401 51.38006002087371 11
      vertex 71.13066500153052 50.218236686296756 11
      vertex 71.82628428702616 51.38006002087371 11
    endloop
  endfacet
  facet normal 0 0 1
    outer loop
      vertex 71.13066500153052 50.218236686296756 11
      vertex 71.80038851962291 49.76980783000363 11
      vertex 71.82628428702616 51.38006002087371 11
    endloop
  endfacet
  facet normal 0 0 1
    outer loop
      vertex 69.46172261950768 51.40075694611213 11
      vertex 69.90592502386401 51.38006002087371 11
      vertex 71.82628428702616 51.38006002087371 11
    endloop
  endfacet
  facet normal 0 0 1
    outer loop
      vertex 69.46172261950768 51.40075694611213 11
      vertex 71.82628428702616 51.38006002087371 11
      vertex 70 52 11
    endloop
  endfacet
  facet normal 0 0 1
    outer loop
      vertex 70 52 11
      vertex 70.77645713530757 51.897777478867205 11
      vertex 70.39157857666015 51.97433458412143 11
    endloop
  endfacet
  facet normal 0 0 1
    outer loop
      vertex 70 52 11
      vertex 71.82628428702616 51.38006002087371 11
      vertex 70.77645713530757 51.897777478867205 11
    endloop
  endfacet
  facet normal 0 0 1
    outer loop
      vertex 70.77645713530757 51.897777478867205 11
      vertex 71.82628428702616 51.38006002087371 11
      vertex 71.14805029709527 51.77163859753386 11
    endloop
  endfacet
  facet normal 0 0 1
    outer loop
      vertex 71.14805029709527 51.77163859753386 11
      vertex 71.82628428702616 51.38006002087371 11
      vertex 71.5 51.598076211353316 11
    endloop
  endfacet
  facet normal 0 0 1
    outer loop
      vertex 72.12132034355965 51.121320343559645 11
      vertex 71.82628428702616 51.38006002087371 11
      vertex 72.3800600208737 50.82628428702616 11
    endloop
  endfacet
  facet normal 0 0 1
    outer loop
      vertex 72.77163859753387 50.14805029709527 11
      vertex 72.59807621135332 50.5 11
      vertex 72.3800600208737 50.82628428702616 11
    endloop
  endfacet
  facet normal 0 0 1
    outer loop
      vertex 72.97433458412144 49.39157857666015 11
      vertex 72.3800600208737 50.82628428702616 11
      vertex 71.82628428702616 51.38006002087371 11
    endloop
  endfacet
  facet normal 0 0 1
    outer loop
      vertex 0 4.8640442537657105 0
      vertex 0.25 5.031088913245535 0
      vertex 2 8 0
    endloop
  endfacet
  facet normal 0 0 1
    outer loop
      vertex 0.25 5.031088913245535 0
      vertex 0.6606079867221857 5.233578363789503 0
      vertex 2 8 0
    endloop
  endfacet
  facet normal 0 0 1
    outer loop
      vertex 0.6606079867221857 5.233578363789503 0
      vertex 1.0941333421411774 5.380740392011739 0
      vertex 2 8 0
    endloop
  endfacet
  facet normal 0 0 1
    outer loop
      vertex 1.0941333421411774 5.380740392011739 0
      vertex 1.5431583272298195 5.4700570148083365 0
      vertex 2 8 0
    endloop
  endfacet
  facet normal 0 0 1
    outer loop
      vertex 1.5431583272298195 5.4700570148083365 0
      vertex 2 5.5 0
      vertex 2 8 0
    endloop
  endfacet
  facet normal 0 0 1
    outer loop
      vertex 2 5.5 0
      vertex 2.4568416727701807 5.4700570148083365 0
      vertex 2 8 0
    endloop
  endfacet
  facet normal 0 0 1
    outer loop
      vertex 2.4568416727701807 5.4700570148083365 0
      vertex 2.9058666578588226 5.380740392011739 0
      vertex 2 8 0
    endloop
  endfacet
  facet normal 0 0 1
    outer loop
      vertex 2.9058666578588226 5.380740392011739 0
      vertex 3.3393920132778145 5.233578363789503 0
      vertex 2 8 0
    endloop
  endfacet
  facet normal 0 0 1
    outer loop
      vertex 3.75 5.031088913245535 0
      vertex 2 8 0
      vertex 3.3393920132778145 5.233578363789503 0
    endloop
  endfacet
  facet normal 0 0 1
    outer loop
      vertex 4.474873734152917 4.474873734152917 0
      vertex 19 8 0
      vertex 4.130665001530522 4.776736691019323 0
    endloop
  endfacet
  facet normal 0 0 1
    outer loop
      vertex 3.75 5.031088913245535 0
      vertex 4.130665001530522 4.776736691019323 0
      vertex 19 8 0
    endloop
  endfacet
  facet normal 0 0 1
    outer loop
      vertex 3.75 5.031088913245535 0
      vertex 19 8 0
      vertex 2 8 0
    endloop
  endfacet
  facet normal 1 0 0
    outer loop
      vertex 0 4.8640442537657105 0
      vertex 0 9.848349570550447 3.548349570550447
      vertex 0 9.524924973907869 3.917144641217298
    endloop
  endfacet
  facet normal 1 0 0
    outer loop
      vertex 0 4.8640442537657105 0
      vertex 0 9.524924973907869 3.917144641217298
      vertex 0 9.252404735808355 4.325
    endloop
  endfacet
  facet normal 1 0 0
    outer loop
      vertex 0 4.8640442537657105 0
      vertex 0 11.064937128630913 2.7354517530826747
      vertex 0 10.625 2.9524047358083556
    endloop
  endfacet
  facet normal 1 0 0
    outer loop
      vertex 0 4.8640442537657105 0
      vertex 0 10.625 2.9524047358083556
      vertex 0 10.217144641217297 3.2249249739078683
    endloop
  endfacet
  facet normal 1 0 0
    outer loop
      vertex 0 4.8640442537657105 0
      vertex 0 11.529428580865547 2.577778151415994
      vertex 0 11.064937128630913 2.7354517530826747
    endloop
  endfacet
  facet normal 1 0 0
    outer loop
      vertex 0 4.8640442537657105 0
      vertex 0 12.010526779174807 2.4820817698482114
      vertex 0 11.529428580865547 2.577778151415994
    endloop
  endfacet
  facet normal 1 0 0
    outer loop
      vertex 0 4.8640442537657105 0
      vertex 0 10.217144641217297 3.2249249739078683
      vertex 0 9.848349570550447 3.548349570550447
    endloop
  endfacet
  facet normal 1 0 0
    outer loop
      vertex 0 4.8640442537657105 0
      vertex 0 9.252404735808355 4.325
      vertex 0 9.035451753082675 4.764937128630914
    endloop
  endfacet
  facet normal 1 0 0
    outer loop
      vertex 0 4.8640442537657105 0
      vertex 0 9.035451753082675 4.764937128630914
      vertex 0 8.877778151415994 5.229428580865547
    endloop
  endfacet
  facet normal 1 0 0
    outer loop
      vertex 0 4.8640442537657105 0
      vertex 0 8.877778151415994 5.229428580865547
      vertex 0 8.782081769848212 5.710526779174807
    endloop
  endfacet
  facet normal 1 0 0
    outer loop
      vertex 0 4.8640442537657105 0
      vertex 0 8.782081769848212 5.710526779174807
      vertex 0 8.75 6.2
    endloop
  endfacet
  facet normal 1 0 0
    outer loop
      vertex 0 4.8640442537657105 0
      vertex 0 8.75 6.2
      vertex 0 8.782081769848212 6.689473220825193
    endloop
  endfacet
  facet normal 0 0 1
    outer loop
      vertex 0 4.8640442537657105 0
      vertex 2 8 0
      vertex 2 22 0
    endloop
  endfacet
  facet normal 1 0 0
    outer loop
      vertex 0 4.8640442537657105 0
      vertex 0 45.13595574623429 0
      vertex 0 12.010526779174807 2.4820817698482114
    endloop
  endfacet
  facet normal 0 0 1
    outer loop
      vertex 0 4.8640442537657105 0
      vertex 2 22 0
      vertex 0 45.13595574623429 0
    endloop
  endfacet
  facet normal 1 0 0
    outer loop
      vertex 0 45.13595574623429 0
      vertex 0 12.5 2.45
      vertex 0 12.010526779174807 2.4820817698482114
    endloop
  endfacet
  facet normal 0 0 1
    outer loop
      vertex 4.8640442537657105 0 0
      vertex 20.1 4.4 0
      vertex 5.031088913245535 0.25 0
    endloop
  endfacet
  facet normal 0 0 1
    outer loop
      vertex 5.031088913245535 0.25 0
      vertex 20.1 4.4 0
      vertex 5.233578363789503 0.6606079867221857 0
    endloop
  endfacet
  facet normal 0 0 1
    outer loop
      vertex 5.233578363789503 0.6606079867221857 0
      vertex 20.1 4.4 0
      vertex 5.380740392011739 1.0941333421411774 0
    endloop
  endfacet
  facet normal 0 0 1
    outer loop
      vertex 5.380740392011739 1.0941333421411774 0
      vertex 20.1 4.4 0
      vertex 5.4700570148083365 1.5431583272298195 0
    endloop
  endfacet
  facet normal 0 0 1
    outer loop
      vertex 5.4700570148083365 1.5431583272298195 0
      vertex 20.1 4.4 0
      vertex 5.5 2 0
    endloop
  endfacet
  facet normal 0 0 1
    outer loop
      vertex 5.5 2 0
      vertex 20.1 4.4 0
      vertex 5.4700570148083365 2.4568416727701807 0
    endloop
  endfacet
  facet normal 0 0 1
    outer loop
      vertex 5.380740392011739 2.9058666578588226 0
      vertex 19 8 0
      vertex 5.233578363789503 3.3393920132778145 0
    endloop
  endfacet
  facet normal 0 0 1
    outer loop
      vertex 5.4700570148083365 2.4568416727701807 0
      vertex 19 8 0
      vertex 5.380740392011739 2.9058666578588226 0
    endloop
  endfacet
  facet normal 0 0 1
    outer loop
      vertex 4.8640442537657105 0 0
      vertex 23.1 4.4 0
      vertex 20.1 4.4 0
    endloop
  endfacet
  facet normal 0 0 1
    outer loop
      vertex 5.233578363789503 3.3393920132778145 0
      vertex 19 8 0
      vertex 5.031088913245535 3.75 0
    endloop
  endfacet
  facet normal 0 0 1
    outer loop
      vertex 4.474873734152917 4.474873734152917 0
      vertex 4.776736691019323 4.130665001530522 0
      vertex 19 8 0
    endloop
  endfacet
  facet normal 0 0 1
    outer loop
      vertex 5.031088913245535 3.75 0
      vertex 19 8 0
      vertex 4.776736691019323 4.130665001530522 0
    endloop
  endfacet
  facet normal 0 0 1
    outer loop
      vertex 5.4700570148083365 2.4568416727701807 0
      vertex 20.1 4.4 0
      vertex 19 8 0
    endloop
  endfacet
  facet normal 0 0 1
    outer loop
      vertex 19 8 0
      vertex 20.1 4.4 0
      vertex 20.1 5.9 0
    endloop
  endfacet
  facet normal 0 0 1
    outer loop
      vertex 19 8 0
      vertex 21.6 9.1 0
      vertex 19 13.380281690140844 0
    endloop
  endfacet
  facet normal 0 0 1
    outer loop
      vertex 4.8640442537657105 0 0
      vertex 42 0 0
      vertex 23.1 4.4 0
    endloop
  endfacet
  facet normal 0 1 0
    outer loop
      vertex 4.8640442537657105 0 0
      vertex 42 0 3
      vertex 42 0 0
    endloop
  endfacet
  facet normal 0 0 1
    outer loop
      vertex 20.1 5.9 0
      vertex 21.6 5.9 0
      vertex 21.6 9.1 0
    endloop
  endfacet
  facet normal 0 0 1
    outer loop
      vertex 19 8 0
      vertex 20.1 5.9 0
      vertex 21.6 9.1 0
    endloop
  endfacet
  facet normal 0 0 1
    outer loop
      vertex 21.6 9.1 0
      vertex 23.1 9.1 0
      vertex 19 13.380281690140844 0
    endloop
  endfacet
  facet normal 0 0 1
    outer loop
      vertex 23.1 4.4 0
      vertex 42 11 0
      vertex 23.1 9.1 0
    endloop
  endfacet
  facet normal 0 0 1
    outer loop
      vertex 2 22 0
      vertex 19 22 0
      vertex 20.1 24.1 0
    endloop
  endfacet
  facet normal 0 0 1
    outer loop
      vertex 2 22 0
      vertex 20.1 24.1 0
      vertex 20.1 25.6 0
    endloop
  endfacet
  facet normal 0 0 1
    outer loop
      vertex 19 13.380281690140844 0
      vertex 21.6 20.9 0
      vertex 19 22 0
    endloop
  endfacet
  facet normal 0 0 1
    outer loop
      vertex 23.1 9.1 0
      vertex 42 19 0
      vertex 19 13.380281690140844 0
    endloop
  endfacet
  facet normal 0 0 1
    outer loop
      vertex 19 13.380281690140844 0
      vertex 42 19 0
      vertex 23.1 20.9 0
    endloop
  endfacet
  facet normal 0 0 1
    outer loop
      vertex 19 13.380281690140844 0
      vertex 23.1 20.9 0
      vertex 21.6 20.9 0
    endloop
  endfacet
  facet normal 0 0 1
    outer loop
      vertex 19 22 0
      vertex 21.6 20.9 0
      vertex 20.1 24.1 0
    endloop
  endfacet
  facet normal 0 0 1
    outer loop
      vertex 21.6 20.9 0
      vertex 21.6 24.1 0
      vertex 20.1 24.1 0
    endloop
  endfacet
  facet normal 1 0 0
    outer loop
      vertex 0 4.8640442537657105 0
      vertex 0 8.782081769848212 6.689473220825193
      vertex 0 4.8640442537657105 11
    endloop
  endfacet
  facet normal 1 0 0
    outer loop
      vertex 0 4.8640442537657105 11
      vertex 0 8.782081769848212 6.689473220825193
      vertex 0 8.877778151415994 7.170571419134453
    endloop
  endfacet
  facet normal 1 0 0
    outer loop
      vertex 0 4.8640442537657105 11
      vertex 0 8.877778151415994 7.170571419134453
      vertex 0 9.035451753082675 7.635062871369087
    endloop
  endfacet
  facet normal 1 0 0
    outer loop
      vertex 0 4.8640442537657105 11
      vertex 0 9.035451753082675 7.635062871369087
      vertex 0 9.252404735808355 8.075
    endloop
  endfacet
  facet normal 1 0 0
    outer loop
      vertex 0 4.8640442537657105 11
      vertex 0 9.252404735808355 8.075
      vertex 0 9.524924973907869 8.482855358782702
    endloop
  endfacet
  facet normal 1 0 0
    outer loop
      vertex 0 4.8640442537657105 11
      vertex 0 9.524924973907869 8.482855358782702
      vertex 0 9.848349570550447 8.851650429449553
    endloop
  endfacet
  facet normal 1 0 0
    outer loop
      vertex 0 4.8640442537657105 11
      vertex 0 9.848349570550447 8.851650429449553
      vertex 0 10.217144641217297 9.175075026092133
    endloop
  endfacet
  facet normal 1 0 0
    outer loop
      vertex 0 4.8640442537657105 11
      vertex 0 10.217144641217297 9.175075026092133
      vertex 0 10.625 9.447595264191644
    endloop
  endfacet
  facet normal 1 0 0
    outer loop
      vertex 0 4.8640442537657105 11
      vertex 0 10.625 9.447595264191644
      vertex 0 11.064937128630913 9.664548246917326
    endloop
  endfacet
  facet normal 1 0 0
    outer loop
      vertex 0 4.8640442537657105 11
      vertex 0 11.064937128630913 9.664548246917326
      vertex 0 11.529428580865547 9.822221848584007
    endloop
  endfacet
  facet normal 1 0 0
    outer loop
      vertex 0 4.8640442537657105 11
      vertex 0 11.529428580865547 9.822221848584007
      vertex 0 12.010526779174807 9.91791823015179
    endloop
  endfacet
  facet normal 1 0 0
    outer loop
      vertex 0 4.8640442537657105 11
      vertex 0 12.010526779174807 9.91791823015179
      vertex 0 12.5 9.95
    endloop
  endfacet
  facet normal 1 0 0
    outer loop
      vertex 0 4.8640442537657105 11
      vertex 0 12.5 9.95
      vertex 0 32.8 11
    endloop
  endfacet
  facet normal 1 0 0
    outer loop
      vertex 0 32.8 11
      vertex 0 20.964548246917325 7.635062871369087
      vertex 0 21.122221848584005 7.170571419134453
    endloop
  endfacet
  facet normal 1 0 0
    outer loop
      vertex 0 32.8 11
      vertex 0 20.747595264191645 8.075
      vertex 0 20.964548246917325 7.635062871369087
    endloop
  endfacet
  facet normal 1 0 0
    outer loop
      vertex 0 32.8 11
      vertex 0 20.47507502609213 8.482855358782702
      vertex 0 20.747595264191645 8.075
    endloop
  endfacet
  facet normal 1 0 0
    outer loop
      vertex 0 32.8 11
      vertex 0 12.5 9.95
      vertex 0 17.5 9.95
    endloop
  endfacet
  facet normal 1 0 0
    outer loop
      vertex 0 32.8 11
      vertex 0 20.151650429449553 8.851650429449553
      vertex 0 20.47507502609213 8.482855358782702
    endloop
  endfacet
  facet normal 1 0 0
    outer loop
      vertex 0 32.8 11
      vertex 0 19.782855358782705 9.175075026092133
      vertex 0 20.151650429449553 8.851650429449553
    endloop
  endfacet
  facet normal 1 0 0
    outer loop
      vertex 0 32.8 11
      vertex 0 19.375 9.447595264191644
      vertex 0 19.782855358782705 9.175075026092133
    endloop
  endfacet
  facet normal 1 0 0
    outer loop
      vertex 0 32.8 11
      vertex 0 18.935062871369087 9.664548246917326
      vertex 0 19.375 9.447595264191644
    endloop
  endfacet
  facet normal 1 0 0
    outer loop
      vertex 0 32.8 11
      vertex 0 18.47057141913445 9.822221848584007
      vertex 0 18.935062871369087 9.664548246917326
    endloop
  endfacet
  facet normal 1 0 0
    outer loop
      vertex 0 32.8 11
      vertex 0 17.5 9.95
      vertex 0 17.989473220825193 9.91791823015179
    endloop
  endfacet
  facet normal 1 0 0
    outer loop
      vertex 0 32.8 11
      vertex 0 17.989473220825193 9.91791823015179
      vertex 0 18.47057141913445 9.822221848584007
    endloop
  endfacet
  facet normal 0 1 0
    outer loop
      vertex 4.8640442537657105 0 0
      vertex 4.8640442537657105 0 11
      vertex 42 0 3
    endloop
  endfacet
  facet normal 0 1 0
    outer loop
      vertex 4.8640442537657105 0 11
      vertex 43.2 0 3
      vertex 42 0 3
    endloop
  endfacet
  facet normal 0 0 1
    outer loop
      vertex 2 22 0
      vertex 9.25 33 0
      vertex 8 33 0
    endloop
  endfacet
  facet normal 0 0 1
    outer loop
      vertex 2 22 0
      vertex 12.75 33 0
      vertex 9.25 33 0
    endloop
  endfacet
  facet normal 0 0 1
    outer loop
      vertex 2 22 0
      vertex 8 33 0
      vertex 1.5431583272298195 44.52994298519167 0
    endloop
  endfacet
  facet normal 0 0 1
    outer loop
      vertex 2 22 0
      vertex 1.0941333421411774 44.61925960798826 0
      vertex 0.6606079867221857 44.766421636210495 0
    endloop
  endfacet
  facet normal 0 0 1
    outer loop
      vertex 2 22 0
      vertex 0.25 44.96891108675447 0
      vertex 0 45.13595574623429 0
    endloop
  endfacet
  facet normal 0 0 1
    outer loop
      vertex 2 22 0
      vertex 0.6606079867221857 44.766421636210495 0
      vertex 0.25 44.96891108675447 0
    endloop
  endfacet
  facet normal 0 0 1
    outer loop
      vertex 2 22 0
      vertex 1.5431583272298195 44.52994298519167 0
      vertex 1.0941333421411774 44.61925960798826 0
    endloop
  endfacet
  facet normal 1 0 0
    outer loop
      vertex 0 45.13595574623429 0
      vertex 0 17.5 2.45
      vertex 0 12.5 2.45
    endloop
  endfacet
  facet normal 1 0 0
    outer loop
      vertex 0 45.13595574623429 0
      vertex 0 17.989473220825193 2.4820817698482114
      vertex 0 17.5 2.45
    endloop
  endfacet
  facet normal 1 0 0
    outer loop
      vertex 0 45.13595574623429 0
      vertex 0 18.47057141913445 2.577778151415994
      vertex 0 17.989473220825193 2.4820817698482114
    endloop
  endfacet
  facet normal 1 0 0
    outer loop
      vertex 0 45.13595574623429 0
      vertex 0 18.935062871369087 2.7354517530826747
      vertex 0 18.47057141913445 2.577778151415994
    endloop
  endfacet
  facet normal 1 0 0
    outer loop
      vertex 0 45.13595574623429 0
      vertex 0 19.375 2.9524047358083556
      vertex 0 18.935062871369087 2.7354517530826747
    endloop
  endfacet
  facet normal 1 0 0
    outer loop
      vertex 0 45.13595574623429 0
      vertex 0 19.782855358782705 3.2249249739078683
      vertex 0 19.375 2.9524047358083556
    endloop
  endfacet
  facet normal 1 0 0
    outer loop
      vertex 0 45.13595574623429 0
      vertex 0 20.151650429449553 3.548349570550447
      vertex 0 19.782855358782705 3.2249249739078683
    endloop
  endfacet
  facet normal 1 0 0
    outer loop
      vertex 0 45.13595574623429 0
      vertex 0 20.47507502609213 3.917144641217298
      vertex 0 20.151650429449553 3.548349570550447
    endloop
  endfacet
  facet normal 1 0 0
    outer loop
      vertex 0 45.13595574623429 0
      vertex 0 20.747595264191645 4.325
      vertex 0 20.47507502609213 3.917144641217298
    endloop
  endfacet
  facet normal 1 0 0
    outer loop
      vertex 0 45.13595574623429 0
      vertex 0 20.964548246917325 4.764937128630914
      vertex 0 20.747595264191645 4.325
    endloop
  endfacet
  facet normal 1 0 0
    outer loop
      vertex 0 45.13595574623429 0
      vertex 0 21.122221848584005 5.229428580865547
      vertex 0 20.964548246917325 4.764937128630914
    endloop
  endfacet
  facet normal 1 0 0
    outer loop
      vertex 0 45.13595574623429 0
      vertex 0 21.21791823015179 5.710526779174807
      vertex 0 21.122221848584005 5.229428580865547
    endloop
  endfacet
  facet normal 1 0 0
    outer loop
      vertex 0 45.13595574623429 0
      vertex 0 21.25 6.2
      vertex 0 21.21791823015179 5.710526779174807
    endloop
  endfacet
  facet normal 1 0 0
    outer loop
      vertex 0 45.13595574623429 0
      vertex 0 32.8 3.5
      vertex 0 21.25 6.2
    endloop
  endfacet
  facet normal 0 0 1
    outer loop
      vertex 8 33 0
      vertex 2 44.5 0
      vertex 1.5431583272298195 44.52994298519167 0
    endloop
  endfacet
  facet normal 0 0 1
    outer loop
      vertex 8 33 0
      vertex 2.4568416727701807 44.52994298519167 0
      vertex 2 44.5 0
    endloop
  endfacet
  facet normal 0 0 1
    outer loop
      vertex 8 33 0
      vertex 2.9058666578588226 44.61925960798826 0
      vertex 2.4568416727701807 44.52994298519167 0
    endloop
  endfacet
  facet normal 0 0 1
    outer loop
      vertex 8 33 0
      vertex 3.3393920132778145 44.766421636210495 0
      vertex 2.9058666578588226 44.61925960798826 0
    endloop
  endfacet
  facet normal 0 0 1
    outer loop
      vertex 8 33 0
      vertex 3.75 44.96891108675447 0
      vertex 3.3393920132778145 44.766421636210495 0
    endloop
  endfacet
  facet normal 0 0 1
    outer loop
      vertex 8 33 0
      vertex 8 43 0
      vertex 3.75 44.96891108675447 0
    endloop
  endfacet
  facet normal 0 0 1
    outer loop
      vertex 3.75 44.96891108675447 0
      vertex 8 43 0
      vertex 4.130665001530522 45.22326330898068 0
    endloop
  endfacet
  facet normal 0 0 1
    outer loop
      vertex 4.130665001530522 45.22326330898068 0
      vertex 8 43 0
      vertex 4.474873734152917 45.525126265847085 0
    endloop
  endfacet
  facet normal 0 0 1
    outer loop
      vertex 8 43 0
      vertex 4.776736691019323 45.869334998469476 0
      vertex 4.474873734152917 45.525126265847085 0
    endloop
  endfacet
  facet normal 0 0 1
    outer loop
      vertex 8 43 0
      vertex 5.031088913245535 46.25 0
      vertex 4.776736691019323 45.869334998469476 0
    endloop
  endfacet
  facet normal 0 0 1
    outer loop
      vertex 8 43 0
      vertex 9.25 43 0
      vertex 5.380740392011739 47.09413334214118 0
    endloop
  endfacet
  facet normal 0 0 1
    outer loop
      vertex 5.5 48 0
      vertex 9.25 43 0
      vertex 12.75 43 0
    endloop
  endfacet
  facet normal 0 0 1
    outer loop
      vertex 8 43 0
      vertex 5.233578363789503 46.660607986722184 0
      vertex 5.031088913245535 46.25 0
    endloop
  endfacet
  facet normal 0 0 1
    outer loop
      vertex 8 43 0
      vertex 5.380740392011739 47.09413334214118 0
      vertex 5.233578363789503 46.660607986722184 0
    endloop
  endfacet
  facet normal 0 0 1
    outer loop
      vertex 5.380740392011739 47.09413334214118 0
      vertex 9.25 43 0
      vertex 5.4700570148083365 47.54315832722982 0
    endloop
  endfacet
  facet normal 0 0 1
    outer loop
      vertex 5.4700570148083365 47.54315832722982 0
      vertex 9.25 43 0
      vertex 5.5 48 0
    endloop
  endfacet
  facet normal 1 0 0
    outer loop
      vertex 0 45.13595574623429 0
      vertex 0 43.199999999999996 3.5
      vertex 0 32.8 3.5
    endloop
  endfacet
  facet normal 0 0 1
    outer loop
      vertex 2 22 0
      vertex 20.1 25.6 0
      vertex 14 33 0
    endloop
  endfacet
  facet normal 0 0 1
    outer loop
      vertex 2 22 0
      vertex 14 33 0
      vertex 12.75 33 0
    endloop
  endfacet
  facet normal 0 0 1
    outer loop
      vertex 14 33 0
      vertex 20.1 25.6 0
      vertex 18 32.8 0
    endloop
  endfacet
  facet normal 0 0 1
    outer loop
      vertex 9.25 33 0
      vertex 12.75 33 0
      vertex 9.25 43 0
    endloop
  endfacet
  facet normal 0 0 1
    outer loop
      vertex 14 33 0
      vertex 18 32.8 0
      vertex 18 34 0
    endloop
  endfacet
  facet normal 0 0 1
    outer loop
      vertex 14 33 0
      vertex 18 34 0
      vertex 14 43 0
    endloop
  endfacet
  facet normal 0 0 1
    outer loop
      vertex 18 32.8 0
      vertex 20.1 25.6 0
      vertex 23.1 25.599999999999998 0
    endloop
  endfacet
  facet normal 0 0 1
    outer loop
      vertex 23.1 20.9 0
      vertex 38 32.8 0
      vertex 23.1 25.599999999999998 0
    endloop
  endfacet
  facet normal 0 0 1
    outer loop
      vertex 18 32.8 0
      vertex 23.1 25.599999999999998 0
      vertex 38 32.8 0
    endloop
  endfacet
  facet normal 0 0 1
    outer loop
      vertex 18 34 0
      vertex 38 34 0
      vertex 14 43 0
    endloop
  endfacet
  facet normal 0 0 1
    outer loop
      vertex 12.75 33 0
      vertex 12.75 43 0
      vertex 9.25 43 0
    endloop
  endfacet
  facet normal 0 0 1
    outer loop
      vertex 5.5 48 0
      vertex 12.75 43 0
      vertex 14 43 0
    endloop
  endfacet
  facet normal 0 0 1
    outer loop
      vertex 5.5 48 0
      vertex 14 43 0
      vertex 18 43.2 0
    endloop
  endfacet
  facet normal 0 0 1
    outer loop
      vertex 14 43 0
      vertex 18 42 0
      vertex 18 43.2 0
    endloop
  endfacet
  facet normal 0 0 1
    outer loop
      vertex 5.5 48 0
      vertex 18 43.2 0
      vertex 5.4700570148083365 48.45684167277018 0
    endloop
  endfacet
  facet normal 0 0 1
    outer loop
      vertex 5.4700570148083365 48.45684167277018 0
      vertex 18 43.2 0
      vertex 5.380740392011739 48.90586665785882 0
    endloop
  endfacet
  facet normal 0 0 1
    outer loop
      vertex 5.233578363789503 49.339392013277816 0
      vertex 5.380740392011739 48.90586665785882 0
      vertex 18 43.2 0
    endloop
  endfacet
  facet normal 0 0 1
    outer loop
      vertex 5.233578363789503 49.339392013277816 0
      vertex 18 43.2 0
      vertex 5.031088913245535 49.75 0
    endloop
  endfacet
  facet normal 0 0 1
    outer loop
      vertex 5.031088913245535 49.75 0
      vertex 18 43.2 0
      vertex 4.864044253765711 50 0
    endloop
  endfacet
  facet normal 0 0 1
    outer loop
      vertex 14 43 0
      vertex 38 34 0
      vertex 18 42 0
    endloop
  endfacet
  facet normal 0 0 1
    outer loop
      vertex 4.864044253765711 50 0
      vertex 18 43.2 0
      vertex 42 50 0
    endloop
  endfacet
  facet normal 0 -1 0
    outer loop
      vertex 4.864044253765711 50 0
      vertex 42 50 0
      vertex 4.864044253765711 50 11
    endloop
  endfacet
  facet normal 1 0 0
    outer loop
      vertex 0 21.25 6.2
      vertex 0 32.8 3.5
      vertex 0 32.8 11
    endloop
  endfacet
  facet normal 1 0 0
    outer loop
      vertex 0 32.8 11
      vertex 0 21.21791823015179 6.689473220825193
      vertex 0 21.25 6.2
    endloop
  endfacet
  facet normal 1 0 0
    outer loop
      vertex 0 32.8 11
      vertex 0 21.122221848584005 7.170571419134453
      vertex 0 21.21791823015179 6.689473220825193
    endloop
  endfacet
  facet normal 1 0 0
    outer loop
      vertex 0 45.13595574623429 0
      vertex 0 45.13595574623429 11
      vertex 0 43.199999999999996 3.5
    endloop
  endfacet
  facet normal 1 0 0
    outer loop
      vertex 0 45.13595574623429 11
      vertex 0 43.199999999999996 11
      vertex 0 43.199999999999996 3.5
    endloop
  endfacet
  facet normal 0 -1 0
    outer loop
      vertex 4.864044253765711 50 11
      vertex 42 50 0
      vertex 42 50 3
    endloop
  endfacet
  facet normal 0 0 1
    outer loop
      vertex 23.1 4.4 0
      vertex 42 0 0
      vertex 42 11 0
    endloop
  endfacet
  facet normal 0 0 1
    outer loop
      vertex 43.2 0 0
      vertex 65.5 2 0
      vertex 43.2 11 0
    endloop
  endfacet
  facet normal 0 0 1
    outer loop
      vertex 43.2 11 0
      vertex 66.52512626584708 4.474873734152917 0
      vertex 43.2 19 0
    endloop
  endfacet
  facet normal 0 0 1
    outer loop
      vertex 23.1 9.1 0
      vertex 42 11 0
      vertex 42 19 0
    endloop
  endfacet
  facet normal 0 0 1
    outer loop
      vertex 23.1 20.9 0
      vertex 42 19 0
      vertex 38 32.8 0
    endloop
  endfacet
  facet normal 0 0 1
    outer loop
      vertex 42 11 0
      vertex 43.2 11 0
      vertex 43.2 19 0
    endloop
  endfacet
  facet normal 0 0 1
    outer loop
      vertex 42 11 0
      vertex 43.2 19 0
      vertex 42 19 0
    endloop
  endfacet
  facet normal 0 0 1
    outer loop
      vertex 43.2 0 0
      vertex 65.96891108675446 0.25 0
      vertex 65.7664216362105 0.6606079867221857 0
    endloop
  endfacet
  facet normal 0 0 1
    outer loop
      vertex 43.2 0 0
      vertex 65.7664216362105 0.6606079867221857 0
      vertex 65.61925960798825 1.0941333421411774 0
    endloop
  endfacet
  facet normal 0 0 1
    outer loop
      vertex 43.2 0 0
      vertex 65.61925960798825 1.0941333421411774 0
      vertex 65.52994298519167 1.5431583272298195 0
    endloop
  endfacet
  facet normal 0 0 1
    outer loop
      vertex 43.2 0 0
      vertex 65.52994298519167 1.5431583272298195 0
      vertex 65.5 2 0
    endloop
  endfacet
  facet normal 0 0 1
    outer loop
      vertex 43.2 0 0
      vertex 66.13595574623429 0 0
      vertex 65.96891108675446 0.25 0
    endloop
  endfacet
  facet normal 0 0 1
    outer loop
      vertex 43.2 11 0
      vertex 65.5 2 0
      vertex 65.52994298519167 2.4568416727701807 0
    endloop
  endfacet
  facet normal 0 0 1
    outer loop
      vertex 43.2 11 0
      vertex 65.52994298519167 2.4568416727701807 0
      vertex 65.61925960798825 2.9058666578588226 0
    endloop
  endfacet
  facet normal 0 0 1
    outer loop
      vertex 43.2 11 0
      vertex 65.61925960798825 2.9058666578588226 0
      vertex 65.7664216362105 3.3393920132778145 0
    endloop
  endfacet
  facet normal 0 0 1
    outer loop
      vertex 43.2 11 0
      vertex 65.7664216362105 3.3393920132778145 0
      vertex 65.96891108675446 3.75 0
    endloop
  endfacet
  facet normal 0 0 1
    outer loop
      vertex 43.2 11 0
      vertex 65.96891108675446 3.75 0
      vertex 66.22326330898068 4.130665001530522 0
    endloop
  endfacet
  facet normal 0 0 1
    outer loop
      vertex 43.2 11 0
      vertex 66.22326330898068 4.130665001530522 0
      vertex 66.52512626584708 4.474873734152917 0
    endloop
  endfacet
  facet normal 0 0 1
    outer loop
      vertex 43.2 19 0
      vertex 66.52512626584708 4.474873734152917 0
      vertex 66.86933499846948 4.776736691019323 0
    endloop
  endfacet
  facet normal 0 0 1
    outer loop
      vertex 43.2 19 0
      vertex 66.86933499846948 4.776736691019323 0
      vertex 67.25 5.031088913245535 0
    endloop
  endfacet
  facet normal 0 1 0
    outer loop
      vertex 43.2 0 0
      vertex 66.13595574623429 0 11
      vertex 66.13595574623429 0 0
    endloop
  endfacet
  facet normal 0 0 1
    outer loop
      vertex 43.2 19 0
      vertex 67.25 5.031088913245535 0
      vertex 67.25 44.96891108675447 0
    endloop
  endfacet
  facet normal 0 0 1
    outer loop
      vertex 67.25 5.031088913245535 0
      vertex 67.66060798672218 5.233578363789503 0
      vertex 67.66060798672218 44.766421636210495 0
    endloop
  endfacet
  facet normal 0 0 1
    outer loop
      vertex 67.66060798672218 5.233578363789503 0
      vertex 68.09413334214118 5.380740392011739 0
      vertex 67.66060798672218 44.766421636210495 0
    endloop
  endfacet
  facet normal 0 0 1
    outer loop
      vertex 68.09413334214118 5.380740392011739 0
      vertex 68.54315832722982 5.4700570148083365 0
      vertex 68.09413334214118 44.61925960798826 0
    endloop
  endfacet
  facet normal 0 0 1
    outer loop
      vertex 68.54315832722982 5.4700570148083365 0
      vertex 69 5.5 0
      vertex 69 44.5 0
    endloop
  endfacet
  facet normal 0 0 1
    outer loop
      vertex 69 5.5 0
      vertex 69.45684167277018 5.4700570148083365 0
      vertex 69.45684167277018 44.52994298519167 0
    endloop
  endfacet
  facet normal 0 0 1
    outer loop
      vertex 69.45684167277018 5.4700570148083365 0
      vertex 69.90586665785882 5.380740392011739 0
      vertex 69.90586665785882 44.61925960798826 0
    endloop
  endfacet
  facet normal 0 0 1
    outer loop
      vertex 69.90586665785882 5.380740392011739 0
      vertex 70.33939201327782 5.233578363789503 0
      vertex 70.33939201327782 44.766421636210495 0
    endloop
  endfacet
  facet normal 0 0 1
    outer loop
      vertex 70.33939201327782 5.233578363789503 0
      vertex 70.75 5.031088913245535 0
      vertex 70.75 44.96891108675447 0
    endloop
  endfacet
  facet normal 0 0 1
    outer loop
      vertex 71 4.864044253765708 0
      vertex 71 45.135955746234295 0
      vertex 70.75 5.031088913245535 0
    endloop
  endfacet
  facet normal 0 1 0
    outer loop
      vertex 43.2 0 0
      vertex 43.2 0 3
      vertex 66.13595574623429 0 11
    endloop
  endfacet
  facet normal 0 1 0
    outer loop
      vertex 4.8640442537657105 0 11
      vertex 66.13595574623429 0 11
      vertex 43.2 0 3
    endloop
  endfacet
  facet normal -1 0 0
    outer loop
      vertex 71 4.864044253765708 0
      vertex 71 4.864044253765708 11
      vertex 71 45.135955746234295 11
    endloop
  endfacet
  facet normal 0 0 1
    outer loop
      vertex 42 19 0
      vertex 38 34 0
      vertex 38 32.8 0
    endloop
  endfacet
  facet normal 0 0 1
    outer loop
      vertex 42 19 0
      vertex 38 42 0
      vertex 38 34 0
    endloop
  endfacet
  facet normal 0 0 1
    outer loop
      vertex 42 19 0
      vertex 38 43.2 0
      vertex 38 42 0
    endloop
  endfacet
  facet normal 0 0 1
    outer loop
      vertex 42 19 0
      vertex 42 50 0
      vertex 38 43.2 0
    endloop
  endfacet
  facet normal 0 0 1
    outer loop
      vertex 43.2 19 0
      vertex 67.25 44.96891108675447 0
      vertex 43.2 50 0
    endloop
  endfacet
  facet normal 0 0 1
    outer loop
      vertex 18 42 0
      vertex 38 34 0
      vertex 38 42 0
    endloop
  endfacet
  facet normal 0 0 1
    outer loop
      vertex 18 43.2 0
      vertex 38 43.2 0
      vertex 42 50 0
    endloop
  endfacet
  facet normal 0 -1 0
    outer loop
      vertex 43.2 50 0
      vertex 66.13595574623429 50 0
      vertex 43.2 50 3
    endloop
  endfacet
  facet normal 0 0 1
    outer loop
      vertex 67.25 5.031088913245535 0
      vertex 67.66060798672218 44.766421636210495 0
      vertex 67.25 44.96891108675447 0
    endloop
  endfacet
  facet normal 0 0 1
    outer loop
      vertex 68.09413334214118 5.380740392011739 0
      vertex 68.09413334214118 44.61925960798826 0
      vertex 67.66060798672218 44.766421636210495 0
    endloop
  endfacet
  facet normal 0 0 1
    outer loop
      vertex 68.54315832722982 5.4700570148083365 0
      vertex 68.54315832722982 44.52994298519167 0
      vertex 68.09413334214118 44.61925960798826 0
    endloop
  endfacet
  facet normal 0 0 1
    outer loop
      vertex 68.54315832722982 5.4700570148083365 0
      vertex 69 44.5 0
      vertex 68.54315832722982 44.52994298519167 0
    endloop
  endfacet
  facet normal 0 0 1
    outer loop
      vertex 69 5.5 0
      vertex 69.45684167277018 44.52994298519167 0
      vertex 69 44.5 0
    endloop
  endfacet
  facet normal 0 0 1
    outer loop
      vertex 69.45684167277018 5.4700570148083365 0
      vertex 69.90586665785882 44.61925960798826 0
      vertex 69.45684167277018 44.52994298519167 0
    endloop
  endfacet
  facet normal 0 0 1
    outer loop
      vertex 69.90586665785882 5.380740392011739 0
      vertex 70.33939201327782 44.766421636210495 0
      vertex 69.90586665785882 44.61925960798826 0
    endloop
  endfacet
  facet normal 0 0 1
    outer loop
      vertex 70.33939201327782 5.233578363789503 0
      vertex 70.75 44.96891108675447 0
      vertex 70.33939201327782 44.766421636210495 0
    endloop
  endfacet
  facet normal 0 0 1
    outer loop
      vertex 70.75 5.031088913245535 0
      vertex 71 45.135955746234295 0
      vertex 70.75 44.96891108675447 0
    endloop
  endfacet
  facet normal -1 0 0
    outer loop
      vertex 71 4.864044253765708 0
      vertex 71 45.135955746234295 11
      vertex 71 45.135955746234295 0
    endloop
  endfacet
  facet normal 0 0 1
    outer loop
      vertex 43.2 50 0
      vertex 66.86933499846948 45.22326330898068 0
      vertex 66.52512626584708 45.525126265847085 0
    endloop
  endfacet
  facet normal 0 0 1
    outer loop
      vertex 43.2 50 0
      vertex 67.25 44.96891108675447 0
      vertex 66.86933499846948 45.22326330898068 0
    endloop
  endfacet
  facet normal 0 0 1
    outer loop
      vertex 43.2 50 0
      vertex 65.96891108675446 46.25 0
      vertex 65.7664216362105 46.660607986722184 0
    endloop
  endfacet
  facet normal 0 0 1
    outer loop
      vertex 43.2 50 0
      vertex 65.7664216362105 46.660607986722184 0
      vertex 65.61925960798825 47.09413334214118 0
    endloop
  endfacet
  facet normal 0 0 1
    outer loop
      vertex 43.2 50 0
      vertex 65.61925960798825 47.09413334214118 0
      vertex 65.52994298519167 47.54315832722982 0
    endloop
  endfacet
  facet normal 0 0 1
    outer loop
      vertex 43.2 50 0
      vertex 65.52994298519167 47.54315832722982 0
      vertex 65.5 48 0
    endloop
  endfacet
  facet normal 0 0 1
    outer loop
      vertex 43.2 50 0
      vertex 66.52512626584708 45.525126265847085 0
      vertex 66.22326330898068 45.869334998469476 0
    endloop
  endfacet
  facet normal 0 0 1
    outer loop
      vertex 43.2 50 0
      vertex 66.22326330898068 45.869334998469476 0
      vertex 65.96891108675446 46.25 0
    endloop
  endfacet
  facet normal 0 0 1
    outer loop
      vertex 43.2 50 0
      vertex 65.5 48 0
      vertex 65.52994298519167 48.45684167277018 0
    endloop
  endfacet
  facet normal 0 0 1
    outer loop
      vertex 43.2 50 0
      vertex 65.52994298519167 48.45684167277018 0
      vertex 65.61925960798825 48.90586665785882 0
    endloop
  endfacet
  facet normal 0 0 1
    outer loop
      vertex 43.2 50 0
      vertex 65.61925960798825 48.90586665785882 0
      vertex 65.7664216362105 49.339392013277816 0
    endloop
  endfacet
  facet normal 0 0 1
    outer loop
      vertex 43.2 50 0
      vertex 65.7664216362105 49.339392013277816 0
      vertex 65.96891108675446 49.75 0
    endloop
  endfacet
  facet normal 0 0 1
    outer loop
      vertex 43.2 50 0
      vertex 65.96891108675446 49.75 0
      vertex 66.13595574623429 50 0
    endloop
  endfacet
  facet normal 0 -1 0
    outer loop
      vertex 42 50 3
      vertex 43.2 50 3
      vertex 66.13595574623429 50 11
    endloop
  endfacet
  facet normal 0 -1 0
    outer loop
      vertex 4.864044253765711 50 11
      vertex 42 50 3
      vertex 66.13595574623429 50 11
    endloop
  endfacet
  facet normal 0 -1 0
    outer loop
      vertex 43.2 50 3
      vertex 66.13595574623429 50 0
      vertex 66.13595574623429 50 11
    endloop
  endfacet
  facet normal -0.5555702330196043 -0.8314696123025439 -4.905744649595752e-19
    outer loop
      vertex 66.86933499846948 45.22326330898068 0
      vertex 67.25 44.96891108675447 0
      vertex 67.25 44.96891108675447 11
    endloop
  endfacet
  facet normal -0.4422886902190092 -0.8968727415326844 0
    outer loop
      vertex 67.66060798672218 44.766421636210495 0
      vertex 67.66060798672218 44.766421636210495 11
      vertex 67.25 44.96891108675447 0
    endloop
  endfacet
  facet normal -0.32143946530315626 -0.9469301294951075 7.99364756223865e-21
    outer loop
      vertex 67.66060798672218 44.766421636210495 0
      vertex 68.09413334214118 44.61925960798826 0
      vertex 68.09413334214118 44.61925960798826 11
    endloop
  endfacet
  facet normal -0.19509032201612325 -0.9807852804032315 -1.0154697995404646e-19
    outer loop
      vertex 68.09413334214118 44.61925960798826 0
      vertex 68.54315832722982 44.52994298519167 0
      vertex 68.54315832722982 44.52994298519167 11
    endloop
  endfacet
  facet normal -0.0654031292301505 -0.9978589232386029 2.1254885930289892e-20
    outer loop
      vertex 68.54315832722982 44.52994298519167 0
      vertex 69 44.5 0
      vertex 69 44.5 11
    endloop
  endfacet
  facet normal 0.0654031292301505 -0.9978589232386029 -2.1254885930289892e-20
    outer loop
      vertex 69 44.5 0
      vertex 69.45684167277018 44.52994298519167 0
      vertex 69.45684167277018 44.52994298519167 11
    endloop
  endfacet
  facet normal 0.19509032201612325 -0.9807852804032315 1.0154697995404646e-19
    outer loop
      vertex 69.45684167277018 44.52994298519167 0
      vertex 69.90586665785882 44.61925960798826 0
      vertex 69.90586665785882 44.61925960798826 11
    endloop
  endfacet
  facet normal 0.32143946530315626 -0.9469301294951075 -7.99364756223865e-21
    outer loop
      vertex 69.90586665785882 44.61925960798826 0
      vertex 70.33939201327782 44.766421636210495 0
      vertex 70.33939201327782 44.766421636210495 11
    endloop
  endfacet
  facet normal 0.4422886902190092 -0.8968727415326844 -6.271065682018242e-19
    outer loop
      vertex 70.33939201327782 44.766421636210495 0
      vertex 70.75 44.96891108675447 0
      vertex 70.75 44.96891108675447 11
    endloop
  endfacet
  facet normal 0.5555702330196093 -0.8314696123025405 0
    outer loop
      vertex 70.75 44.96891108675447 0
      vertex 71 45.135955746234295 0
      vertex 71 45.135955746234295 11
    endloop
  endfacet
  facet normal -0.7518398074789808 -0.659345815100065 0
    outer loop
      vertex 66.22326330898068 45.869334998469476 0
      vertex 66.52512626584708 45.525126265847085 0
      vertex 66.22326330898068 45.869334998469476 11
    endloop
  endfacet
  facet normal -0.8314696123025415 -0.5555702330196077 -8.455590067307845e-19
    outer loop
      vertex 66.22326330898068 45.869334998469476 0
      vertex 65.96891108675446 46.25 11
      vertex 65.96891108675446 46.25 0
    endloop
  endfacet
  facet normal -0.8968727415326906 -0.4422886902189967 1.2644688326562934e-18
    outer loop
      vertex 65.96891108675446 46.25 0
      vertex 65.7664216362105 46.660607986722184 11
      vertex 65.7664216362105 46.660607986722184 0
    endloop
  endfacet
  facet normal -0.6593458151000584 -0.7518398074789867 0
    outer loop
      vertex 66.86933499846948 45.22326330898068 0
      vertex 66.86933499846948 45.22326330898068 11
      vertex 66.52512626584708 45.525126265847085 0
    endloop
  endfacet
  facet normal -0.9469301294951028 -0.3214394653031702 1.0449261009096573e-19
    outer loop
      vertex 65.7664216362105 46.660607986722184 0
      vertex 65.61925960798825 47.09413334214118 11
      vertex 65.61925960798825 47.09413334214118 0
    endloop
  endfacet
  facet normal -0.9807852804032344 -0.19509032201610832 -3.749328629487659e-19
    outer loop
      vertex 65.61925960798825 47.09413334214118 0
      vertex 65.52994298519167 47.54315832722982 11
      vertex 65.52994298519167 47.54315832722982 0
    endloop
  endfacet
  facet normal -0.9978589232386029 -0.0654031292301505 2.1254885930289892e-20
    outer loop
      vertex 65.52994298519167 47.54315832722982 0
      vertex 65.5 48 11
      vertex 65.5 48 0
    endloop
  endfacet
  facet normal -0.9978589232386029 0.0654031292301505 -2.1254885930289892e-20
    outer loop
      vertex 65.5 48 0
      vertex 65.52994298519167 48.45684167277018 11
      vertex 65.52994298519167 48.45684167277018 0
    endloop
  endfacet
  facet normal -0.9807852804032344 0.19509032201610832 3.749328629487659e-19
    outer loop
      vertex 65.52994298519167 48.45684167277018 0
      vertex 65.61925960798825 48.90586665785882 11
      vertex 65.61925960798825 48.90586665785882 0
    endloop
  endfacet
  facet normal -0.9469301294951028 0.3214394653031702 -1.0449261009096573e-19
    outer loop
      vertex 65.61925960798825 48.90586665785882 0
      vertex 65.7664216362105 49.339392013277816 11
      vertex 65.7664216362105 49.339392013277816 0
    endloop
  endfacet
  facet normal -0.8968727415326906 0.4422886902189967 -1.2644688326562934e-18
    outer loop
      vertex 65.7664216362105 49.339392013277816 0
      vertex 65.96891108675446 49.75 11
      vertex 65.96891108675446 49.75 0
    endloop
  endfacet
  facet normal -0.8314696123025405 0.5555702330196093 0
    outer loop
      vertex 65.96891108675446 49.75 0
      vertex 65.96891108675446 49.75 11
      vertex 66.13595574623429 50 0
    endloop
  endfacet
  facet normal -0.5555702330196043 -0.8314696123025439 0
    outer loop
      vertex 66.86933499846948 45.22326330898068 0
      vertex 67.25 44.96891108675447 11
      vertex 66.86933499846948 45.22326330898068 11
    endloop
  endfacet
  facet normal -0.4422886902190092 -0.8968727415326844 0
    outer loop
      vertex 67.25 44.96891108675447 0
      vertex 67.66060798672218 44.766421636210495 11
      vertex 67.25 44.96891108675447 11
    endloop
  endfacet
  facet normal -0.32143946530315626 -0.9469301294951075 0
    outer loop
      vertex 67.66060798672218 44.766421636210495 0
      vertex 68.09413334214118 44.61925960798826 11
      vertex 67.66060798672218 44.766421636210495 11
    endloop
  endfacet
  facet normal -0.19509032201612325 -0.9807852804032315 0
    outer loop
      vertex 68.09413334214118 44.61925960798826 0
      vertex 68.54315832722982 44.52994298519167 11
      vertex 68.09413334214118 44.61925960798826 11
    endloop
  endfacet
  facet normal -0.0654031292301505 -0.9978589232386029 0
    outer loop
      vertex 68.54315832722982 44.52994298519167 0
      vertex 69 44.5 11
      vertex 68.54315832722982 44.52994298519167 11
    endloop
  endfacet
  facet normal 0.0654031292301505 -0.9978589232386029 0
    outer loop
      vertex 69 44.5 0
      vertex 69.45684167277018 44.52994298519167 11
      vertex 69 44.5 11
    endloop
  endfacet
  facet normal 0.19509032201612325 -0.9807852804032315 0
    outer loop
      vertex 69.45684167277018 44.52994298519167 0
      vertex 69.90586665785882 44.61925960798826 11
      vertex 69.45684167277018 44.52994298519167 11
    endloop
  endfacet
  facet normal 0.32143946530315626 -0.9469301294951075 0
    outer loop
      vertex 69.90586665785882 44.61925960798826 0
      vertex 70.33939201327782 44.766421636210495 11
      vertex 69.90586665785882 44.61925960798826 11
    endloop
  endfacet
  facet normal 0.4422886902190092 -0.8968727415326844 0
    outer loop
      vertex 70.33939201327782 44.766421636210495 0
      vertex 70.75 44.96891108675447 11
      vertex 70.33939201327782 44.766421636210495 11
    endloop
  endfacet
  facet normal 0.5555702330196093 -0.8314696123025405 0
    outer loop
      vertex 70.75 44.96891108675447 0
      vertex 71 45.135955746234295 11
      vertex 70.75 44.96891108675447 11
    endloop
  endfacet
  facet normal -0.8314696123025415 -0.5555702330196077 0
    outer loop
      vertex 66.22326330898068 45.869334998469476 0
      vertex 66.22326330898068 45.869334998469476 11
      vertex 65.96891108675446 46.25 11
    endloop
  endfacet
  facet normal -0.8968727415326906 -0.4422886902189967 0
    outer loop
      vertex 65.96891108675446 46.25 0
      vertex 65.96891108675446 46.25 11
      vertex 65.7664216362105 46.660607986722184 11
    endloop
  endfacet
  facet normal -0.9469301294951028 -0.3214394653031702 0
    outer loop
      vertex 65.7664216362105 46.660607986722184 0
      vertex 65.7664216362105 46.660607986722184 11
      vertex 65.61925960798825 47.09413334214118 11
    endloop
  endfacet
  facet normal -0.6593458151000584 -0.7518398074789867 0
    outer loop
      vertex 66.52512626584708 45.525126265847085 0
      vertex 66.86933499846948 45.22326330898068 11
      vertex 66.52512626584708 45.525126265847085 11
    endloop
  endfacet
  facet normal -0.7518398074789808 -0.659345815100065 0
    outer loop
      vertex 66.52512626584708 45.525126265847085 0
      vertex 66.52512626584708 45.525126265847085 11
      vertex 66.22326330898068 45.869334998469476 11
    endloop
  endfacet
  facet normal -0.9807852804032344 -0.19509032201610832 0
    outer loop
      vertex 65.61925960798825 47.09413334214118 0
      vertex 65.61925960798825 47.09413334214118 11
      vertex 65.52994298519167 47.54315832722982 11
    endloop
  endfacet
  facet normal -0.9978589232386029 -0.0654031292301505 0
    outer loop
      vertex 65.52994298519167 47.54315832722982 0
      vertex 65.52994298519167 47.54315832722982 11
      vertex 65.5 48 11
    endloop
  endfacet
  facet normal -0.9978589232386029 0.0654031292301505 0
    outer loop
      vertex 65.5 48 0
      vertex 65.5 48 11
      vertex 65.52994298519167 48.45684167277018 11
    endloop
  endfacet
  facet normal -0.9807852804032344 0.19509032201610832 0
    outer loop
      vertex 65.52994298519167 48.45684167277018 0
      vertex 65.52994298519167 48.45684167277018 11
      vertex 65.61925960798825 48.90586665785882 11
    endloop
  endfacet
  facet normal -0.9469301294951028 0.3214394653031702 0
    outer loop
      vertex 65.61925960798825 48.90586665785882 0
      vertex 65.61925960798825 48.90586665785882 11
      vertex 65.7664216362105 49.339392013277816 11
    endloop
  endfacet
  facet normal -0.8968727415326906 0.4422886902189967 0
    outer loop
      vertex 65.7664216362105 49.339392013277816 0
      vertex 65.7664216362105 49.339392013277816 11
      vertex 65.96891108675446 49.75 11
    endloop
  endfacet
  facet normal -0.8314696123025405 0.5555702330196093 0
    outer loop
      vertex 66.13595574623429 50 0
      vertex 65.96891108675446 49.75 11
      vertex 66.13595574623429 50 11
    endloop
  endfacet
  facet normal 0 0 1
    outer loop
      vertex 66.86933499846948 45.22326330898068 11
      vertex 67.25 44.96891108675447 11
      vertex 66.19761021614391 50.092272434960826 11
    endloop
  endfacet
  facet normal 0 0 1
    outer loop
      vertex 67.66060798672218 44.766421636210495 11
      vertex 66.19761021614391 50.092272434960826 11
      vertex 67.25 44.96891108675447 11
    endloop
  endfacet
  facet normal 0 0 1
    outer loop
      vertex 65.7664216362105 46.660607986722184 11
      vertex 65.61925960798825 48.90586665785882 11
      vertex 65.61925960798825 47.09413334214118 11
    endloop
  endfacet
  facet normal 0 0 1
    outer loop
      vertex 65.61925960798825 47.09413334214118 11
      vertex 65.52994298519167 48.45684167277018 11
      vertex 65.52994298519167 47.54315832722982 11
    endloop
  endfacet
  facet normal 0 0 1
    outer loop
      vertex 66.22326330898068 45.869334998469476 11
      vertex 65.96891108675446 49.75 11
      vertex 65.96891108675446 46.25 11
    endloop
  endfacet
  facet normal 0 0 1
    outer loop
      vertex 66.22326330898068 45.869334998469476 11
      vertex 66.52512626584708 45.525126265847085 11
      vertex 66.19761021614391 50.092272434960826 11
    endloop
  endfacet
  facet normal 0 0 1
    outer loop
      vertex 65.96891108675446 46.25 11
      vertex 65.7664216362105 49.339392013277816 11
      vertex 65.7664216362105 46.660607986722184 11
    endloop
  endfacet
  facet normal 0 0 1
    outer loop
      vertex 65.52994298519167 47.54315832722982 11
      vertex 65.52994298519167 48.45684167277018 11
      vertex 65.5 48 11
    endloop
  endfacet
  facet normal 0 0 1
    outer loop
      vertex 65.61925960798825 47.09413334214118 11
      vertex 65.61925960798825 48.90586665785882 11
      vertex 65.52994298519167 48.45684167277018 11
    endloop
  endfacet
  facet normal 0 0 1
    outer loop
      vertex 65.7664216362105 46.660607986722184 11
      vertex 65.7664216362105 49.339392013277816 11
      vertex 65.61925960798825 48.90586665785882 11
    endloop
  endfacet
  facet normal 0 0 1
    outer loop
      vertex 65.96891108675446 46.25 11
      vertex 65.96891108675446 49.75 11
      vertex 65.7664216362105 49.339392013277816 11
    endloop
  endfacet
  facet normal 0 0 1
    outer loop
      vertex 66.22326330898068 45.869334998469476 11
      vertex 66.13595574623429 50 11
      vertex 65.96891108675446 49.75 11
    endloop
  endfacet
  facet normal 0 0 1
    outer loop
      vertex 66.86933499846948 45.22326330898068 11
      vertex 66.19761021614391 50.092272434960826 11
      vertex 66.52512626584708 45.525126265847085 11
    endloop
  endfacet
  facet normal 0 0 1
    outer loop
      vertex 67.66060798672218 44.766421636210495 11
      vertex 67.75 48 11
      vertex 66.19761021614391 50.092272434960826 11
    endloop
  endfacet
  facet normal 0 0 1
    outer loop
      vertex 66.22326330898068 45.869334998469476 11
      vertex 66.19761021614391 50.092272434960826 11
      vertex 66.13595574623429 50 11
    endloop
  endfacet
  facet normal 0 0 1
    outer loop
      vertex 66.19761021614391 50.092272434960826 11
      vertex 67.75 48 11
      vertex 67.76069392328273 48.16315774027507 11
    endloop
  endfacet
  facet normal 0 0 1
    outer loop
      vertex 66.19761021614391 50.092272434960826 11
      vertex 67.76069392328273 48.16315774027507 11
      vertex 67.79259271713866 48.32352380637815 11
    endloop
  endfacet
  facet normal 0 0 1
    outer loop
      vertex 66.19761021614391 50.092272434960826 11
      vertex 67.79259271713866 48.32352380637815 11
      vertex 67.8451505843609 48.47835429045636 11
    endloop
  endfacet
  facet normal 0 0 1
    outer loop
      vertex 66.19761021614391 50.092272434960826 11
      vertex 67.8451505843609 48.47835429045636 11
      vertex 67.91746824526945 48.625 11
    endloop
  endfacet
  facet normal 0 0 1
    outer loop
      vertex 66.19761021614391 50.092272434960826 11
      vertex 67.91746824526945 48.625 11
      vertex 68.00830832463596 48.760951786260904 11
    endloop
  endfacet
  facet normal 0 0 1
    outer loop
      vertex 66.19761021614391 50.092272434960826 11
      vertex 68.00830832463596 48.760951786260904 11
      vertex 68.11611652351681 48.883883476483184 11
    endloop
  endfacet
  facet normal 0 0 1
    outer loop
      vertex 66.19761021614391 50.092272434960826 11
      vertex 68.11611652351681 48.883883476483184 11
      vertex 67.88815684408635 50.05979051225237 11
    endloop
  endfacet
  facet normal 0 0 1
    outer loop
      vertex 67.66060798672218 44.766421636210495 11
      vertex 68.09413334214118 44.61925960798826 11
      vertex 67.8451505843609 47.52164570954364 11
    endloop
  endfacet
  facet normal 0 0 1
    outer loop
      vertex 68.09413334214118 44.61925960798826 11
      vertex 68.54315832722982 44.52994298519167 11
      vertex 68.375 46.917468245269454 11
    endloop
  endfacet
  facet normal 0 0 1
    outer loop
      vertex 68.54315832722982 44.52994298519167 11
      vertex 69 44.5 11
      vertex 68.83684225972493 46.76069392328274 11
    endloop
  endfacet
  facet normal 0 0 1
    outer loop
      vertex 68.54315832722982 44.52994298519167 11
      vertex 68.67647619362185 46.79259271713867 11
      vertex 68.52164570954363 46.845150584360894 11
    endloop
  endfacet
  facet normal 0 0 1
    outer loop
      vertex 68.54315832722982 44.52994298519167 11
      vertex 68.83684225972493 46.76069392328274 11
      vertex 68.67647619362185 46.79259271713867 11
    endloop
  endfacet
  facet normal 0 0 1
    outer loop
      vertex 69 44.5 11
      vertex 69 46.75 11
      vertex 68.83684225972493 46.76069392328274 11
    endloop
  endfacet
  facet normal 0 0 1
    outer loop
      vertex 68.09413334214118 44.61925960798826 11
      vertex 68.00830832463596 47.239048213739096 11
      vertex 67.91746824526945 47.375 11
    endloop
  endfacet
  facet normal 0 0 1
    outer loop
      vertex 68.09413334214118 44.61925960798826 11
      vertex 67.91746824526945 47.375 11
      vertex 67.8451505843609 47.52164570954364 11
    endloop
  endfacet
  facet normal 0 0 1
    outer loop
      vertex 68.09413334214118 44.61925960798826 11
      vertex 68.2390482137391 47.008308324635955 11
      vertex 68.11611652351681 47.116116523516816 11
    endloop
  endfacet
  facet normal 0 0 1
    outer loop
      vertex 68.09413334214118 44.61925960798826 11
      vertex 68.375 46.917468245269454 11
      vertex 68.2390482137391 47.008308324635955 11
    endloop
  endfacet
  facet normal 0 0 1
    outer loop
      vertex 68.09413334214118 44.61925960798826 11
      vertex 68.11611652351681 47.116116523516816 11
      vertex 68.00830832463596 47.239048213739096 11
    endloop
  endfacet
  facet normal 0 0 1
    outer loop
      vertex 67.66060798672218 44.766421636210495 11
      vertex 67.8451505843609 47.52164570954364 11
      vertex 67.79259271713866 47.67647619362185 11
    endloop
  endfacet
  facet normal 0 0 1
    outer loop
      vertex 67.66060798672218 44.766421636210495 11
      vertex 67.79259271713866 47.67647619362185 11
      vertex 67.76069392328273 47.83684225972493 11
    endloop
  endfacet
  facet normal 0 0 1
    outer loop
      vertex 67.66060798672218 44.766421636210495 11
      vertex 67.76069392328273 47.83684225972493 11
      vertex 67.75 48 11
    endloop
  endfacet
  facet normal 0 0 1
    outer loop
      vertex 68.54315832722982 44.52994298519167 11
      vertex 68.52164570954363 46.845150584360894 11
      vertex 68.375 46.917468245269454 11
    endloop
  endfacet
  facet normal 0 0 1
    outer loop
      vertex 69 44.5 11
      vertex 69.45684167277018 44.52994298519167 11
      vertex 69 46.75 11
    endloop
  endfacet
  facet normal 0 0 1
    outer loop
      vertex 69.45684167277018 44.52994298519167 11
      vertex 69.90586665785882 44.61925960798826 11
      vertex 69.32352380637815 46.79259271713867 11
    endloop
  endfacet
  facet normal 0 0 1
    outer loop
      vertex 69.45684167277018 44.52994298519167 11
      vertex 69.16315774027507 46.76069392328274 11
      vertex 69 46.75 11
    endloop
  endfacet
  facet normal 0 0 1
    outer loop
      vertex 69.45684167277018 44.52994298519167 11
      vertex 69.32352380637815 46.79259271713867 11
      vertex 69.16315774027507 46.76069392328274 11
    endloop
  endfacet
  facet normal 0 0 1
    outer loop
      vertex 69.90586665785882 44.61925960798826 11
      vertex 69.47835429045637 46.845150584360894 11
      vertex 69.32352380637815 46.79259271713867 11
    endloop
  endfacet
  facet normal 0 0 1
    outer loop
      vertex 69.90586665785882 44.61925960798826 11
      vertex 70.33939201327782 44.766421636210495 11
      vertex 69.88388347648319 47.116116523516816 11
    endloop
  endfacet
  facet normal 0 0 1
    outer loop
      vertex 69.90586665785882 44.61925960798826 11
      vertex 69.625 46.917468245269454 11
      vertex 69.47835429045637 46.845150584360894 11
    endloop
  endfacet
  facet normal 0 0 1
    outer loop
      vertex 69.90586665785882 44.61925960798826 11
      vertex 69.7609517862609 47.008308324635955 11
      vertex 69.625 46.917468245269454 11
    endloop
  endfacet
  facet normal 0 0 1
    outer loop
      vertex 69.90586665785882 44.61925960798826 11
      vertex 69.88388347648319 47.116116523516816 11
      vertex 69.7609517862609 47.008308324635955 11
    endloop
  endfacet
  facet normal 0 0 1
    outer loop
      vertex 70.33939201327782 44.766421636210495 11
      vertex 69.99169167536404 47.239048213739096 11
      vertex 69.88388347648319 47.116116523516816 11
    endloop
  endfacet
  facet normal 0 0 1
    outer loop
      vertex 70.33939201327782 44.766421636210495 11
      vertex 70.08253175473055 47.375 11
      vertex 69.99169167536404 47.239048213739096 11
    endloop
  endfacet
  facet normal 0 0 1
    outer loop
      vertex 70.33939201327782 44.766421636210495 11
      vertex 70.1548494156391 47.52164570954364 11
      vertex 70.08253175473055 47.375 11
    endloop
  endfacet
  facet normal 0 0 1
    outer loop
      vertex 70.33939201327782 44.766421636210495 11
      vertex 70.20740728286134 47.67647619362185 11
      vertex 70.1548494156391 47.52164570954364 11
    endloop
  endfacet
  facet normal 0 0 1
    outer loop
      vertex 70.33939201327782 44.766421636210495 11
      vertex 70.23930607671727 47.83684225972493 11
      vertex 70.20740728286134 47.67647619362185 11
    endloop
  endfacet
  facet normal 0 0 1
    outer loop
      vertex 70.33939201327782 44.766421636210495 11
      vertex 70.25 48 11
      vertex 70.23930607671727 47.83684225972493 11
    endloop
  endfacet
  facet normal 0 0 1
    outer loop
      vertex 70.33939201327782 44.766421636210495 11
      vertex 70.25772322589752 50.01426200047142 11
      vertex 70.25 48 11
    endloop
  endfacet
  facet normal 0 0 1
    outer loop
      vertex 70.75 44.96891108675447 11
      vertex 71 45.135955746234295 11
      vertex 71 47.21682599117909 11
    endloop
  endfacet
  facet normal 0 0 1
    outer loop
      vertex 70.33939201327782 44.766421636210495 11
      vertex 70.75 44.96891108675447 11
      vertex 70.25772322589752 50.01426200047142 11
    endloop
  endfacet
  facet normal 0 0 1
    outer loop
      vertex 70.75 44.96891108675447 11
      vertex 71 47.21682599117909 11
      vertex 70.25772322589752 50.01426200047142 11
    endloop
  endfacet
  facet normal 0 0 1
    outer loop
      vertex 68.0921290334007 51.38006002087371 11
      vertex 68.11611652351681 48.883883476483184 11
      vertex 68.2390482137391 48.991691675364045 11
    endloop
  endfacet
  facet normal 0 0 1
    outer loop
      vertex 68.0921290334007 51.38006002087371 11
      vertex 68.2390482137391 48.991691675364045 11
      vertex 68.375 49.082531754730546 11
    endloop
  endfacet
  facet normal 0 0 1
    outer loop
      vertex 68.0921290334007 51.38006002087371 11
      vertex 68.375 49.082531754730546 11
      vertex 68.52164570954363 49.154849415639106 11
    endloop
  endfacet
  facet normal 0 0 1
    outer loop
      vertex 67.88815684408635 50.05979051225237 11
      vertex 68.11611652351681 48.883883476483184 11
      vertex 68.0921290334007 51.38006002087371 11
    endloop
  endfacet
  facet normal 0 0 1
    outer loop
      vertex 68.0921290334007 51.38006002087371 11
      vertex 68.52164570954363 49.154849415639106 11
      vertex 68.67647619362185 49.20740728286133 11
    endloop
  endfacet
  facet normal 0 0 1
    outer loop
      vertex 68.248164901817 51.41137917419804 11
      vertex 68.67647619362185 49.20740728286133 11
      vertex 68.83684225972493 49.23930607671726 11
    endloop
  endfacet
  facet normal 0 0 1
    outer loop
      vertex 68.248164901817 51.41137917419804 11
      vertex 68.83684225972493 49.23930607671726 11
      vertex 69 49.25 11
    endloop
  endfacet
  facet normal 0 0 1
    outer loop
      vertex 68.248164901817 51.41137917419804 11
      vertex 69 49.25 11
      vertex 69.16315774027507 49.23930607671726 11
    endloop
  endfacet
  facet normal 0 0 1
    outer loop
      vertex 68.248164901817 51.41137917419804 11
      vertex 69.16315774027507 49.23930607671726 11
      vertex 69.32352380637815 49.20740728286133 11
    endloop
  endfacet
  facet normal 0 0 1
    outer loop
      vertex 70.25772322589752 50.01426200047142 11
      vertex 70.23930607671727 48.16315774027507 11
      vertex 70.25 48 11
    endloop
  endfacet
  facet normal 0 0 1
    outer loop
      vertex 70.25772322589752 50.01426200047142 11
      vertex 70.20740728286134 48.32352380637815 11
      vertex 70.23930607671727 48.16315774027507 11
    endloop
  endfacet
  facet normal 0 0 1
    outer loop
      vertex 70.25772322589752 50.01426200047142 11
      vertex 70.1548494156391 48.47835429045636 11
      vertex 70.20740728286134 48.32352380637815 11
    endloop
  endfacet
  facet normal 0 0 1
    outer loop
      vertex 69.46172261950768 51.40075694611213 11
      vertex 69.47835429045637 49.154849415639106 11
      vertex 69.625 49.082531754730546 11
    endloop
  endfacet
  facet normal 0 0 1
    outer loop
      vertex 68.248164901817 51.41137917419804 11
      vertex 69.32352380637815 49.20740728286133 11
      vertex 69.47835429045637 49.154849415639106 11
    endloop
  endfacet
  facet normal 0 0 1
    outer loop
      vertex 69.90578350893816 51.38006002087371 11
      vertex 69.88388347648319 48.883883476483184 11
      vertex 69.99169167536404 48.760951786260904 11
    endloop
  endfacet
  facet normal 0 0 1
    outer loop
      vertex 69.90578350893816 51.38006002087371 11
      vertex 69.99169167536404 48.760951786260904 11
      vertex 70.08253175473055 48.625 11
    endloop
  endfacet
  facet normal 0 0 1
    outer loop
      vertex 69.90578350893816 51.38006002087371 11
      vertex 69.625 49.082531754730546 11
      vertex 69.7609517862609 48.991691675364045 11
    endloop
  endfacet
  facet normal 0 0 1
    outer loop
      vertex 69.90578350893816 51.38006002087371 11
      vertex 69.7609517862609 48.991691675364045 11
      vertex 69.88388347648319 48.883883476483184 11
    endloop
  endfacet
  facet normal 0 0 1
    outer loop
      vertex 69.90592502386401 51.38006002087371 11
      vertex 70.08253175473055 48.625 11
      vertex 70.1548494156391 48.47835429045636 11
    endloop
  endfacet
  facet normal 0 0 1
    outer loop
      vertex 70.25772322589752 50.01426200047142 11
      vertex 69.90592502386401 51.38006002087371 11
      vertex 70.1548494156391 48.47835429045636 11
    endloop
  endfacet
  facet normal 0 0 1
    outer loop
      vertex 68.09431564703817 51.38006002087371 11
      vertex 68.0921290334007 51.38006002087371 11
      vertex 68.67647619362185 49.20740728286133 11
    endloop
  endfacet
  facet normal 0 0 1
    outer loop
      vertex 68.09431564703817 51.38006002087371 11
      vertex 68.67647619362185 49.20740728286133 11
      vertex 68.248164901817 51.41137917419804 11
    endloop
  endfacet
  facet normal 0 0 1
    outer loop
      vertex 68.248164901817 51.41137917419804 11
      vertex 69.47835429045637 49.154849415639106 11
      vertex 69.46172261950768 51.40075694611213 11
    endloop
  endfacet
  facet normal 0 0 1
    outer loop
      vertex 69.46172261950768 51.40075694611213 11
      vertex 69.625 49.082531754730546 11
      vertex 69.90578350893816 51.38006002087371 11
    endloop
  endfacet
  facet normal 0 0 1
    outer loop
      vertex 69.90578350893816 51.38006002087371 11
      vertex 70.08253175473055 48.625 11
      vertex 69.90592502386401 51.38006002087371 11
    endloop
  endfacet
  facet normal 0 0 1
    outer loop
      vertex 71 47.21682599117909 11
      vertex 70.81735112029625 50.00350938962301 11
      vertex 70.25772322589752 50.01426200047142 11
    endloop
  endfacet
  facet normal 0 0 1
    outer loop
      vertex 71 47.21682599117909 11
      vertex 71.13066500153052 50.218236686296756 11
      vertex 70.81735112029625 50.00350938962301 11
    endloop
  endfacet
  facet normal 0 0 1
    outer loop
      vertex 71.77673669101932 48.29908837867613 11
      vertex 71.82628428702616 49.374714768225004 11
      vertex 71.80038851962291 49.76980783000363 11
    endloop
  endfacet
  facet normal -0.8314696123025405 -0.5555702330196093 0
    outer loop
      vertex 66.13595574623429 0 0
      vertex 66.13595574623429 0 11
      vertex 65.96891108675446 0.25 0
    endloop
  endfacet
  facet normal -0.8968727415326914 -0.4422886902189949 8.277440278753245e-19
    outer loop
      vertex 65.96891108675446 0.25 0
      vertex 65.7664216362105 0.6606079867221857 11
      vertex 65.7664216362105 0.6606079867221857 0
    endloop
  endfacet
  facet normal -0.9469301294951025 -0.3214394653031712 0
    outer loop
      vertex 65.61925960798825 1.0941333421411774 0
      vertex 65.7664216362105 0.6606079867221857 0
      vertex 65.61925960798825 1.0941333421411774 11
    endloop
  endfacet
  facet normal -0.9807852804032344 -0.19509032201610804 2.1148462208441274e-19
    outer loop
      vertex 65.61925960798825 1.0941333421411774 0
      vertex 65.52994298519167 1.5431583272298195 11
      vertex 65.52994298519167 1.5431583272298195 0
    endloop
  endfacet
  facet normal -0.9978589232386031 -0.06540312923015067 7.757800661478689e-20
    outer loop
      vertex 65.52994298519167 1.5431583272298195 0
      vertex 65.5 2 11
      vertex 65.5 2 0
    endloop
  endfacet
  facet normal -0.9978589232386029 0.06540312923015063 -1.352057323595318e-19
    outer loop
      vertex 65.5 2 0
      vertex 65.52994298519167 2.4568416727701807 11
      vertex 65.52994298519167 2.4568416727701807 0
    endloop
  endfacet
  facet normal -0.9807852804032344 0.19509032201610813 -1.6012127073353374e-20
    outer loop
      vertex 65.52994298519167 2.4568416727701807 0
      vertex 65.61925960798825 2.9058666578588226 11
      vertex 65.61925960798825 2.9058666578588226 0
    endloop
  endfacet
  facet normal -0.9469301294951025 0.321439465303171 -4.559943566734949e-19
    outer loop
      vertex 65.61925960798825 2.9058666578588226 0
      vertex 65.7664216362105 3.3393920132778145 11
      vertex 65.7664216362105 3.3393920132778145 0
    endloop
  endfacet
  facet normal -0.8968727415326913 0.44228869021899514 1.2670485456890698e-18
    outer loop
      vertex 65.7664216362105 3.3393920132778145 0
      vertex 65.96891108675446 3.75 11
      vertex 65.96891108675446 3.75 0
    endloop
  endfacet
  facet normal -0.8314696123025404 0.5555702330196096 -6.895952530897677e-19
    outer loop
      vertex 65.96891108675446 3.75 0
      vertex 66.22326330898068 4.130665001530522 11
      vertex 66.22326330898068 4.130665001530522 0
    endloop
  endfacet
  facet normal -0.7518398074789843 0.6593458151000611 2.1214199620203762e-19
    outer loop
      vertex 66.22326330898068 4.130665001530522 0
      vertex 66.52512626584708 4.474873734152917 11
      vertex 66.52512626584708 4.474873734152917 0
    endloop
  endfacet
  facet normal -0.6593458151000561 0.7518398074789886 0
    outer loop
      vertex 66.52512626584708 4.474873734152917 0
      vertex 66.52512626584708 4.474873734152917 11
      vertex 66.86933499846948 4.776736691019323 0
    endloop
  endfacet
  facet normal -0.555570233019607 0.831469612302542 0
    outer loop
      vertex 66.86933499846948 4.776736691019323 0
      vertex 66.86933499846948 4.776736691019323 11
      vertex 67.25 5.031088913245535 0
    endloop
  endfacet
  facet normal -0.4422886902190029 0.8968727415326875 0
    outer loop
      vertex 67.25 5.031088913245535 0
      vertex 67.25 5.031088913245535 11
      vertex 67.66060798672218 5.233578363789503 0
    endloop
  endfacet
  facet normal -0.3214394653031614 0.9469301294951056 0
    outer loop
      vertex 67.66060798672218 5.233578363789503 0
      vertex 67.66060798672218 5.233578363789503 11
      vertex 68.09413334214118 5.380740392011739 0
    endloop
  endfacet
  facet normal -0.19509032201612883 0.9807852804032303 0
    outer loop
      vertex 68.09413334214118 5.380740392011739 0
      vertex 68.09413334214118 5.380740392011739 11
      vertex 68.54315832722982 5.4700570148083365 0
    endloop
  endfacet
  facet normal -0.06540312923014277 0.9978589232386035 0
    outer loop
      vertex 68.54315832722982 5.4700570148083365 0
      vertex 68.54315832722982 5.4700570148083365 11
      vertex 69 5.5 0
    endloop
  endfacet
  facet normal 0.06540312923014277 0.9978589232386035 0
    outer loop
      vertex 69 5.5 0
      vertex 69 5.5 11
      vertex 69.45684167277018 5.4700570148083365 0
    endloop
  endfacet
  facet normal 0.19509032201612883 0.9807852804032303 0
    outer loop
      vertex 69.45684167277018 5.4700570148083365 0
      vertex 69.45684167277018 5.4700570148083365 11
      vertex 69.90586665785882 5.380740392011739 0
    endloop
  endfacet
  facet normal 0.3214394653031614 0.9469301294951056 0
    outer loop
      vertex 69.90586665785882 5.380740392011739 0
      vertex 69.90586665785882 5.380740392011739 11
      vertex 70.33939201327782 5.233578363789503 0
    endloop
  endfacet
  facet normal 0.4422886902190029 0.8968727415326875 0
    outer loop
      vertex 70.33939201327782 5.233578363789503 0
      vertex 70.33939201327782 5.233578363789503 11
      vertex 70.75 5.031088913245535 0
    endloop
  endfacet
  facet normal 0.5555702330196074 0.8314696123025419 0
    outer loop
      vertex 71 4.864044253765708 0
      vertex 70.75 5.031088913245535 0
      vertex 70.75 5.031088913245535 11
    endloop
  endfacet
  facet normal -0.8314696123025405 -0.5555702330196093 0
    outer loop
      vertex 65.96891108675446 0.25 0
      vertex 66.13595574623429 0 11
      vertex 65.96891108675446 0.25 11
    endloop
  endfacet
  facet normal -0.8968727415326914 -0.4422886902189949 0
    outer loop
      vertex 65.96891108675446 0.25 0
      vertex 65.96891108675446 0.25 11
      vertex 65.7664216362105 0.6606079867221857 11
    endloop
  endfacet
  facet normal -0.9807852804032344 -0.19509032201610804 0
    outer loop
      vertex 65.61925960798825 1.0941333421411774 0
      vertex 65.61925960798825 1.0941333421411774 11
      vertex 65.52994298519167 1.5431583272298195 11
    endloop
  endfacet
  facet normal -0.9469301294951025 -0.3214394653031712 0
    outer loop
      vertex 65.7664216362105 0.6606079867221857 0
      vertex 65.7664216362105 0.6606079867221857 11
      vertex 65.61925960798825 1.0941333421411774 11
    endloop
  endfacet
  facet normal -0.9978589232386031 -0.06540312923015067 0
    outer loop
      vertex 65.52994298519167 1.5431583272298195 0
      vertex 65.52994298519167 1.5431583272298195 11
      vertex 65.5 2 11
    endloop
  endfacet
  facet normal -0.9978589232386029 0.06540312923015063 0
    outer loop
      vertex 65.5 2 0
      vertex 65.5 2 11
      vertex 65.52994298519167 2.4568416727701807 11
    endloop
  endfacet
  facet normal -0.9807852804032344 0.19509032201610813 0
    outer loop
      vertex 65.52994298519167 2.4568416727701807 0
      vertex 65.52994298519167 2.4568416727701807 11
      vertex 65.61925960798825 2.9058666578588226 11
    endloop
  endfacet
  facet normal -0.9469301294951025 0.321439465303171 0
    outer loop
      vertex 65.61925960798825 2.9058666578588226 0
      vertex 65.61925960798825 2.9058666578588226 11
      vertex 65.7664216362105 3.3393920132778145 11
    endloop
  endfacet
  facet normal -0.8968727415326913 0.44228869021899514 0
    outer loop
      vertex 65.7664216362105 3.3393920132778145 0
      vertex 65.7664216362105 3.3393920132778145 11
      vertex 65.96891108675446 3.75 11
    endloop
  endfacet
  facet normal -0.8314696123025404 0.5555702330196096 0
    outer loop
      vertex 65.96891108675446 3.75 0
      vertex 65.96891108675446 3.75 11
      vertex 66.22326330898068 4.130665001530522 11
    endloop
  endfacet
  facet normal -0.7518398074789843 0.6593458151000611 0
    outer loop
      vertex 66.22326330898068 4.130665001530522 0
      vertex 66.22326330898068 4.130665001530522 11
      vertex 66.52512626584708 4.474873734152917 11
    endloop
  endfacet
  facet normal -0.6593458151000561 0.7518398074789886 0
    outer loop
      vertex 66.86933499846948 4.776736691019323 0
      vertex 66.52512626584708 4.474873734152917 11
      vertex 66.86933499846948 4.776736691019323 11
    endloop
  endfacet
  facet normal -0.555570233019607 0.831469612302542 0
    outer loop
      vertex 67.25 5.031088913245535 0
      vertex 66.86933499846948 4.776736691019323 11
      vertex 67.25 5.031088913245535 11
    endloop
  endfacet
  facet normal -0.4422886902190029 0.8968727415326875 0
    outer loop
      vertex 67.66060798672218 5.233578363789503 0
      vertex 67.25 5.031088913245535 11
      vertex 67.66060798672218 5.233578363789503 11
    endloop
  endfacet
  facet normal -0.3214394653031614 0.9469301294951056 0
    outer loop
      vertex 68.09413334214118 5.380740392011739 0
      vertex 67.66060798672218 5.233578363789503 11
      vertex 68.09413334214118 5.380740392011739 11
    endloop
  endfacet
  facet normal -0.19509032201612883 0.9807852804032303 0
    outer loop
      vertex 68.54315832722982 5.4700570148083365 0
      vertex 68.09413334214118 5.380740392011739 11
      vertex 68.54315832722982 5.4700570148083365 11
    endloop
  endfacet
  facet normal -0.06540312923014277 0.9978589232386035 0
    outer loop
      vertex 69 5.5 0
      vertex 68.54315832722982 5.4700570148083365 11
      vertex 69 5.5 11
    endloop
  endfacet
  facet normal 0.06540312923014277 0.9978589232386035 0
    outer loop
      vertex 69.45684167277018 5.4700570148083365 0
      vertex 69 5.5 11
      vertex 69.45684167277018 5.4700570148083365 11
    endloop
  endfacet
  facet normal 0.19509032201612883 0.9807852804032303 0
    outer loop
      vertex 69.90586665785882 5.380740392011739 0
      vertex 69.45684167277018 5.4700570148083365 11
      vertex 69.90586665785882 5.380740392011739 11
    endloop
  endfacet
  facet normal 0.3214394653031614 0.9469301294951056 0
    outer loop
      vertex 70.33939201327782 5.233578363789503 0
      vertex 69.90586665785882 5.380740392011739 11
      vertex 70.33939201327782 5.233578363789503 11
    endloop
  endfacet
  facet normal 0.4422886902190029 0.8968727415326875 0
    outer loop
      vertex 70.75 5.031088913245535 0
      vertex 70.33939201327782 5.233578363789503 11
      vertex 70.75 5.031088913245535 11
    endloop
  endfacet
  facet normal 0.5555702330196074 0.8314696123025419 0
    outer loop
      vertex 71 4.864044253765708 0
      vertex 70.75 5.031088913245535 11
      vertex 71 4.864044253765708 11
    endloop
  endfacet
  facet normal 0 0 1
    outer loop
      vertex 66.13595574623429 0 11
      vertex 67.74323203093257 0 11
      vertex 65.96891108675446 0.25 11
    endloop
  endfacet
  facet normal 0 0 1
    outer loop
      vertex 65.96891108675446 0.25 11
      vertex 67.74323203093257 0 11
      vertex 65.96891108675446 3.75 11
    endloop
  endfacet
  facet normal 0 0 1
    outer loop
      vertex 65.61925960798825 1.0941333421411774 11
      vertex 65.7664216362105 0.6606079867221857 11
      vertex 65.61925960798825 2.9058666578588226 11
    endloop
  endfacet
  facet normal 0 0 1
    outer loop
      vertex 65.61925960798825 1.0941333421411774 11
      vertex 65.52994298519167 2.4568416727701807 11
      vertex 65.52994298519167 1.5431583272298195 11
    endloop
  endfacet
  facet normal 0 0 1
    outer loop
      vertex 65.52994298519167 1.5431583272298195 11
      vertex 65.52994298519167 2.4568416727701807 11
      vertex 65.5 2 11
    endloop
  endfacet
  facet normal 0 0 1
    outer loop
      vertex 65.61925960798825 1.0941333421411774 11
      vertex 65.61925960798825 2.9058666578588226 11
      vertex 65.52994298519167 2.4568416727701807 11
    endloop
  endfacet
  facet normal 0 0 1
    outer loop
      vertex 65.96891108675446 0.25 11
      vertex 65.7664216362105 3.3393920132778145 11
      vertex 65.7664216362105 0.6606079867221857 11
    endloop
  endfacet
  facet normal 0 0 1
    outer loop
      vertex 65.7664216362105 0.6606079867221857 11
      vertex 65.7664216362105 3.3393920132778145 11
      vertex 65.61925960798825 2.9058666578588226 11
    endloop
  endfacet
  facet normal 0 0 1
    outer loop
      vertex 65.96891108675446 0.25 11
      vertex 65.96891108675446 3.75 11
      vertex 65.7664216362105 3.3393920132778145 11
    endloop
  endfacet
  facet normal 0 0 1
    outer loop
      vertex 65.96891108675446 3.75 11
      vertex 67.74323203093257 0 11
      vertex 66.22326330898068 4.130665001530522 11
    endloop
  endfacet
  facet normal 0 0 1
    outer loop
      vertex 66.22326330898068 4.130665001530522 11
      vertex 67.74323203093257 0 11
      vertex 66.52512626584708 4.474873734152917 11
    endloop
  endfacet
  facet normal 0 0 1
    outer loop
      vertex 66.52512626584708 4.474873734152917 11
      vertex 67.74323203093257 0 11
      vertex 66.86933499846948 4.776736691019323 11
    endloop
  endfacet
  facet normal 0 0 1
    outer loop
      vertex 67.74323203093257 0 11
      vertex 67.25 5.031088913245535 11
      vertex 66.86933499846948 4.776736691019323 11
    endloop
  endfacet
  facet normal 0 0 1
    outer loop
      vertex 67.74323203093257 0 11
      vertex 67.66060798672218 5.233578363789503 11
      vertex 67.25 5.031088913245535 11
    endloop
  endfacet
  facet normal 0 0 1
    outer loop
      vertex 68.09421649106184 -1.3800600208737057 11
      vertex 68.53884632391433 -1.4088348499184062 11
      vertex 68.375 0.9174682452694518 11
    endloop
  endfacet
  facet normal 0 0 1
    outer loop
      vertex 68.09407497613599 -1.3800600208737057 11
      vertex 68.09421649106184 -1.3800600208737057 11
      vertex 67.91746824526945 1.375 11
    endloop
  endfacet
  facet normal 0 0 1
    outer loop
      vertex 68.09407497613599 -1.3800600208737057 11
      vertex 67.91746824526945 1.375 11
      vertex 68.08791312673495 -1.3082314885652757 11
    endloop
  endfacet
  facet normal 0 0 1
    outer loop
      vertex 68.53884632391433 -1.4088348499184062 11
      vertex 69.45276305555622 -1.400835368860764 11
      vertex 68.52164570954363 0.8451505843608915 11
    endloop
  endfacet
  facet normal 0 0 1
    outer loop
      vertex 69.45276305555622 -1.400835368860764 11
      vertex 69.90568435296183 -1.3800600208737057 11
      vertex 69.32352380637815 0.7925927171386646 11
    endloop
  endfacet
  facet normal 0 0 1
    outer loop
      vertex 69.90568435296183 -1.3800600208737057 11
      vertex 69.90586066763886 -1.3800600208737057 11
      vertex 69.32352380637815 0.7925927171386646 11
    endloop
  endfacet
  facet normal 0 0 1
    outer loop
      vertex 69.90586066763886 -1.3800600208737057 11
      vertex 69.90553574350119 -1.3431550312674285 11
      vertex 69.7609517862609 1.008308324635956 11
    endloop
  endfacet
  facet normal 0 0 1
    outer loop
      vertex 68.08791312673495 -1.3082314885652757 11
      vertex 67.8451505843609 1.5216457095436378 11
      vertex 67.74323203093257 0 11
    endloop
  endfacet
  facet normal 0 0 1
    outer loop
      vertex 68.09421649106184 -1.3800600208737057 11
      vertex 68.00830832463596 1.2390482137390992 11
      vertex 67.91746824526945 1.375 11
    endloop
  endfacet
  facet normal 0 0 1
    outer loop
      vertex 68.08791312673495 -1.3082314885652757 11
      vertex 67.91746824526945 1.375 11
      vertex 67.8451505843609 1.5216457095436378 11
    endloop
  endfacet
  facet normal 0 0 1
    outer loop
      vertex 68.09421649106184 -1.3800600208737057 11
      vertex 68.2390482137391 1.008308324635956 11
      vertex 68.11611652351681 1.1161165235168156 11
    endloop
  endfacet
  facet normal 0 0 1
    outer loop
      vertex 68.09421649106184 -1.3800600208737057 11
      vertex 68.375 0.9174682452694518 11
      vertex 68.2390482137391 1.008308324635956 11
    endloop
  endfacet
  facet normal 0 0 1
    outer loop
      vertex 68.09421649106184 -1.3800600208737057 11
      vertex 68.11611652351681 1.1161165235168156 11
      vertex 68.00830832463596 1.2390482137390992 11
    endloop
  endfacet
  facet normal 0 0 1
    outer loop
      vertex 69.45276305555622 -1.400835368860764 11
      vertex 68.67647619362185 0.7925927171386646 11
      vertex 68.52164570954363 0.8451505843608915 11
    endloop
  endfacet
  facet normal 0 0 1
    outer loop
      vertex 69.45276305555622 -1.400835368860764 11
      vertex 68.83684225972493 0.760693923282737 11
      vertex 68.67647619362185 0.7925927171386646 11
    endloop
  endfacet
  facet normal 0 0 1
    outer loop
      vertex 68.53884632391433 -1.4088348499184062 11
      vertex 68.52164570954363 0.8451505843608915 11
      vertex 68.375 0.9174682452694518 11
    endloop
  endfacet
  facet normal 0 0 1
    outer loop
      vertex 67.74323203093257 0 11
      vertex 67.8451505843609 1.5216457095436378 11
      vertex 67.79259271713866 1.676476193621849 11
    endloop
  endfacet
  facet normal 0 0 1
    outer loop
      vertex 67.74323203093257 0 11
      vertex 67.79259271713866 1.676476193621849 11
      vertex 67.76069392328273 1.8368422597249356 11
    endloop
  endfacet
  facet normal 0 0 1
    outer loop
      vertex 67.74323203093257 0 11
      vertex 67.76069392328273 1.8368422597249356 11
      vertex 67.75 2 11
    endloop
  endfacet
  facet normal 0 0 1
    outer loop
      vertex 69.45276305555622 -1.400835368860764 11
      vertex 69 0.75 11
      vertex 68.83684225972493 0.760693923282737 11
    endloop
  endfacet
  facet normal 0 0 1
    outer loop
      vertex 69.45276305555622 -1.400835368860764 11
      vertex 69.16315774027507 0.760693923282737 11
      vertex 69 0.75 11
    endloop
  endfacet
  facet normal 0 0 1
    outer loop
      vertex 69.45276305555622 -1.400835368860764 11
      vertex 69.32352380637815 0.7925927171386646 11
      vertex 69.16315774027507 0.760693923282737 11
    endloop
  endfacet
  facet normal 0 0 1
    outer loop
      vertex 69.90586066763886 -1.3800600208737057 11
      vertex 69.47835429045637 0.8451505843608915 11
      vertex 69.32352380637815 0.7925927171386646 11
    endloop
  endfacet
  facet normal 0 0 1
    outer loop
      vertex 69.90586066763886 -1.3800600208737057 11
      vertex 69.625 0.9174682452694518 11
      vertex 69.47835429045637 0.8451505843608915 11
    endloop
  endfacet
  facet normal 0 0 1
    outer loop
      vertex 69.90553574350119 -1.3431550312674285 11
      vertex 70.10025225153818 0 11
      vertex 69.88388347648319 1.1161165235168156 11
    endloop
  endfacet
  facet normal 0 0 1
    outer loop
      vertex 69.90586066763886 -1.3800600208737057 11
      vertex 69.7609517862609 1.008308324635956 11
      vertex 69.625 0.9174682452694518 11
    endloop
  endfacet
  facet normal 0 0 1
    outer loop
      vertex 69.90553574350119 -1.3431550312674285 11
      vertex 69.88388347648319 1.1161165235168156 11
      vertex 69.7609517862609 1.008308324635956 11
    endloop
  endfacet
  facet normal 0 0 1
    outer loop
      vertex 70.10025225153818 0 11
      vertex 70.75 0 11
      vertex 69.88388347648319 1.1161165235168156 11
    endloop
  endfacet
  facet normal 0 0 1
    outer loop
      vertex 70.75 0 11
      vertex 69.99169167536404 1.2390482137390992 11
      vertex 69.88388347648319 1.1161165235168156 11
    endloop
  endfacet
  facet normal 0 0 1
    outer loop
      vertex 70.75 0 11
      vertex 70.08253175473055 1.375 11
      vertex 69.99169167536404 1.2390482137390992 11
    endloop
  endfacet
  facet normal 0 0 1
    outer loop
      vertex 70.75 0 11
      vertex 70.1548494156391 1.5216457095436378 11
      vertex 70.08253175473055 1.375 11
    endloop
  endfacet
  facet normal 0 0 1
    outer loop
      vertex 70.75 0 11
      vertex 71.08955908400307 -0.14958158260946453 11
      vertex 71.01571332557134 0.9770869707427008 11
    endloop
  endfacet
  facet normal 0 0 1
    outer loop
      vertex 71.13066500153052 -0.21823668629675827 11
      vertex 71.01571332557134 0.9770869707427008 11
      vertex 71.08955908400307 -0.14958158260946453 11
    endloop
  endfacet
  facet normal 0 0 1
    outer loop
      vertex 70.75 0 11
      vertex 70.20740728286134 1.676476193621849 11
      vertex 70.1548494156391 1.5216457095436378 11
    endloop
  endfacet
  facet normal 0 0 1
    outer loop
      vertex 70.75 0 11
      vertex 70.23930607671727 1.8368422597249356 11
      vertex 70.20740728286134 1.676476193621849 11
    endloop
  endfacet
  facet normal 0 0 1
    outer loop
      vertex 70.75 0 11
      vertex 70.25 2 11
      vertex 70.23930607671727 1.8368422597249356 11
    endloop
  endfacet
  facet normal 0 0 1
    outer loop
      vertex 67.74323203093257 0 11
      vertex 67.75 2 11
      vertex 67.66060798672218 5.233578363789503 11
    endloop
  endfacet
  facet normal 0 0 1
    outer loop
      vertex 67.66060798672218 5.233578363789503 11
      vertex 67.75 2 11
      vertex 67.76069392328273 2.1631577402750644 11
    endloop
  endfacet
  facet normal 0 0 1
    outer loop
      vertex 67.66060798672218 5.233578363789503 11
      vertex 67.76069392328273 2.1631577402750644 11
      vertex 67.79259271713866 2.3235238063781507 11
    endloop
  endfacet
  facet normal 0 0 1
    outer loop
      vertex 67.66060798672218 5.233578363789503 11
      vertex 67.79259271713866 2.3235238063781507 11
      vertex 67.8451505843609 2.4783542904563625 11
    endloop
  endfacet
  facet normal 0 0 1
    outer loop
      vertex 67.66060798672218 5.233578363789503 11
      vertex 67.8451505843609 2.4783542904563625 11
      vertex 67.91746824526945 2.625 11
    endloop
  endfacet
  facet normal 0 0 1
    outer loop
      vertex 67.66060798672218 5.233578363789503 11
      vertex 67.91746824526945 2.625 11
      vertex 68.00830832463596 2.7609517862609008 11
    endloop
  endfacet
  facet normal 0 0 1
    outer loop
      vertex 67.66060798672218 5.233578363789503 11
      vertex 68.00830832463596 2.7609517862609008 11
      vertex 68.11611652351681 2.8838834764831844 11
    endloop
  endfacet
  facet normal 0 0 1
    outer loop
      vertex 68.09413334214118 5.380740392011739 11
      vertex 68.11611652351681 2.8838834764831844 11
      vertex 68.2390482137391 2.991691675364044 11
    endloop
  endfacet
  facet normal 0 0 1
    outer loop
      vertex 68.09413334214118 5.380740392011739 11
      vertex 68.2390482137391 2.991691675364044 11
      vertex 68.375 3.082531754730548 11
    endloop
  endfacet
  facet normal 0 0 1
    outer loop
      vertex 68.09413334214118 5.380740392011739 11
      vertex 68.375 3.082531754730548 11
      vertex 68.52164570954363 3.1548494156391085 11
    endloop
  endfacet
  facet normal 0 0 1
    outer loop
      vertex 67.66060798672218 5.233578363789503 11
      vertex 68.11611652351681 2.8838834764831844 11
      vertex 68.09413334214118 5.380740392011739 11
    endloop
  endfacet
  facet normal 0 0 1
    outer loop
      vertex 68.09413334214118 5.380740392011739 11
      vertex 68.52164570954363 3.1548494156391085 11
      vertex 68.67647619362185 3.207407282861335 11
    endloop
  endfacet
  facet normal 0 0 1
    outer loop
      vertex 68.54315832722982 5.4700570148083365 11
      vertex 68.67647619362185 3.207407282861335 11
      vertex 68.83684225972493 3.239306076717263 11
    endloop
  endfacet
  facet normal 0 0 1
    outer loop
      vertex 68.54315832722982 5.4700570148083365 11
      vertex 68.83684225972493 3.239306076717263 11
      vertex 69 3.25 11
    endloop
  endfacet
  facet normal 0 0 1
    outer loop
      vertex 68.09413334214118 5.380740392011739 11
      vertex 68.67647619362185 3.207407282861335 11
      vertex 68.54315832722982 5.4700570148083365 11
    endloop
  endfacet
  facet normal 0 0 1
    outer loop
      vertex 68.54315832722982 5.4700570148083365 11
      vertex 69 3.25 11
      vertex 69 5.5 11
    endloop
  endfacet
  facet normal 0 0 1
    outer loop
      vertex 69.45684167277018 5.4700570148083365 11
      vertex 69.47835429045637 3.1548494156391085 11
      vertex 69.625 3.082531754730548 11
    endloop
  endfacet
  facet normal 0 0 1
    outer loop
      vertex 70.33939201327782 5.233578363789503 11
      vertex 70.23930607671727 2.1631577402750644 11
      vertex 70.25 2 11
    endloop
  endfacet
  facet normal 0 0 1
    outer loop
      vertex 70.33939201327782 5.233578363789503 11
      vertex 70.20740728286134 2.3235238063781507 11
      vertex 70.23930607671727 2.1631577402750644 11
    endloop
  endfacet
  facet normal 0 0 1
    outer loop
      vertex 70.33939201327782 5.233578363789503 11
      vertex 70.1548494156391 2.4783542904563625 11
      vertex 70.20740728286134 2.3235238063781507 11
    endloop
  endfacet
  facet normal 0 0 1
    outer loop
      vertex 69.90586665785882 5.380740392011739 11
      vertex 69.99169167536404 2.7609517862609008 11
      vertex 70.08253175473055 2.625 11
    endloop
  endfacet
  facet normal 0 0 1
    outer loop
      vertex 69.90586665785882 5.380740392011739 11
      vertex 69.88388347648319 2.8838834764831844 11
      vertex 69.99169167536404 2.7609517862609008 11
    endloop
  endfacet
  facet normal 0 0 1
    outer loop
      vertex 69.90586665785882 5.380740392011739 11
      vertex 69.625 3.082531754730548 11
      vertex 69.7609517862609 2.991691675364044 11
    endloop
  endfacet
  facet normal 0 0 1
    outer loop
      vertex 69.90586665785882 5.380740392011739 11
      vertex 69.7609517862609 2.991691675364044 11
      vertex 69.88388347648319 2.8838834764831844 11
    endloop
  endfacet
  facet normal 0 0 1
    outer loop
      vertex 69.90586665785882 5.380740392011739 11
      vertex 70.08253175473055 2.625 11
      vertex 70.1548494156391 2.4783542904563625 11
    endloop
  endfacet
  facet normal 0 0 1
    outer loop
      vertex 69 5.5 11
      vertex 69 3.25 11
      vertex 69.16315774027507 3.239306076717263 11
    endloop
  endfacet
  facet normal 0 0 1
    outer loop
      vertex 69.45684167277018 5.4700570148083365 11
      vertex 69.16315774027507 3.239306076717263 11
      vertex 69.32352380637815 3.207407282861335 11
    endloop
  endfacet
  facet normal 0 0 1
    outer loop
      vertex 69.45684167277018 5.4700570148083365 11
      vertex 69.32352380637815 3.207407282861335 11
      vertex 69.47835429045637 3.1548494156391085 11
    endloop
  endfacet
  facet normal 0 0 1
    outer loop
      vertex 69 5.5 11
      vertex 69.16315774027507 3.239306076717263 11
      vertex 69.45684167277018 5.4700570148083365 11
    endloop
  endfacet
  facet normal 0 0 1
    outer loop
      vertex 69.45684167277018 5.4700570148083365 11
      vertex 69.625 3.082531754730548 11
      vertex 69.90586665785882 5.380740392011739 11
    endloop
  endfacet
  facet normal 0 0 1
    outer loop
      vertex 69.90586665785882 5.380740392011739 11
      vertex 70.1548494156391 2.4783542904563625 11
      vertex 70.33939201327782 5.233578363789503 11
    endloop
  endfacet
  facet normal 0 0 1
    outer loop
      vertex 70.75 0 11
      vertex 71.01571332557134 0.9770869707427008 11
      vertex 70.75 5.031088913245535 11
    endloop
  endfacet
  facet normal 0 0 1
    outer loop
      vertex 70.75 0 11
      vertex 70.33939201327782 5.233578363789503 11
      vertex 70.25 2 11
    endloop
  endfacet
  facet normal 0 0 1
    outer loop
      vertex 70.75 0 11
      vertex 70.75 5.031088913245535 11
      vertex 70.33939201327782 5.233578363789503 11
    endloop
  endfacet
  facet normal 0 0 1
    outer loop
      vertex 71.01571332557134 0.9770869707427008 11
      vertex 71 4.864044253765708 11
      vertex 70.75 5.031088913245535 11
    endloop
  endfacet
  facet normal 0 0 1
    outer loop
      vertex 71.01571332557134 0.9770869707427008 11
      vertex 71.07739102148437 4.812333226443096 11
      vertex 71 4.864044253765708 11
    endloop
  endfacet
  facet normal 0.8314696123025459 -0.5555702330196012 0
    outer loop
      vertex 4.8640442537657105 0 0
      vertex 5.031088913245535 0.25 0
      vertex 5.031088913245535 0.25 11
    endloop
  endfacet
  facet normal 0.8968727415326884 -0.4422886902190012 0
    outer loop
      vertex 5.031088913245535 0.25 0
      vertex 5.233578363789503 0.6606079867221857 0
      vertex 5.031088913245535 0.25 11
    endloop
  endfacet
  facet normal 0.9469301294951055 -0.32143946530316253 0
    outer loop
      vertex 5.233578363789503 0.6606079867221857 0
      vertex 5.380740392011739 1.0941333421411774 0
      vertex 5.233578363789503 0.6606079867221857 11
    endloop
  endfacet
  facet normal 0.9807852804032305 -0.1950903220161286 0
    outer loop
      vertex 5.380740392011739 1.0941333421411774 0
      vertex 5.4700570148083365 1.5431583272298195 0
      vertex 5.380740392011739 1.0941333421411774 11
    endloop
  endfacet
  facet normal 0.9978589232386036 -0.06540312923014295 0
    outer loop
      vertex 5.4700570148083365 1.5431583272298195 0
      vertex 5.5 2 0
      vertex 5.4700570148083365 1.5431583272298195 11
    endloop
  endfacet
  facet normal 0.9978589232386036 0.06540312923014291 0
    outer loop
      vertex 5.5 2 0
      vertex 5.4700570148083365 2.4568416727701807 0
      vertex 5.5 2 11
    endloop
  endfacet
  facet normal 0.9807852804032304 0.19509032201612866 0
    outer loop
      vertex 5.4700570148083365 2.4568416727701807 0
      vertex 5.380740392011739 2.9058666578588226 0
      vertex 5.4700570148083365 2.4568416727701807 11
    endloop
  endfacet
  facet normal 0.9469301294951055 0.32143946530316236 0
    outer loop
      vertex 5.380740392011739 2.9058666578588226 0
      vertex 5.233578363789503 3.3393920132778145 0
      vertex 5.380740392011739 2.9058666578588226 11
    endloop
  endfacet
  facet normal 0.8968727415326881 0.44228869021900136 0
    outer loop
      vertex 5.233578363789503 3.3393920132778145 0
      vertex 5.031088913245535 3.75 0
      vertex 5.233578363789503 3.3393920132778145 11
    endloop
  endfacet
  facet normal 0.8314696123025458 0.5555702330196016 0
    outer loop
      vertex 5.031088913245535 3.75 0
      vertex 4.776736691019323 4.130665001530522 0
      vertex 5.031088913245535 3.75 11
    endloop
  endfacet
  facet normal 0.6593458151000677 0.7518398074789785 -6.975666616609518e-19
    outer loop
      vertex 4.474873734152917 4.474873734152917 0
      vertex 4.130665001530522 4.776736691019323 0
      vertex 4.130665001530522 4.776736691019323 11
    endloop
  endfacet
  facet normal 0.7518398074789785 0.6593458151000677 -6.975666616609518e-19
    outer loop
      vertex 4.474873734152917 4.474873734152917 0
      vertex 4.776736691019323 4.130665001530522 11
      vertex 4.776736691019323 4.130665001530522 0
    endloop
  endfacet
  facet normal -0.5555702330196012 0.8314696123025459 0
    outer loop
      vertex 0 4.8640442537657105 0
      vertex 0 4.8640442537657105 11
      vertex 0.25 5.031088913245535 0
    endloop
  endfacet
  facet normal -0.4422886902190012 0.8968727415326884 0
    outer loop
      vertex 0.25 5.031088913245535 0
      vertex 0.25 5.031088913245535 11
      vertex 0.6606079867221857 5.233578363789503 0
    endloop
  endfacet
  facet normal -0.32143946530316253 0.9469301294951055 0
    outer loop
      vertex 0.6606079867221857 5.233578363789503 0
      vertex 0.6606079867221857 5.233578363789503 11
      vertex 1.0941333421411774 5.380740392011739 0
    endloop
  endfacet
  facet normal -0.1950903220161286 0.9807852804032305 0
    outer loop
      vertex 1.0941333421411774 5.380740392011739 0
      vertex 1.0941333421411774 5.380740392011739 11
      vertex 1.5431583272298195 5.4700570148083365 0
    endloop
  endfacet
  facet normal -0.06540312923014295 0.9978589232386036 0
    outer loop
      vertex 1.5431583272298195 5.4700570148083365 0
      vertex 1.5431583272298195 5.4700570148083365 11
      vertex 2 5.5 0
    endloop
  endfacet
  facet normal 0.06540312923014291 0.9978589232386036 0
    outer loop
      vertex 2 5.5 0
      vertex 2 5.5 11
      vertex 2.4568416727701807 5.4700570148083365 0
    endloop
  endfacet
  facet normal 0.19509032201612866 0.9807852804032304 0
    outer loop
      vertex 2.4568416727701807 5.4700570148083365 0
      vertex 2.4568416727701807 5.4700570148083365 11
      vertex 2.9058666578588226 5.380740392011739 0
    endloop
  endfacet
  facet normal 0.32143946530316236 0.9469301294951055 0
    outer loop
      vertex 2.9058666578588226 5.380740392011739 0
      vertex 2.9058666578588226 5.380740392011739 11
      vertex 3.3393920132778145 5.233578363789503 0
    endloop
  endfacet
  facet normal 0.44228869021900136 0.8968727415326881 1.1699643173482297e-18
    outer loop
      vertex 3.75 5.031088913245535 0
      vertex 3.3393920132778145 5.233578363789503 0
      vertex 3.3393920132778145 5.233578363789503 11
    endloop
  endfacet
  facet normal 0.5555702330196016 0.8314696123025458 0
    outer loop
      vertex 3.75 5.031088913245535 0
      vertex 3.75 5.031088913245535 11
      vertex 4.130665001530522 4.776736691019323 0
    endloop
  endfacet
  facet normal 0.8314696123025459 -0.5555702330196012 0
    outer loop
      vertex 4.8640442537657105 0 0
      vertex 5.031088913245535 0.25 11
      vertex 4.8640442537657105 0 11
    endloop
  endfacet
  facet normal 0.8968727415326884 -0.4422886902190012 0
    outer loop
      vertex 5.233578363789503 0.6606079867221857 0
      vertex 5.233578363789503 0.6606079867221857 11
      vertex 5.031088913245535 0.25 11
    endloop
  endfacet
  facet normal 0.9469301294951055 -0.32143946530316253 0
    outer loop
      vertex 5.380740392011739 1.0941333421411774 0
      vertex 5.380740392011739 1.0941333421411774 11
      vertex 5.233578363789503 0.6606079867221857 11
    endloop
  endfacet
  facet normal 0.9807852804032305 -0.1950903220161286 0
    outer loop
      vertex 5.4700570148083365 1.5431583272298195 0
      vertex 5.4700570148083365 1.5431583272298195 11
      vertex 5.380740392011739 1.0941333421411774 11
    endloop
  endfacet
  facet normal 0.9978589232386036 -0.06540312923014295 0
    outer loop
      vertex 5.5 2 0
      vertex 5.5 2 11
      vertex 5.4700570148083365 1.5431583272298195 11
    endloop
  endfacet
  facet normal 0.9978589232386036 0.06540312923014291 0
    outer loop
      vertex 5.4700570148083365 2.4568416727701807 0
      vertex 5.4700570148083365 2.4568416727701807 11
      vertex 5.5 2 11
    endloop
  endfacet
  facet normal 0.9807852804032304 0.19509032201612866 0
    outer loop
      vertex 5.380740392011739 2.9058666578588226 0
      vertex 5.380740392011739 2.9058666578588226 11
      vertex 5.4700570148083365 2.4568416727701807 11
    endloop
  endfacet
  facet normal 0.8968727415326881 0.44228869021900136 0
    outer loop
      vertex 5.031088913245535 3.75 0
      vertex 5.031088913245535 3.75 11
      vertex 5.233578363789503 3.3393920132778145 11
    endloop
  endfacet
  facet normal 0.7518398074789785 0.6593458151000677 0
    outer loop
      vertex 4.474873734152917 4.474873734152917 0
      vertex 4.474873734152917 4.474873734152917 11
      vertex 4.776736691019323 4.130665001530522 11
    endloop
  endfacet
  facet normal 0.6593458151000677 0.7518398074789785 0
    outer loop
      vertex 4.474873734152917 4.474873734152917 0
      vertex 4.130665001530522 4.776736691019323 11
      vertex 4.474873734152917 4.474873734152917 11
    endloop
  endfacet
  facet normal 0.8314696123025458 0.5555702330196016 0
    outer loop
      vertex 4.776736691019323 4.130665001530522 0
      vertex 4.776736691019323 4.130665001530522 11
      vertex 5.031088913245535 3.75 11
    endloop
  endfacet
  facet normal 0.9469301294951055 0.32143946530316236 0
    outer loop
      vertex 5.233578363789503 3.3393920132778145 0
      vertex 5.233578363789503 3.3393920132778145 11
      vertex 5.380740392011739 2.9058666578588226 11
    endloop
  endfacet
  facet normal -0.5555702330196012 0.8314696123025459 0
    outer loop
      vertex 0.25 5.031088913245535 0
      vertex 0 4.8640442537657105 11
      vertex 0.25 5.031088913245535 11
    endloop
  endfacet
  facet normal -0.4422886902190012 0.8968727415326884 0
    outer loop
      vertex 0.6606079867221857 5.233578363789503 0
      vertex 0.25 5.031088913245535 11
      vertex 0.6606079867221857 5.233578363789503 11
    endloop
  endfacet
  facet normal -0.32143946530316253 0.9469301294951055 0
    outer loop
      vertex 1.0941333421411774 5.380740392011739 0
      vertex 0.6606079867221857 5.233578363789503 11
      vertex 1.0941333421411774 5.380740392011739 11
    endloop
  endfacet
  facet normal -0.1950903220161286 0.9807852804032305 0
    outer loop
      vertex 1.5431583272298195 5.4700570148083365 0
      vertex 1.0941333421411774 5.380740392011739 11
      vertex 1.5431583272298195 5.4700570148083365 11
    endloop
  endfacet
  facet normal -0.06540312923014295 0.9978589232386036 0
    outer loop
      vertex 2 5.5 0
      vertex 1.5431583272298195 5.4700570148083365 11
      vertex 2 5.5 11
    endloop
  endfacet
  facet normal 0.06540312923014291 0.9978589232386036 0
    outer loop
      vertex 2.4568416727701807 5.4700570148083365 0
      vertex 2 5.5 11
      vertex 2.4568416727701807 5.4700570148083365 11
    endloop
  endfacet
  facet normal 0.19509032201612866 0.9807852804032304 0
    outer loop
      vertex 2.9058666578588226 5.380740392011739 0
      vertex 2.4568416727701807 5.4700570148083365 11
      vertex 2.9058666578588226 5.380740392011739 11
    endloop
  endfacet
  facet normal 0.32143946530316236 0.9469301294951055 0
    outer loop
      vertex 3.3393920132778145 5.233578363789503 0
      vertex 2.9058666578588226 5.380740392011739 11
      vertex 3.3393920132778145 5.233578363789503 11
    endloop
  endfacet
  facet normal 0.44228869021900136 0.8968727415326881 0
    outer loop
      vertex 3.75 5.031088913245535 0
      vertex 3.3393920132778145 5.233578363789503 11
      vertex 3.75 5.031088913245535 11
    endloop
  endfacet
  facet normal 0.5555702330196016 0.8314696123025458 0
    outer loop
      vertex 4.130665001530522 4.776736691019323 0
      vertex 3.75 5.031088913245535 11
      vertex 4.130665001530522 4.776736691019323 11
    endloop
  endfacet
  facet normal 0 0 1
    outer loop
      vertex -0.8054994888781137 -0.08761843250467391 11
      vertex -0.8987670532981302 1.7311585432950078 11
      vertex -0.8582332481440996 -0.008696784500184691 11
    endloop
  endfacet
  facet normal 0 0 1
    outer loop
      vertex -0.8054994888781137 -0.08761843250467391 11
      vertex -0.826284287026162 0.6252852317751166 11
      vertex -0.8987670532981302 1.7311585432950078 11
    endloop
  endfacet
  facet normal 0 0 1
    outer loop
      vertex -0.8054994888781137 -0.08761843250467391 11
      vertex -0.7767366910193232 1.7009116213242716 11
      vertex -0.826284287026162 0.6252852317751166 11
    endloop
  endfacet
  facet normal 0 0 1
    outer loop
      vertex 1.0940749761359891 -1.3800600208737057 11
      vertex 0.8451505843608915 1.5216457095436378 11
      vertex 0.7422767741024751 -0.014262000471420205 11
    endloop
  endfacet
  facet normal 0 0 1
    outer loop
      vertex 1.0940749761359891 -1.3800600208737057 11
      vertex 1.375 0.9174682452694518 11
      vertex 1.2390482137390992 1.008308324635956 11
    endloop
  endfacet
  facet normal 0 0 1
    outer loop
      vertex 1.0940749761359891 -1.3800600208737057 11
      vertex 1.2390482137390992 1.008308324635956 11
      vertex 1.1161165235168156 1.1161165235168156 11
    endloop
  endfacet
  facet normal 0 0 1
    outer loop
      vertex 1.0940749761359891 -1.3800600208737057 11
      vertex 1.008308324635956 1.2390482137390992 11
      vertex 0.9174682452694518 1.375 11
    endloop
  endfacet
  facet normal 0 0 1
    outer loop
      vertex 1.0940749761359891 -1.3800600208737057 11
      vertex 1.1161165235168156 1.1161165235168156 11
      vertex 1.008308324635956 1.2390482137390992 11
    endloop
  endfacet
  facet normal 0 0 1
    outer loop
      vertex 1.0940749761359891 -1.3800600208737057 11
      vertex 0.9174682452694518 1.375 11
      vertex 0.8451505843608915 1.5216457095436378 11
    endloop
  endfacet
  facet normal 0 0 1
    outer loop
      vertex -0.1306650015305224 -0.2182366862967661 11
      vertex 0.18264887970374702 -0.0035093896230135677 11
      vertex 0 2.783174008820848 11
    endloop
  endfacet
  facet normal 0 0 1
    outer loop
      vertex 0.18264887970374702 -0.0035093896230135677 11
      vertex 0.7422767741024751 -0.014262000471420205 11
      vertex 0 2.783174008820848 11
    endloop
  endfacet
  facet normal 0 0 1
    outer loop
      vertex 0.7422767741024751 -0.014262000471420205 11
      vertex 0.8451505843608915 1.5216457095436378 11
      vertex 0.7925927171386646 1.676476193621849 11
    endloop
  endfacet
  facet normal 0 0 1
    outer loop
      vertex 0.7422767741024751 -0.014262000471420205 11
      vertex 0.7925927171386646 1.676476193621849 11
      vertex 0.760693923282737 1.8368422597249356 11
    endloop
  endfacet
  facet normal 0 0 1
    outer loop
      vertex 0.7422767741024751 -0.014262000471420205 11
      vertex 0.760693923282737 1.8368422597249356 11
      vertex 0.75 2 11
    endloop
  endfacet
  facet normal 0 0 1
    outer loop
      vertex 1.0940749761359891 -1.3800600208737057 11
      vertex 2.9058606676388634 -1.3800600208737057 11
      vertex 1.375 0.9174682452694518 11
    endloop
  endfacet
  facet normal 0 0 1
    outer loop
      vertex 2.9058606676388634 -1.3800600208737057 11
      vertex 1.5216457095436378 0.8451505843608915 11
      vertex 1.375 0.9174682452694518 11
    endloop
  endfacet
  facet normal 0 0 1
    outer loop
      vertex 2.9058606676388634 -1.3800600208737057 11
      vertex 1.676476193621849 0.7925927171386646 11
      vertex 1.5216457095436378 0.8451505843608915 11
    endloop
  endfacet
  facet normal 0 0 1
    outer loop
      vertex 2.9058606676388634 -1.3800600208737057 11
      vertex 1.8368422597249356 0.760693923282737 11
      vertex 1.676476193621849 0.7925927171386646 11
    endloop
  endfacet
  facet normal 0 0 1
    outer loop
      vertex 2.9058606676388634 -1.3800600208737057 11
      vertex 2 0.75 11
      vertex 1.8368422597249356 0.760693923282737 11
    endloop
  endfacet
  facet normal 0 0 1
    outer loop
      vertex 2.9058606676388634 -1.3800600208737057 11
      vertex 2.1631577402750644 0.760693923282737 11
      vertex 2 0.75 11
    endloop
  endfacet
  facet normal 0 0 1
    outer loop
      vertex 2.9058606676388634 -1.3800600208737057 11
      vertex 2.3235238063781507 0.7925927171386646 11
      vertex 2.1631577402750644 0.760693923282737 11
    endloop
  endfacet
  facet normal 0 0 1
    outer loop
      vertex 2.9058606676388634 -1.3800600208737057 11
      vertex 2.4783542904563625 0.8451505843608915 11
      vertex 2.3235238063781507 0.7925927171386646 11
    endloop
  endfacet
  facet normal 0 0 1
    outer loop
      vertex 2.9058606676388634 -1.3800600208737057 11
      vertex 3.1118431559136424 -0.05979051225237322 11
      vertex 2.8838834764831844 1.1161165235168156 11
    endloop
  endfacet
  facet normal 0 0 1
    outer loop
      vertex 2.9058606676388634 -1.3800600208737057 11
      vertex 2.625 0.9174682452694518 11
      vertex 2.4783542904563625 0.8451505843608915 11
    endloop
  endfacet
  facet normal 0 0 1
    outer loop
      vertex 2.9058606676388634 -1.3800600208737057 11
      vertex 2.7609517862609008 1.008308324635956 11
      vertex 2.625 0.9174682452694518 11
    endloop
  endfacet
  facet normal 0 0 1
    outer loop
      vertex 2.9058606676388634 -1.3800600208737057 11
      vertex 2.8838834764831844 1.1161165235168156 11
      vertex 2.7609517862609008 1.008308324635956 11
    endloop
  endfacet
  facet normal 0 0 1
    outer loop
      vertex 3.1118431559136424 -0.05979051225237322 11
      vertex 4.802389783856092 -0.09227243496082167 11
      vertex 2.8838834764831844 1.1161165235168156 11
    endloop
  endfacet
  facet normal 0 0 1
    outer loop
      vertex 4.802389783856092 -0.09227243496082167 11
      vertex 2.991691675364044 1.2390482137390992 11
      vertex 2.8838834764831844 1.1161165235168156 11
    endloop
  endfacet
  facet normal 0 0 1
    outer loop
      vertex 4.802389783856092 -0.09227243496082167 11
      vertex 3.082531754730548 1.375 11
      vertex 2.991691675364044 1.2390482137390992 11
    endloop
  endfacet
  facet normal 0 0 1
    outer loop
      vertex 4.802389783856092 -0.09227243496082167 11
      vertex 3.1548494156391085 1.5216457095436378 11
      vertex 3.082531754730548 1.375 11
    endloop
  endfacet
  facet normal 0 0 1
    outer loop
      vertex 4.802389783856092 -0.09227243496082167 11
      vertex 3.207407282861335 1.676476193621849 11
      vertex 3.1548494156391085 1.5216457095436378 11
    endloop
  endfacet
  facet normal 0 0 1
    outer loop
      vertex 4.802389783856092 -0.09227243496082167 11
      vertex 3.239306076717263 1.8368422597249356 11
      vertex 3.207407282861335 1.676476193621849 11
    endloop
  endfacet
  facet normal 0 0 1
    outer loop
      vertex 4.802389783856092 -0.09227243496082167 11
      vertex 3.25 2 11
      vertex 3.239306076717263 1.8368422597249356 11
    endloop
  endfacet
  facet normal 0 0 1
    outer loop
      vertex 0.7422767741024751 -0.014262000471420205 11
      vertex 0.25 5.031088913245535 11
      vertex 0 2.783174008820848 11
    endloop
  endfacet
  facet normal 0 0 1
    outer loop
      vertex 0.7422767741024751 -0.014262000471420205 11
      vertex 0.75 2 11
      vertex 0.6606079867221857 5.233578363789503 11
    endloop
  endfacet
  facet normal 0 0 1
    outer loop
      vertex 0.7422767741024751 -0.014262000471420205 11
      vertex 0.6606079867221857 5.233578363789503 11
      vertex 0.25 5.031088913245535 11
    endloop
  endfacet
  facet normal 0 0 1
    outer loop
      vertex 0.6606079867221857 5.233578363789503 11
      vertex 0.75 2 11
      vertex 0.760693923282737 2.1631577402750644 11
    endloop
  endfacet
  facet normal 0 0 1
    outer loop
      vertex 0.6606079867221857 5.233578363789503 11
      vertex 0.760693923282737 2.1631577402750644 11
      vertex 0.7925927171386646 2.3235238063781507 11
    endloop
  endfacet
  facet normal 0 0 1
    outer loop
      vertex 0.6606079867221857 5.233578363789503 11
      vertex 0.7925927171386646 2.3235238063781507 11
      vertex 0.8451505843608915 2.4783542904563625 11
    endloop
  endfacet
  facet normal 0 0 1
    outer loop
      vertex 0.6606079867221857 5.233578363789503 11
      vertex 0.8451505843608915 2.4783542904563625 11
      vertex 0.9174682452694518 2.625 11
    endloop
  endfacet
  facet normal 0 0 1
    outer loop
      vertex 0.6606079867221857 5.233578363789503 11
      vertex 0.9174682452694518 2.625 11
      vertex 1.008308324635956 2.7609517862609008 11
    endloop
  endfacet
  facet normal 0 0 1
    outer loop
      vertex 0.6606079867221857 5.233578363789503 11
      vertex 1.008308324635956 2.7609517862609008 11
      vertex 1.1161165235168156 2.8838834764831844 11
    endloop
  endfacet
  facet normal 0 0 1
    outer loop
      vertex 1.0941333421411774 5.380740392011739 11
      vertex 1.1161165235168156 2.8838834764831844 11
      vertex 1.2390482137390992 2.991691675364044 11
    endloop
  endfacet
  facet normal 0 0 1
    outer loop
      vertex 1.0941333421411774 5.380740392011739 11
      vertex 1.2390482137390992 2.991691675364044 11
      vertex 1.375 3.082531754730548 11
    endloop
  endfacet
  facet normal 0 0 1
    outer loop
      vertex 0 2.783174008820848 11
      vertex 0.25 5.031088913245535 11
      vertex 0 4.8640442537657105 11
    endloop
  endfacet
  facet normal 0 0 1
    outer loop
      vertex 0.6606079867221857 5.233578363789503 11
      vertex 1.1161165235168156 2.8838834764831844 11
      vertex 1.0941333421411774 5.380740392011739 11
    endloop
  endfacet
  facet normal 0 0 1
    outer loop
      vertex 4.802389783856092 -0.09227243496082167 11
      vertex 3.3393920132778145 5.233578363789503 11
      vertex 3.25 2 11
    endloop
  endfacet
  facet normal 0 0 1
    outer loop
      vertex 1.0941333421411774 5.380740392011739 11
      vertex 1.375 3.082531754730548 11
      vertex 1.5216457095436378 3.1548494156391085 11
    endloop
  endfacet
  facet normal 0 0 1
    outer loop
      vertex 2.4568416727701807 5.4700570148083365 11
      vertex 2.4783542904563625 3.1548494156391085 11
      vertex 2.625 3.082531754730548 11
    endloop
  endfacet
  facet normal 0 0 1
    outer loop
      vertex 1.0941333421411774 5.380740392011739 11
      vertex 1.5216457095436378 3.1548494156391085 11
      vertex 1.676476193621849 3.207407282861335 11
    endloop
  endfacet
  facet normal 0 0 1
    outer loop
      vertex 1.5431583272298195 5.4700570148083365 11
      vertex 1.676476193621849 3.207407282861335 11
      vertex 1.8368422597249356 3.239306076717263 11
    endloop
  endfacet
  facet normal 0 0 1
    outer loop
      vertex 1.5431583272298195 5.4700570148083365 11
      vertex 1.8368422597249356 3.239306076717263 11
      vertex 2 3.25 11
    endloop
  endfacet
  facet normal 0 0 1
    outer loop
      vertex 1.0941333421411774 5.380740392011739 11
      vertex 1.676476193621849 3.207407282861335 11
      vertex 1.5431583272298195 5.4700570148083365 11
    endloop
  endfacet
  facet normal 0 0 1
    outer loop
      vertex 1.5431583272298195 5.4700570148083365 11
      vertex 2 3.25 11
      vertex 2 5.5 11
    endloop
  endfacet
  facet normal 0 0 1
    outer loop
      vertex 2 5.5 11
      vertex 2 3.25 11
      vertex 2.1631577402750644 3.239306076717263 11
    endloop
  endfacet
  facet normal 0 0 1
    outer loop
      vertex 2.4568416727701807 5.4700570148083365 11
      vertex 2.1631577402750644 3.239306076717263 11
      vertex 2.3235238063781507 3.207407282861335 11
    endloop
  endfacet
  facet normal 0 0 1
    outer loop
      vertex 2.4568416727701807 5.4700570148083365 11
      vertex 2.3235238063781507 3.207407282861335 11
      vertex 2.4783542904563625 3.1548494156391085 11
    endloop
  endfacet
  facet normal 0 0 1
    outer loop
      vertex 2 5.5 11
      vertex 2.1631577402750644 3.239306076717263 11
      vertex 2.4568416727701807 5.4700570148083365 11
    endloop
  endfacet
  facet normal 0 0 1
    outer loop
      vertex 3.3393920132778145 5.233578363789503 11
      vertex 3.207407282861335 2.3235238063781507 11
      vertex 3.239306076717263 2.1631577402750644 11
    endloop
  endfacet
  facet normal 0 0 1
    outer loop
      vertex 3.3393920132778145 5.233578363789503 11
      vertex 3.1548494156391085 2.4783542904563625 11
      vertex 3.207407282861335 2.3235238063781507 11
    endloop
  endfacet
  facet normal 0 0 1
    outer loop
      vertex 2.9058666578588226 5.380740392011739 11
      vertex 2.8838834764831844 2.8838834764831844 11
      vertex 2.991691675364044 2.7609517862609008 11
    endloop
  endfacet
  facet normal 0 0 1
    outer loop
      vertex 2.9058666578588226 5.380740392011739 11
      vertex 2.625 3.082531754730548 11
      vertex 2.7609517862609008 2.991691675364044 11
    endloop
  endfacet
  facet normal 0 0 1
    outer loop
      vertex 2.9058666578588226 5.380740392011739 11
      vertex 2.7609517862609008 2.991691675364044 11
      vertex 2.8838834764831844 2.8838834764831844 11
    endloop
  endfacet
  facet normal 0 0 1
    outer loop
      vertex 2.9058666578588226 5.380740392011739 11
      vertex 2.991691675364044 2.7609517862609008 11
      vertex 3.082531754730548 2.625 11
    endloop
  endfacet
  facet normal 0 0 1
    outer loop
      vertex 2.9058666578588226 5.380740392011739 11
      vertex 3.082531754730548 2.625 11
      vertex 3.1548494156391085 2.4783542904563625 11
    endloop
  endfacet
  facet normal 0 0 1
    outer loop
      vertex 3.3393920132778145 5.233578363789503 11
      vertex 3.239306076717263 2.1631577402750644 11
      vertex 3.25 2 11
    endloop
  endfacet
  facet normal 0 0 1
    outer loop
      vertex 2.4568416727701807 5.4700570148083365 11
      vertex 2.625 3.082531754730548 11
      vertex 2.9058666578588226 5.380740392011739 11
    endloop
  endfacet
  facet normal 0 0 1
    outer loop
      vertex 2.9058666578588226 5.380740392011739 11
      vertex 3.1548494156391085 2.4783542904563625 11
      vertex 3.3393920132778145 5.233578363789503 11
    endloop
  endfacet
  facet normal 0 0 1
    outer loop
      vertex 4.802389783856092 -0.09227243496082167 11
      vertex 4.8640442537657105 0 11
      vertex 4.776736691019323 4.130665001530522 11
    endloop
  endfacet
  facet normal 0 0 1
    outer loop
      vertex 4.8640442537657105 0 11
      vertex 5.031088913245535 0.25 11
      vertex 4.776736691019323 4.130665001530522 11
    endloop
  endfacet
  facet normal 0 0 1
    outer loop
      vertex 5.031088913245535 0.25 11
      vertex 5.233578363789503 0.6606079867221857 11
      vertex 5.031088913245535 3.75 11
    endloop
  endfacet
  facet normal 0 0 1
    outer loop
      vertex 4.802389783856092 -0.09227243496082167 11
      vertex 4.474873734152917 4.474873734152917 11
      vertex 4.130665001530522 4.776736691019323 11
    endloop
  endfacet
  facet normal 0 0 1
    outer loop
      vertex 5.233578363789503 0.6606079867221857 11
      vertex 5.233578363789503 3.3393920132778145 11
      vertex 5.031088913245535 3.75 11
    endloop
  endfacet
  facet normal 0 0 1
    outer loop
      vertex 4.802389783856092 -0.09227243496082167 11
      vertex 4.776736691019323 4.130665001530522 11
      vertex 4.474873734152917 4.474873734152917 11
    endloop
  endfacet
  facet normal 0 0 1
    outer loop
      vertex 5.031088913245535 0.25 11
      vertex 5.031088913245535 3.75 11
      vertex 4.776736691019323 4.130665001530522 11
    endloop
  endfacet
  facet normal 0 0 1
    outer loop
      vertex 5.233578363789503 0.6606079867221857 11
      vertex 5.380740392011739 1.0941333421411774 11
      vertex 5.233578363789503 3.3393920132778145 11
    endloop
  endfacet
  facet normal 0 0 1
    outer loop
      vertex 5.380740392011739 1.0941333421411774 11
      vertex 5.4700570148083365 1.5431583272298195 11
      vertex 5.380740392011739 2.9058666578588226 11
    endloop
  endfacet
  facet normal 0 0 1
    outer loop
      vertex 5.4700570148083365 1.5431583272298195 11
      vertex 5.5 2 11
      vertex 5.4700570148083365 2.4568416727701807 11
    endloop
  endfacet
  facet normal 0 0 1
    outer loop
      vertex 5.4700570148083365 1.5431583272298195 11
      vertex 5.4700570148083365 2.4568416727701807 11
      vertex 5.380740392011739 2.9058666578588226 11
    endloop
  endfacet
  facet normal 0 0 1
    outer loop
      vertex 5.380740392011739 1.0941333421411774 11
      vertex 5.380740392011739 2.9058666578588226 11
      vertex 5.233578363789503 3.3393920132778145 11
    endloop
  endfacet
  facet normal 0 0 1
    outer loop
      vertex 4.802389783856092 -0.09227243496082167 11
      vertex 4.130665001530522 4.776736691019323 11
      vertex 3.75 5.031088913245535 11
    endloop
  endfacet
  facet normal 0 0 1
    outer loop
      vertex 4.802389783856092 -0.09227243496082167 11
      vertex 3.75 5.031088913245535 11
      vertex 3.3393920132778145 5.233578363789503 11
    endloop
  endfacet
  facet normal -0.555570233019593 -0.8314696123025513 0
    outer loop
      vertex 0.25 44.96891108675447 0
      vertex 0.25 44.96891108675447 11
      vertex 0 45.13595574623429 0
    endloop
  endfacet
  facet normal -0.44228869021900735 -0.8968727415326851 1.903817634180413e-19
    outer loop
      vertex 0.25 44.96891108675447 0
      vertex 0.6606079867221857 44.766421636210495 0
      vertex 0.6606079867221857 44.766421636210495 11
    endloop
  endfacet
  facet normal -0.32143946530315726 -0.9469301294951071 1.3366436836615914e-18
    outer loop
      vertex 0.6606079867221857 44.766421636210495 0
      vertex 1.0941333421411774 44.61925960798826 0
      vertex 1.0941333421411774 44.61925960798826 11
    endloop
  endfacet
  facet normal -0.195090322016123 -0.9807852804032315 4.848705050781902e-19
    outer loop
      vertex 1.0941333421411774 44.61925960798826 0
      vertex 1.5431583272298195 44.52994298519167 0
      vertex 1.5431583272298195 44.52994298519167 11
    endloop
  endfacet
  facet normal -0.06540312923015067 -0.9978589232386031 7.757800661478689e-20
    outer loop
      vertex 1.5431583272298195 44.52994298519167 0
      vertex 2 44.5 0
      vertex 2 44.5 11
    endloop
  endfacet
  facet normal 0.06540312923015063 -0.9978589232386029 -1.352057323595318e-19
    outer loop
      vertex 2 44.5 0
      vertex 2.4568416727701807 44.52994298519167 0
      vertex 2.4568416727701807 44.52994298519167 11
    endloop
  endfacet
  facet normal 0.19509032201612306 -0.9807852804032315 -2.8939801006744474e-19
    outer loop
      vertex 2.4568416727701807 44.52994298519167 0
      vertex 2.9058666578588226 44.61925960798826 0
      vertex 2.9058666578588226 44.61925960798826 11
    endloop
  endfacet
  facet normal 0.3214394653031571 -0.9469301294951071 -3.5949539414288963e-19
    outer loop
      vertex 2.9058666578588226 44.61925960798826 0
      vertex 3.3393920132778145 44.766421636210495 0
      vertex 3.3393920132778145 44.766421636210495 11
    endloop
  endfacet
  facet normal 0.44228869021900763 -0.8968727415326851 -8.512831851197435e-19
    outer loop
      vertex 3.3393920132778145 44.766421636210495 0
      vertex 3.75 44.96891108675447 0
      vertex 3.75 44.96891108675447 11
    endloop
  endfacet
  facet normal 0.555570233019599 -0.8314696123025476 -4.153507461178157e-19
    outer loop
      vertex 3.75 44.96891108675447 0
      vertex 4.130665001530522 45.22326330898068 0
      vertex 4.130665001530522 45.22326330898068 11
    endloop
  endfacet
  facet normal 0.6593458151000698 -0.7518398074789765 8.593748834805881e-19
    outer loop
      vertex 4.130665001530522 45.22326330898068 0
      vertex 4.474873734152917 45.525126265847085 0
      vertex 4.474873734152917 45.525126265847085 11
    endloop
  endfacet
  facet normal 0.751839807478975 -0.6593458151000715 0
    outer loop
      vertex 4.474873734152917 45.525126265847085 0
      vertex 4.776736691019323 45.869334998469476 0
      vertex 4.474873734152917 45.525126265847085 11
    endloop
  endfacet
  facet normal 0.8314696123025469 -0.5555702330195997 0
    outer loop
      vertex 4.776736691019323 45.869334998469476 0
      vertex 5.031088913245535 46.25 0
      vertex 4.776736691019323 45.869334998469476 11
    endloop
  endfacet
  facet normal 0.8968727415326875 -0.4422886902190029 0
    outer loop
      vertex 5.031088913245535 46.25 0
      vertex 5.233578363789503 46.660607986722184 0
      vertex 5.031088913245535 46.25 11
    endloop
  endfacet
  facet normal 0.9469301294951056 -0.3214394653031614 0
    outer loop
      vertex 5.233578363789503 46.660607986722184 0
      vertex 5.380740392011739 47.09413334214118 0
      vertex 5.233578363789503 46.660607986722184 11
    endloop
  endfacet
  facet normal 0.9807852804032303 -0.19509032201612883 0
    outer loop
      vertex 5.380740392011739 47.09413334214118 0
      vertex 5.4700570148083365 47.54315832722982 0
      vertex 5.380740392011739 47.09413334214118 11
    endloop
  endfacet
  facet normal 0.9978589232386035 -0.06540312923014277 0
    outer loop
      vertex 5.4700570148083365 47.54315832722982 0
      vertex 5.5 48 0
      vertex 5.4700570148083365 47.54315832722982 11
    endloop
  endfacet
  facet normal 0.9978589232386035 0.06540312923014277 0
    outer loop
      vertex 5.5 48 0
      vertex 5.4700570148083365 48.45684167277018 0
      vertex 5.5 48 11
    endloop
  endfacet
  facet normal 0.9807852804032303 0.19509032201612883 0
    outer loop
      vertex 5.4700570148083365 48.45684167277018 0
      vertex 5.380740392011739 48.90586665785882 0
      vertex 5.4700570148083365 48.45684167277018 11
    endloop
  endfacet
  facet normal 0.8968727415326875 0.4422886902190029 0
    outer loop
      vertex 5.233578363789503 49.339392013277816 0
      vertex 5.031088913245535 49.75 0
      vertex 5.233578363789503 49.339392013277816 11
    endloop
  endfacet
  facet normal 0.8314696123025473 0.5555702330195992 0
    outer loop
      vertex 5.031088913245535 49.75 0
      vertex 4.864044253765711 50 0
      vertex 4.864044253765711 50 11
    endloop
  endfacet
  facet normal 0.9469301294951056 0.3214394653031614 -6.447427403059299e-19
    outer loop
      vertex 5.233578363789503 49.339392013277816 0
      vertex 5.380740392011739 48.90586665785882 11
      vertex 5.380740392011739 48.90586665785882 0
    endloop
  endfacet
  facet normal -0.555570233019593 -0.8314696123025513 0
    outer loop
      vertex 0 45.13595574623429 0
      vertex 0.25 44.96891108675447 11
      vertex 0 45.13595574623429 11
    endloop
  endfacet
  facet normal -0.44228869021900735 -0.8968727415326851 0
    outer loop
      vertex 0.25 44.96891108675447 0
      vertex 0.6606079867221857 44.766421636210495 11
      vertex 0.25 44.96891108675447 11
    endloop
  endfacet
  facet normal -0.32143946530315726 -0.9469301294951071 0
    outer loop
      vertex 0.6606079867221857 44.766421636210495 0
      vertex 1.0941333421411774 44.61925960798826 11
      vertex 0.6606079867221857 44.766421636210495 11
    endloop
  endfacet
  facet normal -0.195090322016123 -0.9807852804032315 0
    outer loop
      vertex 1.0941333421411774 44.61925960798826 0
      vertex 1.5431583272298195 44.52994298519167 11
      vertex 1.0941333421411774 44.61925960798826 11
    endloop
  endfacet
  facet normal -0.06540312923015067 -0.9978589232386031 0
    outer loop
      vertex 1.5431583272298195 44.52994298519167 0
      vertex 2 44.5 11
      vertex 1.5431583272298195 44.52994298519167 11
    endloop
  endfacet
  facet normal 0.06540312923015063 -0.9978589232386029 0
    outer loop
      vertex 2 44.5 0
      vertex 2.4568416727701807 44.52994298519167 11
      vertex 2 44.5 11
    endloop
  endfacet
  facet normal 0.19509032201612306 -0.9807852804032315 0
    outer loop
      vertex 2.4568416727701807 44.52994298519167 0
      vertex 2.9058666578588226 44.61925960798826 11
      vertex 2.4568416727701807 44.52994298519167 11
    endloop
  endfacet
  facet normal 0.3214394653031571 -0.9469301294951071 0
    outer loop
      vertex 2.9058666578588226 44.61925960798826 0
      vertex 3.3393920132778145 44.766421636210495 11
      vertex 2.9058666578588226 44.61925960798826 11
    endloop
  endfacet
  facet normal 0.44228869021900763 -0.8968727415326851 0
    outer loop
      vertex 3.3393920132778145 44.766421636210495 0
      vertex 3.75 44.96891108675447 11
      vertex 3.3393920132778145 44.766421636210495 11
    endloop
  endfacet
  facet normal 0.555570233019599 -0.8314696123025476 0
    outer loop
      vertex 3.75 44.96891108675447 0
      vertex 4.130665001530522 45.22326330898068 11
      vertex 3.75 44.96891108675447 11
    endloop
  endfacet
  facet normal 0.6593458151000698 -0.7518398074789765 0
    outer loop
      vertex 4.130665001530522 45.22326330898068 0
      vertex 4.474873734152917 45.525126265847085 11
      vertex 4.130665001530522 45.22326330898068 11
    endloop
  endfacet
  facet normal 0.751839807478975 -0.6593458151000715 0
    outer loop
      vertex 4.776736691019323 45.869334998469476 0
      vertex 4.776736691019323 45.869334998469476 11
      vertex 4.474873734152917 45.525126265847085 11
    endloop
  endfacet
  facet normal 0.8314696123025469 -0.5555702330195997 0
    outer loop
      vertex 5.031088913245535 46.25 0
      vertex 5.031088913245535 46.25 11
      vertex 4.776736691019323 45.869334998469476 11
    endloop
  endfacet
  facet normal 0.8968727415326875 -0.4422886902190029 0
    outer loop
      vertex 5.233578363789503 46.660607986722184 0
      vertex 5.233578363789503 46.660607986722184 11
      vertex 5.031088913245535 46.25 11
    endloop
  endfacet
  facet normal 0.9469301294951056 -0.3214394653031614 0
    outer loop
      vertex 5.380740392011739 47.09413334214118 0
      vertex 5.380740392011739 47.09413334214118 11
      vertex 5.233578363789503 46.660607986722184 11
    endloop
  endfacet
  facet normal 0.9807852804032303 -0.19509032201612883 0
    outer loop
      vertex 5.4700570148083365 47.54315832722982 0
      vertex 5.4700570148083365 47.54315832722982 11
      vertex 5.380740392011739 47.09413334214118 11
    endloop
  endfacet
  facet normal 0.9978589232386035 -0.06540312923014277 0
    outer loop
      vertex 5.5 48 0
      vertex 5.5 48 11
      vertex 5.4700570148083365 47.54315832722982 11
    endloop
  endfacet
  facet normal 0.9978589232386035 0.06540312923014277 0
    outer loop
      vertex 5.4700570148083365 48.45684167277018 0
      vertex 5.4700570148083365 48.45684167277018 11
      vertex 5.5 48 11
    endloop
  endfacet
  facet normal 0.8968727415326875 0.4422886902190029 0
    outer loop
      vertex 5.031088913245535 49.75 0
      vertex 5.031088913245535 49.75 11
      vertex 5.233578363789503 49.339392013277816 11
    endloop
  endfacet
  facet normal 0.8314696123025473 0.5555702330195992 0
    outer loop
      vertex 5.031088913245535 49.75 0
      vertex 4.864044253765711 50 11
      vertex 5.031088913245535 49.75 11
    endloop
  endfacet
  facet normal 0.9807852804032303 0.19509032201612883 0
    outer loop
      vertex 5.380740392011739 48.90586665785882 0
      vertex 5.380740392011739 48.90586665785882 11
      vertex 5.4700570148083365 48.45684167277018 11
    endloop
  endfacet
  facet normal 0.9469301294951056 0.3214394653031614 0
    outer loop
      vertex 5.233578363789503 49.339392013277816 0
      vertex 5.233578363789503 49.339392013277816 11
      vertex 5.380740392011739 48.90586665785882 11
    endloop
  endfacet
  facet normal 0 0 1
    outer loop
      vertex 0.6606079867221857 44.766421636210495 11
      vertex 1.0941333421411774 44.61925960798826 11
      vertex 0.8451505843608915 47.52164570954364 11
    endloop
  endfacet
  facet normal 0 0 1
    outer loop
      vertex 0.25 44.96891108675447 11
      vertex -0.015713325571335025 49.02291302925725 11
      vertex 0 45.13595574623429 11
    endloop
  endfacet
  facet normal 0 0 1
    outer loop
      vertex -0.07739102148437368 45.1876667735569 11
      vertex 0 45.13595574623429 11
      vertex -0.015713325571335025 49.02291302925725 11
    endloop
  endfacet
  facet normal 0 0 1
    outer loop
      vertex 0.25 44.96891108675447 11
      vertex 0.6606079867221857 44.766421636210495 11
      vertex 0.25 50 11
    endloop
  endfacet
  facet normal 0 0 1
    outer loop
      vertex 1.0941333421411774 44.61925960798826 11
      vertex 1.375 46.917468245269454 11
      vertex 1.2390482137390992 47.008308324635955 11
    endloop
  endfacet
  facet normal 0 0 1
    outer loop
      vertex 1.0941333421411774 44.61925960798826 11
      vertex 1.2390482137390992 47.008308324635955 11
      vertex 1.1161165235168156 47.116116523516816 11
    endloop
  endfacet
  facet normal 0 0 1
    outer loop
      vertex 1.0941333421411774 44.61925960798826 11
      vertex 1.1161165235168156 47.116116523516816 11
      vertex 1.008308324635956 47.239048213739096 11
    endloop
  endfacet
  facet normal 0 0 1
    outer loop
      vertex 1.0941333421411774 44.61925960798826 11
      vertex 1.008308324635956 47.239048213739096 11
      vertex 0.9174682452694518 47.375 11
    endloop
  endfacet
  facet normal 0 0 1
    outer loop
      vertex 1.0941333421411774 44.61925960798826 11
      vertex 0.9174682452694518 47.375 11
      vertex 0.8451505843608915 47.52164570954364 11
    endloop
  endfacet
  facet normal 0 0 1
    outer loop
      vertex 0.6606079867221857 44.766421636210495 11
      vertex 0.8451505843608915 47.52164570954364 11
      vertex 0.7925927171386646 47.67647619362185 11
    endloop
  endfacet
  facet normal 0 0 1
    outer loop
      vertex 0.6606079867221857 44.766421636210495 11
      vertex 0.7925927171386646 47.67647619362185 11
      vertex 0.760693923282737 47.83684225972493 11
    endloop
  endfacet
  facet normal 0 0 1
    outer loop
      vertex 0.6606079867221857 44.766421636210495 11
      vertex 0.760693923282737 47.83684225972493 11
      vertex 0.75 48 11
    endloop
  endfacet
  facet normal 0 0 1
    outer loop
      vertex 0.6606079867221857 44.766421636210495 11
      vertex 0.75 48 11
      vertex 0.25 50 11
    endloop
  endfacet
  facet normal 0 0 1
    outer loop
      vertex 0.25 44.96891108675447 11
      vertex 0.25 50 11
      vertex -0.015713325571335025 49.02291302925725 11
    endloop
  endfacet
  facet normal 0 0 1
    outer loop
      vertex 1.0941333421411774 44.61925960798826 11
      vertex 1.5431583272298195 44.52994298519167 11
      vertex 1.375 46.917468245269454 11
    endloop
  endfacet
  facet normal 0 0 1
    outer loop
      vertex 1.5431583272298195 44.52994298519167 11
      vertex 2 44.5 11
      vertex 1.8368422597249356 46.76069392328274 11
    endloop
  endfacet
  facet normal 0 0 1
    outer loop
      vertex 1.5431583272298195 44.52994298519167 11
      vertex 1.676476193621849 46.79259271713867 11
      vertex 1.5216457095436378 46.845150584360894 11
    endloop
  endfacet
  facet normal 0 0 1
    outer loop
      vertex 1.5431583272298195 44.52994298519167 11
      vertex 1.8368422597249356 46.76069392328274 11
      vertex 1.676476193621849 46.79259271713867 11
    endloop
  endfacet
  facet normal 0 0 1
    outer loop
      vertex 2 44.5 11
      vertex 2.4568416727701807 44.52994298519167 11
      vertex 2 46.75 11
    endloop
  endfacet
  facet normal 0 0 1
    outer loop
      vertex 2.4568416727701807 44.52994298519167 11
      vertex 2.9058666578588226 44.61925960798826 11
      vertex 2.3235238063781507 46.79259271713867 11
    endloop
  endfacet
  facet normal 0 0 1
    outer loop
      vertex 2 44.5 11
      vertex 2 46.75 11
      vertex 1.8368422597249356 46.76069392328274 11
    endloop
  endfacet
  facet normal 0 0 1
    outer loop
      vertex 2.4568416727701807 44.52994298519167 11
      vertex 2.1631577402750644 46.76069392328274 11
      vertex 2 46.75 11
    endloop
  endfacet
  facet normal 0 0 1
    outer loop
      vertex 2.4568416727701807 44.52994298519167 11
      vertex 2.3235238063781507 46.79259271713867 11
      vertex 2.1631577402750644 46.76069392328274 11
    endloop
  endfacet
  facet normal 0 0 1
    outer loop
      vertex 2.9058666578588226 44.61925960798826 11
      vertex 2.4783542904563625 46.845150584360894 11
      vertex 2.3235238063781507 46.79259271713867 11
    endloop
  endfacet
  facet normal 0 0 1
    outer loop
      vertex 1.5431583272298195 44.52994298519167 11
      vertex 1.5216457095436378 46.845150584360894 11
      vertex 1.375 46.917468245269454 11
    endloop
  endfacet
  facet normal 0 0 1
    outer loop
      vertex 2.9058666578588226 44.61925960798826 11
      vertex 3.3393920132778145 44.766421636210495 11
      vertex 2.8838834764831844 47.116116523516816 11
    endloop
  endfacet
  facet normal 0 0 1
    outer loop
      vertex 2.9058666578588226 44.61925960798826 11
      vertex 2.625 46.917468245269454 11
      vertex 2.4783542904563625 46.845150584360894 11
    endloop
  endfacet
  facet normal 0 0 1
    outer loop
      vertex 2.9058666578588226 44.61925960798826 11
      vertex 2.7609517862609008 47.008308324635955 11
      vertex 2.625 46.917468245269454 11
    endloop
  endfacet
  facet normal 0 0 1
    outer loop
      vertex 2.9058666578588226 44.61925960798826 11
      vertex 2.8838834764831844 47.116116523516816 11
      vertex 2.7609517862609008 47.008308324635955 11
    endloop
  endfacet
  facet normal 0 0 1
    outer loop
      vertex 3.3393920132778145 44.766421636210495 11
      vertex 2.991691675364044 47.239048213739096 11
      vertex 2.8838834764831844 47.116116523516816 11
    endloop
  endfacet
  facet normal 0 0 1
    outer loop
      vertex 3.3393920132778145 44.766421636210495 11
      vertex 3.082531754730548 47.375 11
      vertex 2.991691675364044 47.239048213739096 11
    endloop
  endfacet
  facet normal 0 0 1
    outer loop
      vertex 3.3393920132778145 44.766421636210495 11
      vertex 3.1548494156391085 47.52164570954364 11
      vertex 3.082531754730548 47.375 11
    endloop
  endfacet
  facet normal 0 0 1
    outer loop
      vertex 3.3393920132778145 44.766421636210495 11
      vertex 3.207407282861335 47.67647619362185 11
      vertex 3.1548494156391085 47.52164570954364 11
    endloop
  endfacet
  facet normal 0 0 1
    outer loop
      vertex 3.3393920132778145 44.766421636210495 11
      vertex 3.239306076717263 47.83684225972493 11
      vertex 3.207407282861335 47.67647619362185 11
    endloop
  endfacet
  facet normal 0 0 1
    outer loop
      vertex 3.3393920132778145 44.766421636210495 11
      vertex 3.75 44.96891108675447 11
      vertex 3.2567679690674205 50 11
    endloop
  endfacet
  facet normal 0 0 1
    outer loop
      vertex 3.3393920132778145 44.766421636210495 11
      vertex 3.25 48 11
      vertex 3.239306076717263 47.83684225972493 11
    endloop
  endfacet
  facet normal 0 0 1
    outer loop
      vertex 3.75 44.96891108675447 11
      vertex 4.130665001530522 45.22326330898068 11
      vertex 3.2567679690674205 50 11
    endloop
  endfacet
  facet normal 0 0 1
    outer loop
      vertex 3.3393920132778145 44.766421636210495 11
      vertex 3.2567679690674205 50 11
      vertex 3.25 48 11
    endloop
  endfacet
  facet normal 0 0 1
    outer loop
      vertex -0.08955908400307477 50.14958158260948 11
      vertex -0.1306650015305224 50.21823668629677 11
      vertex -0.015713325571335025 49.02291302925725 11
    endloop
  endfacet
  facet normal 0 0 1
    outer loop
      vertex 0.25 50 11
      vertex 0.75 48 11
      vertex 0.760693923282737 48.16315774027507 11
    endloop
  endfacet
  facet normal 0 0 1
    outer loop
      vertex 0.25 50 11
      vertex 0.760693923282737 48.16315774027507 11
      vertex 0.7925927171386646 48.32352380637815 11
    endloop
  endfacet
  facet normal 0 0 1
    outer loop
      vertex 0.25 50 11
      vertex 0.7925927171386646 48.32352380637815 11
      vertex 0.8451505843608915 48.47835429045636 11
    endloop
  endfacet
  facet normal 0 0 1
    outer loop
      vertex 0.25 50 11
      vertex 0.8451505843608915 48.47835429045636 11
      vertex 0.9174682452694518 48.625 11
    endloop
  endfacet
  facet normal 0 0 1
    outer loop
      vertex 0.25 50 11
      vertex 0.9174682452694518 48.625 11
      vertex 1.008308324635956 48.760951786260904 11
    endloop
  endfacet
  facet normal 0 0 1
    outer loop
      vertex 0.25 50 11
      vertex 1.008308324635956 48.760951786260904 11
      vertex 1.1161165235168156 48.883883476483184 11
    endloop
  endfacet
  facet normal 0 0 1
    outer loop
      vertex -0.08955908400307477 50.14958158260948 11
      vertex -0.015713325571335025 49.02291302925725 11
      vertex 0.25 50 11
    endloop
  endfacet
  facet normal 0 0 1
    outer loop
      vertex 0.25 50 11
      vertex 1.1161165235168156 48.883883476483184 11
      vertex 0.8997477484618203 50 11
    endloop
  endfacet
  facet normal 0 0 1
    outer loop
      vertex 1.092129033400702 51.38006002087371 11
      vertex 1.1161165235168156 48.883883476483184 11
      vertex 1.2390482137390992 48.991691675364045 11
    endloop
  endfacet
  facet normal 0 0 1
    outer loop
      vertex 1.092129033400702 51.38006002087371 11
      vertex 1.2390482137390992 48.991691675364045 11
      vertex 1.375 49.082531754730546 11
    endloop
  endfacet
  facet normal 0 0 1
    outer loop
      vertex 0.8997477484618203 50 11
      vertex 1.1161165235168156 48.883883476483184 11
      vertex 1.092129033400702 51.38006002087371 11
    endloop
  endfacet
  facet normal 0 0 1
    outer loop
      vertex 0.8997477484618203 50 11
      vertex 1.092129033400702 51.38006002087371 11
      vertex 0.9893595949222368 51.345174497301194 11
    endloop
  endfacet
  facet normal 0 0 1
    outer loop
      vertex 1.092129033400702 51.38006002087371 11
      vertex 1.375 49.082531754730546 11
      vertex 1.5216457095436378 49.154849415639106 11
    endloop
  endfacet
  facet normal 0 0 1
    outer loop
      vertex 1.092129033400702 51.38006002087371 11
      vertex 1.5216457095436378 49.154849415639106 11
      vertex 1.676476193621849 49.20740728286133 11
    endloop
  endfacet
  facet normal 0 0 1
    outer loop
      vertex 1.092129033400702 51.38006002087371 11
      vertex 1.676476193621849 49.20740728286133 11
      vertex 1.8368422597249356 49.23930607671726 11
    endloop
  endfacet
  facet normal 0 0 1
    outer loop
      vertex 1.092129033400702 51.38006002087371 11
      vertex 1.8368422597249356 49.23930607671726 11
      vertex 2 49.25 11
    endloop
  endfacet
  facet normal 0 0 1
    outer loop
      vertex 1.092129033400702 51.38006002087371 11
      vertex 2 49.25 11
      vertex 2.1631577402750644 49.23930607671726 11
    endloop
  endfacet
  facet normal 0 0 1
    outer loop
      vertex 1.092129033400702 51.38006002087371 11
      vertex 2.1631577402750644 49.23930607671726 11
      vertex 2.3235238063781507 49.20740728286133 11
    endloop
  endfacet
  facet normal 0 0 1
    outer loop
      vertex 1.092129033400702 51.38006002087371 11
      vertex 2.4783542904563625 49.154849415639106 11
      vertex 2.625 49.082531754730546 11
    endloop
  endfacet
  facet normal 0 0 1
    outer loop
      vertex 1.092129033400702 51.38006002087371 11
      vertex 2.3235238063781507 49.20740728286133 11
      vertex 2.4783542904563625 49.154849415639106 11
    endloop
  endfacet
  facet normal 0 0 1
    outer loop
      vertex 3.2567679690674205 50 11
      vertex 3.239306076717263 48.16315774027507 11
      vertex 3.25 48 11
    endloop
  endfacet
  facet normal 0 0 1
    outer loop
      vertex 3.2567679690674205 50 11
      vertex 3.207407282861335 48.32352380637815 11
      vertex 3.239306076717263 48.16315774027507 11
    endloop
  endfacet
  facet normal 0 0 1
    outer loop
      vertex 3.2567679690674205 50 11
      vertex 3.1548494156391085 48.47835429045636 11
      vertex 3.207407282861335 48.32352380637815 11
    endloop
  endfacet
  facet normal 0 0 1
    outer loop
      vertex 2.907870966599298 51.38006002087371 11
      vertex 2.8838834764831844 48.883883476483184 11
      vertex 2.991691675364044 48.760951786260904 11
    endloop
  endfacet
  facet normal 0 0 1
    outer loop
      vertex 2.907870966599298 51.38006002087371 11
      vertex 2.625 49.082531754730546 11
      vertex 2.7609517862609008 48.991691675364045 11
    endloop
  endfacet
  facet normal 0 0 1
    outer loop
      vertex 2.907870966599298 51.38006002087371 11
      vertex 2.7609517862609008 48.991691675364045 11
      vertex 2.8838834764831844 48.883883476483184 11
    endloop
  endfacet
  facet normal 0 0 1
    outer loop
      vertex 2.907870966599298 51.38006002087371 11
      vertex 3.082531754730548 48.625 11
      vertex 3.1548494156391085 48.47835429045636 11
    endloop
  endfacet
  facet normal 0 0 1
    outer loop
      vertex 2.907870966599298 51.38006002087371 11
      vertex 2.991691675364044 48.760951786260904 11
      vertex 3.082531754730548 48.625 11
    endloop
  endfacet
  facet normal 0 0 1
    outer loop
      vertex 3.2567679690674205 50 11
      vertex 2.907870966599298 51.38006002087371 11
      vertex 3.1548494156391085 48.47835429045636 11
    endloop
  endfacet
  facet normal 0 0 1
    outer loop
      vertex 1.092129033400702 51.38006002087371 11
      vertex 2.625 49.082531754730546 11
      vertex 2.907870966599298 51.38006002087371 11
    endloop
  endfacet
  facet normal 0 0 1
    outer loop
      vertex 3.2567679690674205 50 11
      vertex 3.131913680336725 51.30400776752823 11
      vertex 2.907870966599298 51.38006002087371 11
    endloop
  endfacet
  facet normal 0 0 1
    outer loop
      vertex 4.130665001530522 45.22326330898068 11
      vertex 4.474873734152917 45.525126265847085 11
      vertex 3.2567679690674205 50 11
    endloop
  endfacet
  facet normal 0 0 1
    outer loop
      vertex 3.2567679690674205 50 11
      vertex 4.474873734152917 45.525126265847085 11
      vertex 4.776736691019323 45.869334998469476 11
    endloop
  endfacet
  facet normal 0 0 1
    outer loop
      vertex 3.2567679690674205 50 11
      vertex 4.776736691019323 45.869334998469476 11
      vertex 5.031088913245535 46.25 11
    endloop
  endfacet
  facet normal 0 0 1
    outer loop
      vertex 5.031088913245535 46.25 11
      vertex 5.233578363789503 46.660607986722184 11
      vertex 5.031088913245535 49.75 11
    endloop
  endfacet
  facet normal 0 0 1
    outer loop
      vertex 5.233578363789503 46.660607986722184 11
      vertex 5.233578363789503 49.339392013277816 11
      vertex 5.031088913245535 49.75 11
    endloop
  endfacet
  facet normal 0 0 1
    outer loop
      vertex 5.233578363789503 46.660607986722184 11
      vertex 5.380740392011739 47.09413334214118 11
      vertex 5.233578363789503 49.339392013277816 11
    endloop
  endfacet
  facet normal 0 0 1
    outer loop
      vertex 5.380740392011739 47.09413334214118 11
      vertex 5.4700570148083365 47.54315832722982 11
      vertex 5.380740392011739 48.90586665785882 11
    endloop
  endfacet
  facet normal 0 0 1
    outer loop
      vertex 5.4700570148083365 47.54315832722982 11
      vertex 5.5 48 11
      vertex 5.4700570148083365 48.45684167277018 11
    endloop
  endfacet
  facet normal 0 0 1
    outer loop
      vertex 5.4700570148083365 47.54315832722982 11
      vertex 5.4700570148083365 48.45684167277018 11
      vertex 5.380740392011739 48.90586665785882 11
    endloop
  endfacet
  facet normal 0 0 1
    outer loop
      vertex 5.380740392011739 47.09413334214118 11
      vertex 5.380740392011739 48.90586665785882 11
      vertex 5.233578363789503 49.339392013277816 11
    endloop
  endfacet
  facet normal 0 0 1
    outer loop
      vertex 3.2567679690674205 50 11
      vertex 5.031088913245535 46.25 11
      vertex 5.031088913245535 49.75 11
    endloop
  endfacet
  facet normal 0 0 1
    outer loop
      vertex 3.2567679690674205 50 11
      vertex 5.031088913245535 49.75 11
      vertex 4.864044253765711 50 11
    endloop
  endfacet
  facet normal 0 0 1
    outer loop
      vertex 68.11611652351681 48.883883476483184 2
      vertex 68.00830832463596 47.239048213739096 2
      vertex 68.11611652351681 47.116116523516816 2
    endloop
  endfacet
  facet normal 0 0 1
    outer loop
      vertex 68.67647619362185 49.20740728286133 2
      vertex 68.52164570954363 46.845150584360894 2
      vertex 68.67647619362185 46.79259271713867 2
    endloop
  endfacet
  facet normal 0 0 1
    outer loop
      vertex 68.83684225972493 49.23930607671726 2
      vertex 68.67647619362185 46.79259271713867 2
      vertex 68.83684225972493 46.76069392328274 2
    endloop
  endfacet
  facet normal 0 0 1
    outer loop
      vertex 67.8451505843609 48.47835429045636 2
      vertex 67.79259271713866 47.67647619362185 2
      vertex 67.8451505843609 47.52164570954364 2
    endloop
  endfacet
  facet normal 0 0 1
    outer loop
      vertex 67.91746824526945 48.625 2
      vertex 67.8451505843609 47.52164570954364 2
      vertex 67.91746824526945 47.375 2
    endloop
  endfacet
  facet normal 0 0 1
    outer loop
      vertex 68.00830832463596 48.760951786260904 2
      vertex 67.91746824526945 47.375 2
      vertex 68.00830832463596 47.239048213739096 2
    endloop
  endfacet
  facet normal 0 0 1
    outer loop
      vertex 67.8451505843609 48.47835429045636 2
      vertex 67.79259271713866 48.32352380637815 2
      vertex 67.79259271713866 47.67647619362185 2
    endloop
  endfacet
  facet normal 0 0 1
    outer loop
      vertex 68.67647619362185 49.20740728286133 2
      vertex 68.52164570954363 49.154849415639106 2
      vertex 68.52164570954363 46.845150584360894 2
    endloop
  endfacet
  facet normal 0 0 1
    outer loop
      vertex 69.32352380637815 46.79259271713867 2
      vertex 69.47835429045637 46.845150584360894 2
      vertex 69.47835429045637 49.154849415639106 2
    endloop
  endfacet
  facet normal 0 0 1
    outer loop
      vertex 69.625 49.082531754730546 2
      vertex 69.47835429045637 46.845150584360894 2
      vertex 69.625 46.917468245269454 2
    endloop
  endfacet
  facet normal 0 0 1
    outer loop
      vertex 69.7609517862609 48.991691675364045 2
      vertex 69.625 46.917468245269454 2
      vertex 69.7609517862609 47.008308324635955 2
    endloop
  endfacet
  facet normal 0 0 1
    outer loop
      vertex 69.47835429045637 49.154849415639106 2
      vertex 69.32352380637815 49.20740728286133 2
      vertex 69.32352380637815 46.79259271713867 2
    endloop
  endfacet
  facet normal 0 0 1
    outer loop
      vertex 70.1548494156391 47.52164570954364 2
      vertex 70.20740728286134 47.67647619362185 2
      vertex 70.20740728286134 48.32352380637815 2
    endloop
  endfacet
  facet normal 0 0 1
    outer loop
      vertex 70.20740728286134 48.32352380637815 2
      vertex 70.1548494156391 48.47835429045636 2
      vertex 70.1548494156391 47.52164570954364 2
    endloop
  endfacet
  facet normal -0.32143946530314765 0.9469301294951104 0
    outer loop
      vertex 69.32352380637815 46.79259271713867 2
      vertex 69.32352380637815 46.79259271713867 11
      vertex 69.47835429045637 46.845150584360894 2
    endloop
  endfacet
  facet normal -0.442288690219009 0.8968727415326844 -5.48345322114183e-19
    outer loop
      vertex 69.625 46.917468245269454 2
      vertex 69.47835429045637 46.845150584360894 2
      vertex 69.47835429045637 46.845150584360894 11
    endloop
  endfacet
  facet normal 0.9469301294950927 -0.3214394653031999 -1.2839352886607576e-19
    outer loop
      vertex 67.79259271713866 48.32352380637815 2
      vertex 67.8451505843609 48.47835429045636 2
      vertex 67.8451505843609 48.47835429045636 11
    endloop
  endfacet
  facet normal -0.5555702330195792 0.8314696123025607 -3.1970580097300597e-19
    outer loop
      vertex 69.7609517862609 47.008308324635955 2
      vertex 69.625 46.917468245269454 2
      vertex 69.625 46.917468245269454 11
    endloop
  endfacet
  facet normal -0.9469301294950927 0.3214394653031999 -1.2839352886607576e-19
    outer loop
      vertex 70.20740728286134 47.67647619362185 2
      vertex 70.1548494156391 47.52164570954364 2
      vertex 70.1548494156391 47.52164570954364 11
    endloop
  endfacet
  facet normal 0.5555702330195792 -0.8314696123025607 -3.1970580097300597e-19
    outer loop
      vertex 68.2390482137391 48.991691675364045 2
      vertex 68.375 49.082531754730546 2
      vertex 68.375 49.082531754730546 11
    endloop
  endfacet
  facet normal 0.442288690219009 -0.8968727415326844 -5.48345322114183e-19
    outer loop
      vertex 68.375 49.082531754730546 2
      vertex 68.52164570954363 49.154849415639106 2
      vertex 68.52164570954363 49.154849415639106 11
    endloop
  endfacet
  facet normal 0.32143946530314765 -0.9469301294951104 -2.0694507806898828e-20
    outer loop
      vertex 68.52164570954363 49.154849415639106 2
      vertex 68.67647619362185 49.20740728286133 2
      vertex 68.67647619362185 49.20740728286133 11
    endloop
  endfacet
  facet normal 0 0 1
    outer loop
      vertex 68.00830832463596 2.7609517862609008 2
      vertex 67.91746824526945 1.375 2
      vertex 68.00830832463596 1.2390482137390992 2
    endloop
  endfacet
  facet normal 0 0 1
    outer loop
      vertex 68.11611652351681 2.8838834764831844 2
      vertex 68.00830832463596 1.2390482137390992 2
      vertex 68.11611652351681 1.1161165235168156 2
    endloop
  endfacet
  facet normal 0 0 1
    outer loop
      vertex 68.2390482137391 1.008308324635956 2
      vertex 68.375 0.9174682452694518 2
      vertex 68.375 3.082531754730548 2
    endloop
  endfacet
  facet normal 0 0 1
    outer loop
      vertex 67.8451505843609 2.4783542904563625 2
      vertex 67.79259271713866 1.676476193621849 2
      vertex 67.8451505843609 1.5216457095436378 2
    endloop
  endfacet
  facet normal 0 0 1
    outer loop
      vertex 67.8451505843609 2.4783542904563625 2
      vertex 67.79259271713866 2.3235238063781507 2
      vertex 67.79259271713866 1.676476193621849 2
    endloop
  endfacet
  facet normal 0 0 1
    outer loop
      vertex 68.67647619362185 0.7925927171386646 2
      vertex 68.83684225972493 0.760693923282737 2
      vertex 68.83684225972493 3.239306076717263 2
    endloop
  endfacet
  facet normal 0 0 1
    outer loop
      vertex 68.00830832463596 2.7609517862609008 2
      vertex 67.91746824526945 2.625 2
      vertex 67.91746824526945 1.375 2
    endloop
  endfacet
  facet normal 0 0 1
    outer loop
      vertex 68.83684225972493 3.239306076717263 2
      vertex 68.67647619362185 3.207407282861335 2
      vertex 68.67647619362185 0.7925927171386646 2
    endloop
  endfacet
  facet normal 0 0 1
    outer loop
      vertex 69.16315774027507 0.760693923282737 2
      vertex 69.32352380637815 0.7925927171386646 2
      vertex 69.32352380637815 3.207407282861335 2
    endloop
  endfacet
  facet normal 0 0 1
    outer loop
      vertex 69.47835429045637 3.1548494156391085 2
      vertex 69.32352380637815 0.7925927171386646 2
      vertex 69.47835429045637 0.8451505843608915 2
    endloop
  endfacet
  facet normal 0 0 1
    outer loop
      vertex 69.625 0.9174682452694518 2
      vertex 69.7609517862609 1.008308324635956 2
      vertex 69.7609517862609 2.991691675364044 2
    endloop
  endfacet
  facet normal 0 0 1
    outer loop
      vertex 69.99169167536404 1.2390482137390992 2
      vertex 70.08253175473055 1.375 2
      vertex 70.08253175473055 2.625 2
    endloop
  endfacet
  facet normal 0 0 1
    outer loop
      vertex 70.1548494156391 1.5216457095436378 2
      vertex 70.20740728286134 1.676476193621849 2
      vertex 70.20740728286134 2.3235238063781507 2
    endloop
  endfacet
  facet normal 0 0 1
    outer loop
      vertex 70.20740728286134 2.3235238063781507 2
      vertex 70.1548494156391 2.4783542904563625 2
      vertex 70.1548494156391 1.5216457095436378 2
    endloop
  endfacet
  facet normal 0 0 1
    outer loop
      vertex 70.08253175473055 2.625 2
      vertex 69.99169167536404 2.7609517862609008 2
      vertex 69.99169167536404 1.2390482137390992 2
    endloop
  endfacet
  facet normal 0 0 1
    outer loop
      vertex 69.32352380637815 3.207407282861335 2
      vertex 69.16315774027507 3.239306076717263 2
      vertex 69.16315774027507 0.760693923282737 2
    endloop
  endfacet
  facet normal 0 0 1
    outer loop
      vertex 69.7609517862609 2.991691675364044 2
      vertex 69.625 3.082531754730548 2
      vertex 69.625 0.9174682452694518 2
    endloop
  endfacet
  facet normal -0.19509032201613558 0.9807852804032289 0
    outer loop
      vertex 69.16315774027507 0.760693923282737 2
      vertex 69.16315774027507 0.760693923282737 11
      vertex 69.32352380637815 0.7925927171386646 2
    endloop
  endfacet
  facet normal -0.3214394653031489 0.9469301294951099 -2.348846344853572e-19
    outer loop
      vertex 69.47835429045637 0.8451505843608915 2
      vertex 69.32352380637815 0.7925927171386646 2
      vertex 69.32352380637815 0.7925927171386646 11
    endloop
  endfacet
  facet normal -0.5555702330195933 0.8314696123025512 0
    outer loop
      vertex 69.625 0.9174682452694518 2
      vertex 69.625 0.9174682452694518 11
      vertex 69.7609517862609 1.008308324635956 2
    endloop
  endfacet
  facet normal -0.8314696123025147 0.5555702330196481 -4.0032464705241624e-19
    outer loop
      vertex 70.08253175473055 1.375 2
      vertex 69.99169167536404 1.2390482137390992 2
      vertex 69.99169167536404 1.2390482137390992 11
    endloop
  endfacet
  facet normal 0.9469301294950933 -0.3214394653031983 -2.3492624949106824e-19
    outer loop
      vertex 67.79259271713866 2.3235238063781507 2
      vertex 67.8451505843609 2.4783542904563625 2
      vertex 67.8451505843609 2.4783542904563625 11
    endloop
  endfacet
  facet normal 0.8314696123025147 -0.5555702330196481 -4.0032464705241624e-19
    outer loop
      vertex 67.91746824526945 2.625 2
      vertex 68.00830832463596 2.7609517862609008 2
      vertex 68.00830832463596 2.7609517862609008 11
    endloop
  endfacet
  facet normal 0.5555702330195923 -0.8314696123025519 4.177680569811749e-19
    outer loop
      vertex 68.2390482137391 2.991691675364044 2
      vertex 68.375 3.082531754730548 2
      vertex 68.375 3.082531754730548 11
    endloop
  endfacet
  facet normal -0.946930129495093 0.3214394653031991 4.0775243758659975e-19
    outer loop
      vertex 70.20740728286134 1.676476193621849 2
      vertex 70.1548494156391 1.5216457095436378 2
      vertex 70.1548494156391 1.5216457095436378 11
    endloop
  endfacet
  facet normal 0.44228869021901124 -0.8968727415326834 8.975439985147408e-20
    outer loop
      vertex 68.375 3.082531754730548 2
      vertex 68.52164570954363 3.1548494156391085 2
      vertex 68.52164570954363 3.1548494156391085 11
    endloop
  endfacet
  facet normal 0.32143946530314765 -0.9469301294951104 -2.0694507806898828e-20
    outer loop
      vertex 68.52164570954363 3.1548494156391085 2
      vertex 68.67647619362185 3.207407282861335 2
      vertex 68.67647619362185 3.207407282861335 11
    endloop
  endfacet
  facet normal 0.19509032201613558 -0.9807852804032289 1.1861755485942432e-20
    outer loop
      vertex 68.67647619362185 3.207407282861335 2
      vertex 68.83684225972493 3.239306076717263 2
      vertex 68.83684225972493 3.239306076717263 11
    endloop
  endfacet
  facet normal 0 0 1
    outer loop
      vertex 1.008308324635956 2.7609517862609008 2
      vertex 0.9174682452694518 1.375 2
      vertex 1.008308324635956 1.2390482137390992 2
    endloop
  endfacet
  facet normal 0 0 1
    outer loop
      vertex 1.1161165235168156 2.8838834764831844 2
      vertex 1.008308324635956 1.2390482137390992 2
      vertex 1.1161165235168156 1.1161165235168156 2
    endloop
  endfacet
  facet normal 0 0 1
    outer loop
      vertex 1.2390482137390992 2.991691675364044 2
      vertex 1.1161165235168156 1.1161165235168156 2
      vertex 1.2390482137390992 1.008308324635956 2
    endloop
  endfacet
  facet normal 0 0 1
    outer loop
      vertex 0.7925927171386646 2.3235238063781507 2
      vertex 0.760693923282737 1.8368422597249356 2
      vertex 0.7925927171386646 1.676476193621849 2
    endloop
  endfacet
  facet normal 0 0 1
    outer loop
      vertex 0.8451505843608915 2.4783542904563625 2
      vertex 0.7925927171386646 1.676476193621849 2
      vertex 0.8451505843608915 1.5216457095436378 2
    endloop
  endfacet
  facet normal 0 0 1
    outer loop
      vertex 0.9174682452694518 2.625 2
      vertex 0.8451505843608915 1.5216457095436378 2
      vertex 0.9174682452694518 1.375 2
    endloop
  endfacet
  facet normal 0 0 1
    outer loop
      vertex 1.8368422597249356 3.239306076717263 2
      vertex 1.676476193621849 0.7925927171386646 2
      vertex 1.8368422597249356 0.760693923282737 2
    endloop
  endfacet
  facet normal 0 0 1
    outer loop
      vertex 2.1631577402750644 0.760693923282737 2
      vertex 2.3235238063781507 0.7925927171386646 2
      vertex 2.3235238063781507 3.207407282861335 2
    endloop
  endfacet
  facet normal 0 0 1
    outer loop
      vertex 2.4783542904563625 3.1548494156391085 2
      vertex 2.3235238063781507 0.7925927171386646 2
      vertex 2.4783542904563625 0.8451505843608915 2
    endloop
  endfacet
  facet normal 0 0 1
    outer loop
      vertex 1.8368422597249356 3.239306076717263 2
      vertex 1.676476193621849 3.207407282861335 2
      vertex 1.676476193621849 0.7925927171386646 2
    endloop
  endfacet
  facet normal 0 0 1
    outer loop
      vertex 2.3235238063781507 3.207407282861335 2
      vertex 2.1631577402750644 3.239306076717263 2
      vertex 2.1631577402750644 0.760693923282737 2
    endloop
  endfacet
  facet normal 0 0 1
    outer loop
      vertex 2.7609517862609008 1.008308324635956 2
      vertex 2.8838834764831844 1.1161165235168156 2
      vertex 2.8838834764831844 2.8838834764831844 2
    endloop
  endfacet
  facet normal -0.19509032201612833 0.9807852804032304 0
    outer loop
      vertex 2.1631577402750644 0.760693923282737 2
      vertex 2.1631577402750644 0.760693923282737 11
      vertex 2.3235238063781507 0.7925927171386646 2
    endloop
  endfacet
  facet normal -0.6593458151000684 0.7518398074789779 0
    outer loop
      vertex 2.7609517862609008 1.008308324635956 2
      vertex 2.7609517862609008 1.008308324635956 11
      vertex 2.8838834764831844 1.1161165235168156 2
    endloop
  endfacet
  facet normal 0.4422886902190021 -0.8968727415326879 5.179390402843316e-19
    outer loop
      vertex 1.375 3.082531754730548 2
      vertex 1.5216457095436378 3.1548494156391085 2
      vertex 1.5216457095436378 3.1548494156391085 11
    endloop
  endfacet
  facet normal 0.3214394653031601 -0.9469301294951061 1.8888857014754583e-19
    outer loop
      vertex 1.5216457095436378 3.1548494156391085 2
      vertex 1.676476193621849 3.207407282861335 2
      vertex 1.676476193621849 3.207407282861335 11
    endloop
  endfacet
  facet normal 0.19509032201612808 -0.9807852804032305 -9.620959605267864e-20
    outer loop
      vertex 1.676476193621849 3.207407282861335 2
      vertex 1.8368422597249356 3.239306076717263 2
      vertex 1.8368422597249356 3.239306076717263 11
    endloop
  endfacet
  facet normal 0 0 1
    outer loop
      vertex 0.9174682452694518 48.625 2
      vertex 0.8451505843608915 47.52164570954364 2
      vertex 0.9174682452694518 47.375 2
    endloop
  endfacet
  facet normal 0 0 1
    outer loop
      vertex 0.8451505843608915 48.47835429045636 2
      vertex 0.7925927171386646 47.67647619362185 2
      vertex 0.8451505843608915 47.52164570954364 2
    endloop
  endfacet
  facet normal 0 0 1
    outer loop
      vertex 0.8451505843608915 48.47835429045636 2
      vertex 0.7925927171386646 48.32352380637815 2
      vertex 0.7925927171386646 47.67647619362185 2
    endloop
  endfacet
  facet normal 0 0 1
    outer loop
      vertex 1.5216457095436378 46.845150584360894 2
      vertex 1.676476193621849 46.79259271713867 2
      vertex 1.676476193621849 49.20740728286133 2
    endloop
  endfacet
  facet normal 0 0 1
    outer loop
      vertex 1.8368422597249356 49.23930607671726 2
      vertex 1.676476193621849 46.79259271713867 2
      vertex 1.8368422597249356 46.76069392328274 2
    endloop
  endfacet
  facet normal 0 0 1
    outer loop
      vertex 2.3235238063781507 46.79259271713867 2
      vertex 2.4783542904563625 46.845150584360894 2
      vertex 2.4783542904563625 49.154849415639106 2
    endloop
  endfacet
  facet normal 0 0 1
    outer loop
      vertex 2.625 49.082531754730546 2
      vertex 2.4783542904563625 46.845150584360894 2
      vertex 2.625 46.917468245269454 2
    endloop
  endfacet
  facet normal 0 0 1
    outer loop
      vertex 1.676476193621849 49.20740728286133 2
      vertex 1.5216457095436378 49.154849415639106 2
      vertex 1.5216457095436378 46.845150584360894 2
    endloop
  endfacet
  facet normal 0 0 1
    outer loop
      vertex 2.4783542904563625 49.154849415639106 2
      vertex 2.3235238063781507 49.20740728286133 2
      vertex 2.3235238063781507 46.79259271713867 2
    endloop
  endfacet
  facet normal 0 0 1
    outer loop
      vertex 2.7609517862609008 48.991691675364045 2
      vertex 2.625 46.917468245269454 2
      vertex 2.7609517862609008 47.008308324635955 2
    endloop
  endfacet
  facet normal 0 0 1
    outer loop
      vertex 2.8838834764831844 48.883883476483184 2
      vertex 2.7609517862609008 47.008308324635955 2
      vertex 2.8838834764831844 47.116116523516816 2
    endloop
  endfacet
  facet normal 0 0 1
    outer loop
      vertex 2.991691675364044 48.760951786260904 2
      vertex 2.8838834764831844 47.116116523516816 2
      vertex 2.991691675364044 47.239048213739096 2
    endloop
  endfacet
  facet normal 0 0 1
    outer loop
      vertex 3.1548494156391085 47.52164570954364 2
      vertex 3.207407282861335 47.67647619362185 2
      vertex 3.207407282861335 48.32352380637815 2
    endloop
  endfacet
  facet normal 0 0 1
    outer loop
      vertex 3.207407282861335 48.32352380637815 2
      vertex 3.1548494156391085 48.47835429045636 2
      vertex 3.1548494156391085 47.52164570954364 2
    endloop
  endfacet
  facet normal 0.9469301294951056 -0.3214394653031622 -5.614475229825327e-19
    outer loop
      vertex 0.7925927171386646 48.32352380637815 2
      vertex 0.8451505843608915 48.47835429045636 2
      vertex 0.8451505843608915 48.47835429045636 11
    endloop
  endfacet
  facet normal -0.32143946530315926 0.9469301294951065 0
    outer loop
      vertex 2.3235238063781507 46.79259271713867 2
      vertex 2.3235238063781507 46.79259271713867 11
      vertex 2.4783542904563625 46.845150584360894 2
    endloop
  endfacet
  facet normal -0.4422886902190004 0.8968727415326887 -4.227185201855787e-19
    outer loop
      vertex 2.625 46.917468245269454 2
      vertex 2.4783542904563625 46.845150584360894 2
      vertex 2.4783542904563625 46.845150584360894 11
    endloop
  endfacet
  facet normal -0.555570233019588 0.8314696123025548 -6.675622943185543e-20
    outer loop
      vertex 2.7609517862609008 47.008308324635955 2
      vertex 2.625 46.917468245269454 2
      vertex 2.625 46.917468245269454 11
    endloop
  endfacet
  facet normal -0.6593458151000723 0.7518398074789745 2.974618784752435e-19
    outer loop
      vertex 2.8838834764831844 47.116116523516816 2
      vertex 2.7609517862609008 47.008308324635955 2
      vertex 2.7609517862609008 47.008308324635955 11
    endloop
  endfacet
  facet normal -0.751839807478969 0.6593458151000785 1.4030358286151753e-19
    outer loop
      vertex 2.991691675364044 47.239048213739096 2
      vertex 2.8838834764831844 47.116116523516816 2
      vertex 2.8838834764831844 47.116116523516816 11
    endloop
  endfacet
  facet normal -0.9469301294951059 0.3214394653031609 -3.4725739630299344e-19
    outer loop
      vertex 3.207407282861335 47.67647619362185 2
      vertex 3.1548494156391085 47.52164570954364 2
      vertex 3.1548494156391085 47.52164570954364 11
    endloop
  endfacet
  facet normal 0.7518398074789696 -0.6593458151000778 4.523899261720589e-19
    outer loop
      vertex 1.008308324635956 48.760951786260904 2
      vertex 1.1161165235168156 48.883883476483184 2
      vertex 1.1161165235168156 48.883883476483184 11
    endloop
  endfacet
  facet normal 0.6593458151000723 -0.7518398074789745 2.974618784752435e-19
    outer loop
      vertex 1.1161165235168156 48.883883476483184 2
      vertex 1.2390482137390992 48.991691675364045 2
      vertex 1.2390482137390992 48.991691675364045 11
    endloop
  endfacet
  facet normal 0.555570233019588 -0.8314696123025548 -6.675622943185543e-20
    outer loop
      vertex 1.2390482137390992 48.991691675364045 2
      vertex 1.375 49.082531754730546 2
      vertex 1.375 49.082531754730546 11
    endloop
  endfacet
  facet normal 0.4422886902189999 -0.8968727415326889 -1.2016068168245083e-19
    outer loop
      vertex 1.375 49.082531754730546 2
      vertex 1.5216457095436378 49.154849415639106 2
      vertex 1.5216457095436378 49.154849415639106 11
    endloop
  endfacet
  facet normal 0.3214394653031601 -0.9469301294951061 1.8888857014754583e-19
    outer loop
      vertex 1.5216457095436378 49.154849415639106 2
      vertex 1.676476193621849 49.20740728286133 2
      vertex 1.676476193621849 49.20740728286133 11
    endloop
  endfacet
  facet normal -1 0 0
    outer loop
      vertex 21.6 5.9 0
      vertex 21.6 5.9 6
      vertex 21.6 9.1 0
    endloop
  endfacet
  facet normal 1 0 0
    outer loop
      vertex 23.1 4.4 0
      vertex 23.1 9.1 0
      vertex 23.1 4.4 6
    endloop
  endfacet
  facet normal 0 1 0
    outer loop
      vertex 21.6 9.1 0
      vertex 21.6 9.1 6
      vertex 23.1 9.1 0
    endloop
  endfacet
  facet normal -1 0 0
    outer loop
      vertex 21.6 9.1 0
      vertex 21.6 5.9 6
      vertex 21.6 9.1 6
    endloop
  endfacet
  facet normal 1 0 0
    outer loop
      vertex 23.1 9.1 0
      vertex 23.1 9.1 6
      vertex 23.1 4.4 6
    endloop
  endfacet
  facet normal 0 1 0
    outer loop
      vertex 23.1 9.1 0
      vertex 21.6 9.1 6
      vertex 23.1 9.1 6
    endloop
  endfacet
  facet normal 0 0 1
    outer loop
      vertex 23.1 4.4 6
      vertex 21.6 5.9 6
      vertex 21.6 5.15 6
    endloop
  endfacet
  facet normal 0 0 1
    outer loop
      vertex 23.1 4.4 6
      vertex 21.6 9.1 6
      vertex 21.6 5.9 6
    endloop
  endfacet
  facet normal 0 0 1
    outer loop
      vertex 23.1 4.4 6
      vertex 23.1 9.1 6
      vertex 21.6 9.1 6
    endloop
  endfacet
  facet normal 0 -1 0
    outer loop
      vertex 20.1 4.4 0
      vertex 23.1 4.4 0
      vertex 23.1 4.4 6
    endloop
  endfacet
  facet normal 0 -1 0
    outer loop
      vertex 20.1 4.4 0
      vertex 23.1 4.4 6
      vertex 20.1 4.4 6
    endloop
  endfacet
  facet normal -1 0 0
    outer loop
      vertex 20.1 4.4 0
      vertex 20.1 5.9 6
      vertex 20.1 5.9 0
    endloop
  endfacet
  facet normal 0 1 0
    outer loop
      vertex 20.1 5.9 0
      vertex 21.6 5.9 6
      vertex 21.6 5.9 0
    endloop
  endfacet
  facet normal -1 0 0
    outer loop
      vertex 20.1 4.4 0
      vertex 20.1 4.4 6
      vertex 20.1 5.9 6
    endloop
  endfacet
  facet normal 0 1 0
    outer loop
      vertex 20.1 5.9 0
      vertex 20.1 5.9 6
      vertex 21.6 5.9 6
    endloop
  endfacet
  facet normal 0 0 1
    outer loop
      vertex 20.1 4.4 6
      vertex 23.1 4.4 6
      vertex 21.6 5.15 6
    endloop
  endfacet
  facet normal 0 0 1
    outer loop
      vertex 20.1 4.4 6
      vertex 21.6 5.15 6
      vertex 20.1 5.9 6
    endloop
  endfacet
  facet normal 0 0 1
    outer loop
      vertex 20.1 5.9 6
      vertex 21.6 5.15 6
      vertex 21.6 5.9 6
    endloop
  endfacet
  facet normal 0 -1 0
    outer loop
      vertex 21.6 20.9 0
      vertex 23.1 20.9 0
      vertex 23.1 20.9 6
    endloop
  endfacet
  facet normal -1 0 0
    outer loop
      vertex 21.6 20.9 0
      vertex 21.6 24.1 6
      vertex 21.6 24.1 0
    endloop
  endfacet
  facet normal 1 0 0
    outer loop
      vertex 23.1 20.9 0
      vertex 23.1 25.599999999999998 0
      vertex 23.1 20.9 6
    endloop
  endfacet
  facet normal 0 -1 0
    outer loop
      vertex 21.6 20.9 0
      vertex 23.1 20.9 6
      vertex 21.6 20.9 6
    endloop
  endfacet
  facet normal -1 0 0
    outer loop
      vertex 21.6 20.9 0
      vertex 21.6 20.9 6
      vertex 21.6 24.1 6
    endloop
  endfacet
  facet normal 1 0 0
    outer loop
      vertex 23.1 20.9 6
      vertex 23.1 25.599999999999998 0
      vertex 23.1 24.1 6
    endloop
  endfacet
  facet normal 0 0 1
    outer loop
      vertex 21.6 20.9 6
      vertex 23.1 20.9 6
      vertex 22.07872340425532 24.1 6
    endloop
  endfacet
  facet normal 0 0 1
    outer loop
      vertex 21.6 20.9 6
      vertex 22.07872340425532 24.1 6
      vertex 21.6 24.1 6
    endloop
  endfacet
  facet normal 0 0 1
    outer loop
      vertex 22.07872340425532 24.1 6
      vertex 23.1 24.1 6
      vertex 21.884810126582277 24.707594936708862 6
    endloop
  endfacet
  facet normal 0 0 1
    outer loop
      vertex 23.1 20.9 6
      vertex 23.1 24.1 6
      vertex 22.07872340425532 24.1 6
    endloop
  endfacet
  facet normal 0 -1 0
    outer loop
      vertex 20.1 24.1 0
      vertex 21.6 24.1 0
      vertex 21.6 24.1 6
    endloop
  endfacet
  facet normal 0 -1 0
    outer loop
      vertex 20.1 24.1 0
      vertex 21.6 24.1 6
      vertex 20.1 24.1 6
    endloop
  endfacet
  facet normal -1 0 0
    outer loop
      vertex 20.1 24.1 0
      vertex 20.1 24.1 6
      vertex 20.1 25.6 6
    endloop
  endfacet
  facet normal 0 0 1
    outer loop
      vertex 20.1 24.1 6
      vertex 21.6 24.1 6
      vertex 20.1 25.6 6
    endloop
  endfacet
  facet normal 0 0 1
    outer loop
      vertex 21.6 24.1 6
      vertex 21.884810126582277 24.707594936708862 6
      vertex 20.1 25.6 6
    endloop
  endfacet
  facet normal 0 0 1
    outer loop
      vertex 21.6 24.1 6
      vertex 22.07872340425532 24.1 6
      vertex 21.884810126582277 24.707594936708862 6
    endloop
  endfacet
  facet normal 0 0 1
    outer loop
      vertex 21.884810126582277 24.707594936708862 6
      vertex 23.1 24.1 6
      vertex 23.1 25.6 6
    endloop
  endfacet
  facet normal -1 0 0
    outer loop
      vertex 20.1 24.1 0
      vertex 20.1 25.6 6
      vertex 20.1 25.6 0
    endloop
  endfacet
  facet normal 1.1842378929335002e-15 1 0
    outer loop
      vertex 20.1 25.6 0
      vertex 20.1 25.6 6
      vertex 23.1 25.599999999999998 0
    endloop
  endfacet
  facet normal 0 1 -5.921189464667501e-16
    outer loop
      vertex 23.1 25.599999999999998 0
      vertex 20.1 25.6 6
      vertex 23.1 25.6 6
    endloop
  endfacet
  facet normal 1 0 0
    outer loop
      vertex 23.1 24.1 6
      vertex 23.1 25.599999999999998 0
      vertex 23.1 25.6 6
    endloop
  endfacet
  facet normal 0 0 1
    outer loop
      vertex 21.884810126582277 24.707594936708862 6
      vertex 23.1 25.6 6
      vertex 20.1 25.6 6
    endloop
  endfacet
  facet normal 0 -1 0
    outer loop
      vertex 8 33 0
      vertex 9.25 33 0
      vertex 9.25 33 1.9999999999999998
    endloop
  endfacet
  facet normal 0 -1 0
    outer loop
      vertex 8 33 0
      vertex 9.25 33 1.9999999999999998
      vertex 8 33 3.5
    endloop
  endfacet
  facet normal -1 0 0
    outer loop
      vertex 8 33 0
      vertex 8 33 3.5
      vertex 8 43 3.5
    endloop
  endfacet
  facet normal -1 0 0
    outer loop
      vertex 8 33 0
      vertex 8 43 3.5
      vertex 8 43 0
    endloop
  endfacet
  facet normal 0 1 0
    outer loop
      vertex 8 43 0
      vertex 8 43 3.5
      vertex 9.25 43 0
    endloop
  endfacet
  facet normal 0 1 0
    outer loop
      vertex 8 43 3.5
      vertex 9.25 43 1.9999999999999998
      vertex 9.25 43 0
    endloop
  endfacet
  facet normal 0 -1 0
    outer loop
      vertex 12.75 33 0
      vertex 14 33 0
      vertex 14 33 3.5
    endloop
  endfacet
  facet normal 1 0 0
    outer loop
      vertex 14 33 0
      vertex 14 43 0
      vertex 14 33 3.5
    endloop
  endfacet
  facet normal 0 -1 0
    outer loop
      vertex 12.75 33 0
      vertex 14 33 3.5
      vertex 12.75 33 1.9999999999999998
    endloop
  endfacet
  facet normal 0 -1 0
    outer loop
      vertex 8 33 3.5
      vertex 9.25 33 1.9999999999999998
      vertex 12.75 33 1.9999999999999998
    endloop
  endfacet
  facet normal 0 -1 0
    outer loop
      vertex 8 33 3.5
      vertex 12.75 33 1.9999999999999998
      vertex 14 33 3.5
    endloop
  endfacet
  facet normal 0 0 1
    outer loop
      vertex 8 33 3.5
      vertex 14 33 3.5
      vertex 8 43 3.5
    endloop
  endfacet
  facet normal 0 1 0
    outer loop
      vertex 12.75 43 0
      vertex 12.75 43 1.9999999999999998
      vertex 14 43 0
    endloop
  endfacet
  facet normal 1 0 0
    outer loop
      vertex 14 33 3.5
      vertex 14 43 0
      vertex 14 43 3.5
    endloop
  endfacet
  facet normal 0 1 0
    outer loop
      vertex 14 43 0
      vertex 12.75 43 1.9999999999999998
      vertex 14 43 3.5
    endloop
  endfacet
  facet normal 0 1 0
    outer loop
      vertex 9.25 43 1.9999999999999998
      vertex 14 43 3.5
      vertex 12.75 43 1.9999999999999998
    endloop
  endfacet
  facet normal 0 0 1
    outer loop
      vertex 8 43 3.5
      vertex 14 33 3.5
      vertex 14 43 3.5
    endloop
  endfacet
  facet normal 0 1 0
    outer loop
      vertex 8 43 3.5
      vertex 14 43 3.5
      vertex 9.25 43 1.9999999999999998
    endloop
  endfacet
  facet normal 1 0 0
    outer loop
      vertex 9.25 33 0
      vertex 9.25 43 0
      vertex 9.25 33 1.9999999999999998
    endloop
  endfacet
  facet normal 0 0 -1
    outer loop
      vertex 9.25 33 1.9999999999999998
      vertex 9.25 43 1.9999999999999998
      vertex 12.75 33 1.9999999999999998
    endloop
  endfacet
  facet normal -1 0 0
    outer loop
      vertex 12.75 33 0
      vertex 12.75 33 1.9999999999999998
      vertex 12.75 43 1.9999999999999998
    endloop
  endfacet
  facet normal -1 0 0
    outer loop
      vertex 12.75 33 0
      vertex 12.75 43 1.9999999999999998
      vertex 12.75 43 0
    endloop
  endfacet
  facet normal 1 0 0
    outer loop
      vertex 9.25 33 1.9999999999999998
      vertex 9.25 43 0
      vertex 9.25 43 1.9999999999999998
    endloop
  endfacet
  facet normal 0 0 -1
    outer loop
      vertex 12.75 33 1.9999999999999998
      vertex 9.25 43 1.9999999999999998
      vertex 12.75 43 1.9999999999999998
    endloop
  endfacet
  facet normal -1 0 0
    outer loop
      vertex 18 32.8 0
      vertex 18 34 4
      vertex 18 34 0
    endloop
  endfacet
  facet normal -1 0 0
    outer loop
      vertex 18 32.8 0
      vertex 18 32.8 4
      vertex 18 34 4
    endloop
  endfacet
  facet normal 0 1 0
    outer loop
      vertex 18 34 0
      vertex 18 34 4
      vertex 38 34 0
    endloop
  endfacet
  facet normal 0 -1 0
    outer loop
      vertex 18 32.8 0
      vertex 38 32.8 4
      vertex 18 32.8 4
    endloop
  endfacet
  facet normal 0 0 1
    outer loop
      vertex 18 32.8 4
      vertex 38 32.8 4
      vertex 18 34 4
    endloop
  endfacet
  facet normal 0 -1 0
    outer loop
      vertex 18 32.8 0
      vertex 38 32.8 0
      vertex 38 32.8 4
    endloop
  endfacet
  facet normal 0 1 0
    outer loop
      vertex 18 34 4
      vertex 38 34 4
      vertex 38 34 0
    endloop
  endfacet
  facet normal 1 0 0
    outer loop
      vertex 38 32.8 0
      vertex 38 34 0
      vertex 38 32.8 4
    endloop
  endfacet
  facet normal 1 0 0
    outer loop
      vertex 38 34 0
      vertex 38 34 4
      vertex 38 32.8 4
    endloop
  endfacet
  facet normal 0 0 1
    outer loop
      vertex 18 34 4
      vertex 38 32.8 4
      vertex 38 34 4
    endloop
  endfacet
  facet normal -1 0 0
    outer loop
      vertex 18 42 0
      vertex 18 43.2 4
      vertex 18 43.2 0
    endloop
  endfacet
  facet normal -1 0 0
    outer loop
      vertex 18 42 0
      vertex 18 42 4
      vertex 18 43.2 4
    endloop
  endfacet
  facet normal 0 1 0
    outer loop
      vertex 18 43.2 0
      vertex 18 43.2 4
      vertex 38 43.2 0
    endloop
  endfacet
  facet normal 0 -1 0
    outer loop
      vertex 18 42 0
      vertex 38 42 4
      vertex 18 42 4
    endloop
  endfacet
  facet normal 0 0 1
    outer loop
      vertex 18 42 4
      vertex 38 42 4
      vertex 18 43.2 4
    endloop
  endfacet
  facet normal 0 -1 0
    outer loop
      vertex 18 42 0
      vertex 38 42 0
      vertex 38 42 4
    endloop
  endfacet
  facet normal 0 1 0
    outer loop
      vertex 18 43.2 4
      vertex 38 43.2 4
      vertex 38 43.2 0
    endloop
  endfacet
  facet normal 1 0 0
    outer loop
      vertex 38 42 0
      vertex 38 43.2 0
      vertex 38 42 4
    endloop
  endfacet
  facet normal 1 0 0
    outer loop
      vertex 38 43.2 0
      vertex 38 43.2 4
      vertex 38 42 4
    endloop
  endfacet
  facet normal 0 0 1
    outer loop
      vertex 18 43.2 4
      vertex 38 42 4
      vertex 38 43.2 4
    endloop
  endfacet
  facet normal -1 0 0
    outer loop
      vertex 42 0 0
      vertex 42 0 3
      vertex 42 11 0
    endloop
  endfacet
  facet normal 1 0 0
    outer loop
      vertex 43.2 0 0
      vertex 43.2 11 0
      vertex 43.2 11 3
    endloop
  endfacet
  facet normal 1 0 0
    outer loop
      vertex 43.2 0 0
      vertex 43.2 11 3
      vertex 43.2 0 3
    endloop
  endfacet
  facet normal 0 0 1
    outer loop
      vertex 42 0 3
      vertex 43.2 0 3
      vertex 42 11 3
    endloop
  endfacet
  facet normal -1 0 0
    outer loop
      vertex 42 11 0
      vertex 42 0 3
      vertex 42 11 3
    endloop
  endfacet
  facet normal 0 0 1
    outer loop
      vertex 43.2 0 3
      vertex 43.2 11 3
      vertex 42 11 3
    endloop
  endfacet
  facet normal -1 0 0
    outer loop
      vertex 42 19 0
      vertex 42 19 3
      vertex 42 50 0
    endloop
  endfacet
  facet normal 1 0 0
    outer loop
      vertex 43.2 19 0
      vertex 43.2 50 3
      vertex 43.2 19 3
    endloop
  endfacet
  facet normal 0 0 1
    outer loop
      vertex 42 19 3
      vertex 43.2 19 3
      vertex 42 50 3
    endloop
  endfacet
  facet normal 1 0 0
    outer loop
      vertex 43.2 19 0
      vertex 43.2 50 0
      vertex 43.2 50 3
    endloop
  endfacet
  facet normal -1 0 0
    outer loop
      vertex 42 19 3
      vertex 42 50 3
      vertex 42 50 0
    endloop
  endfacet
  facet normal 0 0 1
    outer loop
      vertex 43.2 19 3
      vertex 43.2 50 3
      vertex 42 50 3
    endloop
  endfacet
  facet normal 0 1 0
    outer loop
      vertex 42 11 0
      vertex 43.2 11 3
      vertex 43.2 11 0
    endloop
  endfacet
  facet normal 0 1 0
    outer loop
      vertex 42 11 0
      vertex 42 11 3
      vertex 43.2 11 3
    endloop
  endfacet
  facet normal 0 -1 0
    outer loop
      vertex 42 19 0
      vertex 43.2 19 0
      vertex 42 19 3
    endloop
  endfacet
  facet normal 0 -1 0
    outer loop
      vertex 43.2 19 0
      vertex 43.2 19 3
      vertex 42 19 3
    endloop
  endfacet
  facet normal 0 1 0
    outer loop
      vertex -8.6 9.1 -2
      vertex -8.6 9.1 -0.4999999999999998
      vertex -5.3999999999999995 9.1 -2
    endloop
  endfacet
  facet normal 0 1 0
    outer loop
      vertex -8.6 9.1 -0.4999999999999998
      vertex -8.6 9.1 1
      vertex -5.3999999999999995 9.1 -2
    endloop
  endfacet
  facet normal 0 1 0
    outer loop
      vertex -5.3999999999999995 9.1 -2
      vertex -8.6 9.1 1
      vertex -5.3999999999999995 9.1 -0.4999999999999998
    endloop
  endfacet
  facet normal -1 0 0
    outer loop
      vertex -5.3999999999999995 10.9 -1.1568926553672314
      vertex -5.3999999999999995 10.074311926605505 -0.6246788990825687
      vertex -5.3999999999999995 10.9 -0.7303389830508473
    endloop
  endfacet
  facet normal 1 0 0
    outer loop
      vertex -8.6 9.1 -0.4999999999999998
      vertex -8.6 10.9 -0.4999999999999998
      vertex -8.6 10.9 1
    endloop
  endfacet
  facet normal 1 0 0
    outer loop
      vertex -8.6 9.1 -0.4999999999999998
      vertex -8.6 10.9 1
      vertex -8.6 9.1 1
    endloop
  endfacet
  facet normal 0 -1 0
    outer loop
      vertex -8.6 10.9 -0.4999999999999998
      vertex -5.3999999999999995 10.9 1
      vertex -8.6 10.9 1
    endloop
  endfacet
  facet normal -1 0 0
    outer loop
      vertex -5.3999999999999995 9.1 -0.4999999999999998
      vertex -5.3999999999999995 9.1 1
      vertex -5.3999999999999995 10.9 -0.4999999999999998
    endloop
  endfacet
  facet normal 0 -1 0
    outer loop
      vertex -8.6 10.9 -0.4999999999999998
      vertex -5.3999999999999995 10.9 -0.4999999999999998
      vertex -5.3999999999999995 10.9 1
    endloop
  endfacet
  facet normal 0 1 0
    outer loop
      vertex -5.3999999999999995 9.1 -0.4999999999999998
      vertex -8.6 9.1 1
      vertex -5.3999999999999995 9.1 1
    endloop
  endfacet
  facet normal -1 0 0
    outer loop
      vertex -5.3999999999999995 10.9 -0.4999999999999998
      vertex -5.3999999999999995 9.1 1
      vertex -5.3999999999999995 10.9 1
    endloop
  endfacet
  facet normal 2.2204460492503127e-15 -1 -2.3684757858670005e-15
    outer loop
      vertex -8.6 20.900000000000002 -2
      vertex -5.3999999999999995 20.900000000000002 1
      vertex -8.6 20.9 -0.4999999999999998
    endloop
  endfacet
  facet normal -1.1102230246251565e-15 -1 0
    outer loop
      vertex -8.6 20.900000000000002 -2
      vertex -5.3999999999999995 20.9 -2
      vertex -5.3999999999999995 20.9 -0.4999999999999998
    endloop
  endfacet
  facet normal -2.2204460492503127e-15 -1 2.3684757858670005e-15
    outer loop
      vertex -8.6 20.900000000000002 -2
      vertex -5.3999999999999995 20.9 -0.4999999999999998
      vertex -5.3999999999999995 20.900000000000002 1
    endloop
  endfacet
  facet normal 0 1 0
    outer loop
      vertex -8.6 19.1 -0.4999999999999998
      vertex -8.6 19.1 1
      vertex -5.3999999999999995 19.1 -0.4999999999999998
    endloop
  endfacet
  facet normal 1 0 0
    outer loop
      vertex -8.6 19.1 -0.4999999999999998
      vertex -8.6 20.9 -0.4999999999999998
      vertex -8.6 20.900000000000002 1
    endloop
  endfacet
  facet normal 1 0 0
    outer loop
      vertex -8.6 19.1 -0.4999999999999998
      vertex -8.6 20.900000000000002 1
      vertex -8.6 19.1 1
    endloop
  endfacet
  facet normal 0 -1 2.368475785867001e-15
    outer loop
      vertex -8.6 20.9 -0.4999999999999998
      vertex -5.3999999999999995 20.900000000000002 1
      vertex -8.6 20.900000000000002 1
    endloop
  endfacet
  facet normal -1 0 0
    outer loop
      vertex -5.3999999999999995 19.1 -0.4999999999999998
      vertex -5.3999999999999995 19.1 1
      vertex -5.3999999999999995 20.9 -0.4999999999999998
    endloop
  endfacet
  facet normal 0 1 0
    outer loop
      vertex -5.3999999999999995 19.1 -0.4999999999999998
      vertex -8.6 19.1 1
      vertex -5.3999999999999995 19.1 1
    endloop
  endfacet
  facet normal -1 0 0
    outer loop
      vertex -5.3999999999999995 20.9 -0.4999999999999998
      vertex -5.3999999999999995 19.1 1
      vertex -5.3999999999999995 20.900000000000002 1
    endloop
  endfacet
  facet normal 0 0 -1
    outer loop
      vertex -12 5 -2
      vertex -8.6 9.1 -2
      vertex -5.3999999999999995 9.1 -2
    endloop
  endfacet
  facet normal 0 0 -1
    outer loop
      vertex -12 5 -2
      vertex -5.3999999999999995 9.1 -2
      vertex -2 5 -2
    endloop
  endfacet
  facet normal 0 -1 0
    outer loop
      vertex -12 5 -2
      vertex -2 5 -2
      vertex -2 5 1
    endloop
  endfacet
  facet normal 0 -1 0
    outer loop
      vertex -12 5 -2
      vertex -2 5 1
      vertex -12 5 1
    endloop
  endfacet
  facet normal 0 0 1
    outer loop
      vertex -12 5 1
      vertex -2 5 1
      vertex -8.6 9.1 1
    endloop
  endfacet
  facet normal 0 0 1
    outer loop
      vertex -12 5 1
      vertex -8.6 9.1 1
      vertex -8.6 10.9 1
    endloop
  endfacet
  facet normal 0 0 1
    outer loop
      vertex -8.6 9.1 1
      vertex -2 5 1
      vertex -5.3999999999999995 9.1 1
    endloop
  endfacet
  facet normal 0 0 1
    outer loop
      vertex -2 5 1
      vertex -5.3999999999999995 10.9 1
      vertex -5.3999999999999995 9.1 1
    endloop
  endfacet
  facet normal 0 0 -1
    outer loop
      vertex -12 5 -2
      vertex -8.6 20.900000000000002 -2
      vertex -8.6 9.1 -2
    endloop
  endfacet
  facet normal 0 0 -1
    outer loop
      vertex -12 5 -2
      vertex -12 25 -2
      vertex -8.6 20.900000000000002 -2
    endloop
  endfacet
  facet normal 0 0 -1
    outer loop
      vertex -2 5 -2
      vertex -5.3999999999999995 9.1 -2
      vertex -5.3999999999999995 20.9 -2
    endloop
  endfacet
  facet normal 0 0 -1
    outer loop
      vertex -2 5 -2
      vertex -5.3999999999999995 20.9 -2
      vertex -2 24.993797276853254 -2
    endloop
  endfacet
  facet normal -1 0 0
    outer loop
      vertex -12 5 -2
      vertex -12 5 1
      vertex -12 25 1
    endloop
  endfacet
  facet normal 0 0 1
    outer loop
      vertex -12 5 1
      vertex -8.6 10.9 1
      vertex -12 25 1
    endloop
  endfacet
  facet normal 0 0 1
    outer loop
      vertex -8.6 10.9 1
      vertex -5.3999999999999995 10.9 1
      vertex -12 25 1
    endloop
  endfacet
  facet normal 0 0 1
    outer loop
      vertex -2 5 1
      vertex -8.6 19.1 1
      vertex -12 25 1
    endloop
  endfacet
  facet normal 0 0 1
    outer loop
      vertex -2 5 1
      vertex -12 25 1
      vertex -5.3999999999999995 10.9 1
    endloop
  endfacet
  facet normal 0 0 1
    outer loop
      vertex -2 5 1
      vertex -5.3999999999999995 19.1 1
      vertex -8.6 19.1 1
    endloop
  endfacet
  facet normal 0 0 1
    outer loop
      vertex -2 5 1
      vertex -5.3999999999999995 20.900000000000002 1
      vertex -5.3999999999999995 19.1 1
    endloop
  endfacet
  facet normal 0 0 1
    outer loop
      vertex -2 5 1
      vertex -2 25 1
      vertex -5.3999999999999995 20.900000000000002 1
    endloop
  endfacet
  facet normal -1 0 0
    outer loop
      vertex -12 5 -2
      vertex -12 25 1
      vertex -12 25 -2
    endloop
  endfacet
  facet normal 0 0 -1
    outer loop
      vertex -8.6 20.900000000000002 -2
      vertex -12 25 -2
      vertex -2 25 -2
    endloop
  endfacet
  facet normal 0 0 -1
    outer loop
      vertex -8.6 20.900000000000002 -2
      vertex -2 24.993797276853254 -2
      vertex -5.3999999999999995 20.9 -2
    endloop
  endfacet
  facet normal 0 0 -1
    outer loop
      vertex -8.6 20.900000000000002 -2
      vertex -2 25 -2
      vertex -2 24.993797276853254 -2
    endloop
  endfacet
  facet normal 0 0 1
    outer loop
      vertex -8.6 19.1 1
      vertex -8.6 20.900000000000002 1
      vertex -12 25 1
    endloop
  endfacet
  facet normal 0 0 1
    outer loop
      vertex -8.6 20.900000000000002 1
      vertex -5.3999999999999995 20.900000000000002 1
      vertex -12 25 1
    endloop
  endfacet
  facet normal 0 0 1
    outer loop
      vertex -5.3999999999999995 20.900000000000002 1
      vertex -2 25 1
      vertex -12 25 1
    endloop
  endfacet
  facet normal 0 1 0
    outer loop
      vertex -12 25 -2
      vertex -12 25 1
      vertex -2 25 -2
    endloop
  endfacet
  facet normal 0 1 0
    outer loop
      vertex -2 25 -2
      vertex -12 25 1
      vertex -2 25 1
    endloop
  endfacet
  facet normal -1 0 0
    outer loop
      vertex -5.3999999999999995 9.1 -2
      vertex -5.3999999999999995 10.074311926605505 -0.6246788990825687
      vertex -5.3999999999999995 10.9 -1.1568926553672314
    endloop
  endfacet
  facet normal -1 0 0
    outer loop
      vertex -5.3999999999999995 9.1 -2
      vertex -5.3999999999999995 9.1 -0.4999999999999998
      vertex -5.3999999999999995 10.074311926605505 -0.6246788990825687
    endloop
  endfacet
  facet normal -1 0 0
    outer loop
      vertex -5.3999999999999995 9.1 -0.4999999999999998
      vertex -5.3999999999999995 10.9 -0.4999999999999998
      vertex -5.3999999999999995 10.074311926605505 -0.6246788990825687
    endloop
  endfacet
  facet normal 1 0 0
    outer loop
      vertex -8.6 9.1 -2
      vertex -8.6 20.900000000000002 -2
      vertex -8.6 9.1 -0.4999999999999998
    endloop
  endfacet
  facet normal 1 0 0
    outer loop
      vertex -8.6 9.1 -0.4999999999999998
      vertex -8.6 19.1 -0.7303389830508469
      vertex -8.6 10.9 -0.4999999999999998
    endloop
  endfacet
  facet normal 0 0 -1
    outer loop
      vertex -8.6 10.9 -0.4999999999999998
      vertex -8.6 19.1 -0.4999999999999998
      vertex -5.3999999999999995 10.9 -0.4999999999999998
    endloop
  endfacet
  facet normal 1 0 0
    outer loop
      vertex -8.6 9.1 -0.4999999999999998
      vertex -8.6 20.900000000000002 -2
      vertex -8.6 19.1 -0.7303389830508469
    endloop
  endfacet
  facet normal 1 0 0
    outer loop
      vertex -8.6 10.9 -0.4999999999999998
      vertex -8.6 19.1 -0.7303389830508469
      vertex -8.6 19.1 -0.4999999999999998
    endloop
  endfacet
  facet normal -1 0 0
    outer loop
      vertex -5.3999999999999995 9.1 -2
      vertex -5.3999999999999995 10.9 -1.1568926553672314
      vertex -5.3999999999999995 20.9 -2
    endloop
  endfacet
  facet normal -1 0 0
    outer loop
      vertex -5.3999999999999995 10.9 -1.1568926553672314
      vertex -5.3999999999999995 10.9 -0.7303389830508473
      vertex -5.3999999999999995 20.9 -2
    endloop
  endfacet
  facet normal -1 0 0
    outer loop
      vertex -5.3999999999999995 10.074311926605505 -0.6246788990825687
      vertex -5.3999999999999995 20.9 -0.4999999999999998
      vertex -5.3999999999999995 10.9 -0.7303389830508473
    endloop
  endfacet
  facet normal -1 0 0
    outer loop
      vertex -5.3999999999999995 10.074311926605505 -0.6246788990825687
      vertex -5.3999999999999995 10.9 -0.4999999999999998
      vertex -5.3999999999999995 19.1 -0.4999999999999998
    endloop
  endfacet
  facet normal 0 0 -1
    outer loop
      vertex -5.3999999999999995 10.9 -0.4999999999999998
      vertex -8.6 19.1 -0.4999999999999998
      vertex -5.3999999999999995 19.1 -0.4999999999999998
    endloop
  endfacet
  facet normal -1 0 0
    outer loop
      vertex -5.3999999999999995 10.9 -0.7303389830508473
      vertex -5.3999999999999995 20.9 -0.4999999999999998
      vertex -5.3999999999999995 20.9 -2
    endloop
  endfacet
  facet normal -1 0 0
    outer loop
      vertex -5.3999999999999995 10.074311926605505 -0.6246788990825687
      vertex -5.3999999999999995 19.1 -0.4999999999999998
      vertex -5.3999999999999995 20.9 -0.4999999999999998
    endloop
  endfacet
  facet normal 1 0 0
    outer loop
      vertex -8.6 19.1 -0.7303389830508469
      vertex -8.6 20.9 -0.4999999999999998
      vertex -8.6 19.1 -0.4999999999999998
    endloop
  endfacet
  facet normal 1 0 0
    outer loop
      vertex -8.6 20.900000000000002 -2
      vertex -8.6 20.9 -0.4999999999999998
      vertex -8.6 19.1 -0.7303389830508469
    endloop
  endfacet
  facet normal 0 -1 0
    outer loop
      vertex 2 8 0
      vertex 19 8 2.5
      vertex 2 8 2.5
    endloop
  endfacet
  facet normal -1 0 0
    outer loop
      vertex 2 8 0
      vertex 2 22 2.5
      vertex 2 22 0
    endloop
  endfacet
  facet normal 0 1 0
    outer loop
      vertex 2 22 0
      vertex 2 22 2.5
      vertex 19 22 0
    endloop
  endfacet
  facet normal -1 0 0
    outer loop
      vertex 2 8 0
      vertex 2 8 2.5
      vertex 2 22 2.5
    endloop
  endfacet
  facet normal 0 0 1
    outer loop
      vertex 2 8 2.5
      vertex 19 8 2.5
      vertex 2 22 2.5
    endloop
  endfacet
  facet normal 0 -1 0
    outer loop
      vertex 2 8 0
      vertex 19 8 0
      vertex 19 8 2.5
    endloop
  endfacet
  facet normal 1 0 0
    outer loop
      vertex 19 8 0
      vertex 19 13.380281690140844 0
      vertex 19 8 2.5
    endloop
  endfacet
  facet normal 1 0 0
    outer loop
      vertex 19 8 2.5
      vertex 19 13.380281690140844 0
      vertex 19 22 0
    endloop
  endfacet
  facet normal 0 0 1
    outer loop
      vertex 2 22 2.5
      vertex 19 8 2.5
      vertex 19 22 2.5
    endloop
  endfacet
  facet normal 1 0 0
    outer loop
      vertex 19 8 2.5
      vertex 19 22 0
      vertex 19 22 2.5
    endloop
  endfacet
  facet normal 0 1 0
    outer loop
      vertex 2 22 2.5
      vertex 19 22 2.5
      vertex 19 22 0
    endloop
  endfacet
  facet normal 0 0.3214394653031615 0.9469301294951058
    outer loop
      vertex 0 11.529428580865547 2.577778151415994
      vertex -2 11.529428580865547 2.577778151415994
      vertex 0 11.064937128630913 2.7354517530826747
    endloop
  endfacet
  facet normal 6.610067145063405e-19 0.3214394653031615 0.9469301294951058
    outer loop
      vertex -2 11.529428580865547 2.577778151415994
      vertex -2 11.064937128630913 2.7354517530826747
      vertex 0 11.064937128630913 2.7354517530826747
    endloop
  endfacet
  facet normal 0 0.44228869021900263 0.8968727415326876
    outer loop
      vertex -2 11.064937128630913 2.7354517530826747
      vertex 0 10.625 2.9524047358083556
      vertex 0 11.064937128630913 2.7354517530826747
    endloop
  endfacet
  facet normal 0 0.751839807478978 0.6593458151000682
    outer loop
      vertex -2 9.848349570550447 3.548349570550447
      vertex 0 9.524924973907869 3.917144641217298
      vertex 0 9.848349570550447 3.548349570550447
    endloop
  endfacet
  facet normal 0 0.5555702330196013 0.8314696123025459
    outer loop
      vertex -2 10.625 2.9524047358083556
      vertex 0 10.217144641217297 3.2249249739078683
      vertex 0 10.625 2.9524047358083556
    endloop
  endfacet
  facet normal -2.293219962189273e-18 0.5555702330196013 0.8314696123025459
    outer loop
      vertex -2 10.625 2.9524047358083556
      vertex -2 10.217144641217297 3.2249249739078683
      vertex 0 10.217144641217297 3.2249249739078683
    endloop
  endfacet
  facet normal 5.933538677432346e-18 0.44228869021900263 0.8968727415326876
    outer loop
      vertex -2 11.064937128630913 2.7354517530826747
      vertex -2 10.625 2.9524047358083556
      vertex 0 10.625 2.9524047358083556
    endloop
  endfacet
  facet normal 2.486891374820728e-18 0.6593458151000691 0.7518398074789772
    outer loop
      vertex -2 10.217144641217297 3.2249249739078683
      vertex -2 9.848349570550447 3.548349570550447
      vertex 0 9.848349570550447 3.548349570550447
    endloop
  endfacet
  facet normal 0 0.6593458151000691 0.7518398074789772
    outer loop
      vertex -2 10.217144641217297 3.2249249739078683
      vertex 0 9.848349570550447 3.548349570550447
      vertex 0 10.217144641217297 3.2249249739078683
    endloop
  endfacet
  facet normal -5.267108314194203e-18 0.751839807478978 0.6593458151000682
    outer loop
      vertex -2 9.848349570550447 3.548349570550447
      vertex -2 9.524924973907869 3.917144641217298
      vertex 0 9.524924973907869 3.917144641217298
    endloop
  endfacet
  facet normal 0 0.8314696123025447 0.555570233019603
    outer loop
      vertex -2 9.524924973907869 3.917144641217298
      vertex 0 9.252404735808355 4.325
      vertex 0 9.524924973907869 3.917144641217298
    endloop
  endfacet
  facet normal 6.4475949575383296e-18 0.8314696123025447 0.555570233019603
    outer loop
      vertex -2 9.524924973907869 3.917144641217298
      vertex -2 9.252404735808355 4.325
      vertex 0 9.252404735808355 4.325
    endloop
  endfacet
  facet normal 0 0.896872741532689 0.4422886902189997
    outer loop
      vertex -2 9.252404735808355 4.325
      vertex 0 9.035451753082675 4.764937128630914
      vertex 0 9.252404735808355 4.325
    endloop
  endfacet
  facet normal 0 0.06540312923014362 0.9978589232386034
    outer loop
      vertex -2 12.5 2.45
      vertex 0 12.010526779174807 2.4820817698482114
      vertex 0 12.5 2.45
    endloop
  endfacet
  facet normal 2.5910960879589543e-19 0.1950903220161271 0.9807852804032307
    outer loop
      vertex -2 12.010526779174807 2.4820817698482114
      vertex -2 11.529428580865547 2.577778151415994
      vertex 0 11.529428580865547 2.577778151415994
    endloop
  endfacet
  facet normal 0 0.06540312923014362 0.9978589232386034
    outer loop
      vertex -2 12.010526779174807 2.4820817698482114
      vertex 0 12.010526779174807 2.4820817698482114
      vertex -2 12.5 2.45
    endloop
  endfacet
  facet normal 0 0.1950903220161271 0.9807852804032307
    outer loop
      vertex -2 12.010526779174807 2.4820817698482114
      vertex 0 11.529428580865547 2.577778151415994
      vertex 0 12.010526779174807 2.4820817698482114
    endloop
  endfacet
  facet normal 0 0 1
    outer loop
      vertex -2 12.5 2.45
      vertex 0 12.5 2.45
      vertex -2 17.5 2.45
    endloop
  endfacet
  facet normal 0 0 1
    outer loop
      vertex 0 12.5 2.45
      vertex 0 17.5 2.45
      vertex -2 17.5 2.45
    endloop
  endfacet
  facet normal 0 -0.06540312923014362 0.9978589232386034
    outer loop
      vertex -2 17.5 2.45
      vertex 0 17.5 2.45
      vertex -2 17.989473220825193 2.4820817698482114
    endloop
  endfacet
  facet normal 0 -0.1950903220161278 0.9807852804032305
    outer loop
      vertex -2 17.989473220825193 2.4820817698482114
      vertex 0 17.989473220825193 2.4820817698482114
      vertex -2 18.47057141913445 2.577778151415994
    endloop
  endfacet
  facet normal 0 -0.06540312923014362 0.9978589232386034
    outer loop
      vertex -2 17.989473220825193 2.4820817698482114
      vertex 0 17.5 2.45
      vertex 0 17.989473220825193 2.4820817698482114
    endloop
  endfacet
  facet normal 1.916672760422787e-18 -0.3214394653031603 0.946930129495106
    outer loop
      vertex -2 18.935062871369087 2.7354517530826747
      vertex -2 18.47057141913445 2.577778151415994
      vertex 0 18.47057141913445 2.577778151415994
    endloop
  endfacet
  facet normal 0 -0.1950903220161278 0.9807852804032305
    outer loop
      vertex -2 18.47057141913445 2.577778151415994
      vertex 0 17.989473220825193 2.4820817698482114
      vertex 0 18.47057141913445 2.577778151415994
    endloop
  endfacet
  facet normal 0 -0.44228869021900263 0.8968727415326876
    outer loop
      vertex -2 18.935062871369087 2.7354517530826747
      vertex 0 18.935062871369087 2.7354517530826747
      vertex -2 19.375 2.9524047358083556
    endloop
  endfacet
  facet normal 0 -0.3214394653031603 0.946930129495106
    outer loop
      vertex -2 18.935062871369087 2.7354517530826747
      vertex 0 18.47057141913445 2.577778151415994
      vertex 0 18.935062871369087 2.7354517530826747
    endloop
  endfacet
  facet normal 6.323570752179745e-19 -0.5555702330195996 0.8314696123025469
    outer loop
      vertex -2 19.782855358782705 3.2249249739078683
      vertex -2 19.375 2.9524047358083556
      vertex 0 19.375 2.9524047358083556
    endloop
  endfacet
  facet normal 0 -0.44228869021900263 0.8968727415326876
    outer loop
      vertex -2 19.375 2.9524047358083556
      vertex 0 18.935062871369087 2.7354517530826747
      vertex 0 19.375 2.9524047358083556
    endloop
  endfacet
  facet normal 6.323570752179745e-19 -0.5555702330195996 0.8314696123025469
    outer loop
      vertex 0 19.375 2.9524047358083556
      vertex 0 19.782855358782705 3.2249249739078683
      vertex -2 19.782855358782705 3.2249249739078683
    endloop
  endfacet
  facet normal 0 -0.659345815100071 0.7518398074789757
    outer loop
      vertex 0 19.782855358782705 3.2249249739078683
      vertex -2 20.151650429449553 3.548349570550447
      vertex -2 19.782855358782705 3.2249249739078683
    endloop
  endfacet
  facet normal 0 -0.659345815100071 0.7518398074789757
    outer loop
      vertex 0 20.151650429449553 3.548349570550447
      vertex -2 20.151650429449553 3.548349570550447
      vertex 0 19.782855358782705 3.2249249739078683
    endloop
  endfacet
  facet normal 0 -0.751839807478978 0.6593458151000682
    outer loop
      vertex -2 20.151650429449553 3.548349570550447
      vertex 0 20.151650429449553 3.548349570550447
      vertex -2 20.47507502609213 3.917144641217298
    endloop
  endfacet
  facet normal 5.267108314194203e-18 -0.751839807478978 0.6593458151000682
    outer loop
      vertex 0 20.151650429449553 3.548349570550447
      vertex 0 20.47507502609213 3.917144641217298
      vertex -2 20.47507502609213 3.917144641217298
    endloop
  endfacet
  facet normal 0 -0.8314696123025447 0.555570233019603
    outer loop
      vertex 0 20.47507502609213 3.917144641217298
      vertex -2 20.747595264191645 4.325
      vertex -2 20.47507502609213 3.917144641217298
    endloop
  endfacet
  facet normal 0 -0.8314696123025447 0.555570233019603
    outer loop
      vertex 0 20.747595264191645 4.325
      vertex -2 20.747595264191645 4.325
      vertex 0 20.47507502609213 3.917144641217298
    endloop
  endfacet
  facet normal 0 -0.896872741532689 0.4422886902189997
    outer loop
      vertex 0 20.747595264191645 4.325
      vertex -2 20.964548246917325 4.764937128630914
      vertex -2 20.747595264191645 4.325
    endloop
  endfacet
  facet normal -3.2758150311420683e-18 0.896872741532689 0.4422886902189997
    outer loop
      vertex -2 9.252404735808355 4.325
      vertex -2 9.035451753082675 4.764937128630914
      vertex 0 9.035451753082675 4.764937128630914
    endloop
  endfacet
  facet normal 5.8052687322018055e-18 0.946930129495105 0.32143946530316364
    outer loop
      vertex -2 9.035451753082675 4.764937128630914
      vertex -2 8.877778151415994 5.229428580865547
      vertex 0 8.877778151415994 5.229428580865547
    endloop
  endfacet
  facet normal 0 0.946930129495105 0.32143946530316364
    outer loop
      vertex -2 9.035451753082675 4.764937128630914
      vertex 0 8.877778151415994 5.229428580865547
      vertex 0 9.035451753082675 4.764937128630914
    endloop
  endfacet
  facet normal 0 0.9807852804032309 0.19509032201612625
    outer loop
      vertex -2 8.877778151415994 5.229428580865547
      vertex 0 8.782081769848212 5.710526779174807
      vertex 0 8.877778151415994 5.229428580865547
    endloop
  endfacet
  facet normal -1.224195844429459e-18 0.9807852804032309 0.19509032201612625
    outer loop
      vertex -2 8.877778151415994 5.229428580865547
      vertex -2 8.782081769848212 5.710526779174807
      vertex 0 8.782081769848212 5.710526779174807
    endloop
  endfacet
  facet normal 0 0.9978589232386034 0.06540312923014452
    outer loop
      vertex 0 8.782081769848212 5.710526779174807
      vertex -2 8.782081769848212 5.710526779174807
      vertex 0 8.75 6.2
    endloop
  endfacet
  facet normal -2.247391038894823e-19 0.9978589232386034 0.06540312923014452
    outer loop
      vertex -2 8.782081769848212 5.710526779174807
      vertex -2 8.75 6.2
      vertex 0 8.75 6.2
    endloop
  endfacet
  facet normal 2.247391038894823e-19 0.9978589232386034 -0.06540312923014452
    outer loop
      vertex -2 8.75 6.2
      vertex -2 8.782081769848212 6.689473220825193
      vertex 0 8.782081769848212 6.689473220825193
    endloop
  endfacet
  facet normal 0 0.9978589232386034 -0.06540312923014452
    outer loop
      vertex -2 8.75 6.2
      vertex 0 8.782081769848212 6.689473220825193
      vertex 0 8.75 6.2
    endloop
  endfacet
  facet normal 0 0.9807852804032309 -0.19509032201612625
    outer loop
      vertex -2 8.782081769848212 6.689473220825193
      vertex 0 8.877778151415994 7.170571419134453
      vertex 0 8.782081769848212 6.689473220825193
    endloop
  endfacet
  facet normal 1.224195844429459e-18 0.9807852804032309 -0.19509032201612625
    outer loop
      vertex -2 8.782081769848212 6.689473220825193
      vertex -2 8.877778151415994 7.170571419134453
      vertex 0 8.877778151415994 7.170571419134453
    endloop
  endfacet
  facet normal 0 0.946930129495105 -0.32143946530316364
    outer loop
      vertex 0 8.877778151415994 7.170571419134453
      vertex -2 8.877778151415994 7.170571419134453
      vertex 0 9.035451753082675 7.635062871369087
    endloop
  endfacet
  facet normal -5.8052687322018055e-18 0.946930129495105 -0.32143946530316364
    outer loop
      vertex -2 8.877778151415994 7.170571419134453
      vertex -2 9.035451753082675 7.635062871369087
      vertex 0 9.035451753082675 7.635062871369087
    endloop
  endfacet
  facet normal 4.90272185926795e-18 0.8968727415326887 -0.44228869021900047
    outer loop
      vertex -2 9.035451753082675 7.635062871369087
      vertex -2 9.252404735808355 8.075
      vertex 0 9.252404735808355 8.075
    endloop
  endfacet
  facet normal 0 0.8968727415326887 -0.44228869021900047
    outer loop
      vertex -2 9.035451753082675 7.635062871369087
      vertex 0 9.252404735808355 8.075
      vertex 0 9.035451753082675 7.635062871369087
    endloop
  endfacet
  facet normal 3.746611202492481e-18 0.831469612302545 -0.5555702330196026
    outer loop
      vertex -2 9.252404735808355 8.075
      vertex -2 9.524924973907869 8.482855358782702
      vertex 0 9.524924973907869 8.482855358782702
    endloop
  endfacet
  facet normal 0 0.831469612302545 -0.5555702330196026
    outer loop
      vertex 0 9.252404735808355 8.075
      vertex -2 9.252404735808355 8.075
      vertex 0 9.524924973907869 8.482855358782702
    endloop
  endfacet
  facet normal 0 0.7518398074789776 -0.6593458151000685
    outer loop
      vertex 0 9.848349570550447 8.851650429449553
      vertex -2 9.524924973907869 8.482855358782702
      vertex -2 9.848349570550447 8.851650429449553
    endloop
  endfacet
  facet normal 0 0.7518398074789776 -0.6593458151000685
    outer loop
      vertex 0 9.524924973907869 8.482855358782702
      vertex -2 9.524924973907869 8.482855358782702
      vertex 0 9.848349570550447 8.851650429449553
    endloop
  endfacet
  facet normal 0 0.6593458151000705 -0.7518398074789758
    outer loop
      vertex 0 9.848349570550447 8.851650429449553
      vertex -2 9.848349570550447 8.851650429449553
      vertex 0 10.217144641217297 9.175075026092133
    endloop
  endfacet
  facet normal 3.2326731981711565e-18 0.6593458151000705 -0.7518398074789758
    outer loop
      vertex -2 9.848349570550447 8.851650429449553
      vertex -2 10.217144641217297 9.175075026092133
      vertex 0 10.217144641217297 9.175075026092133
    endloop
  endfacet
  facet normal 8.398287218860612e-19 0.5555702330196001 -0.8314696123025466
    outer loop
      vertex -2 10.217144641217297 9.175075026092133
      vertex -2 10.625 9.447595264191644
      vertex 0 10.625 9.447595264191644
    endloop
  endfacet
  facet normal 0 0.5555702330196001 -0.8314696123025466
    outer loop
      vertex 0 10.217144641217297 9.175075026092133
      vertex -2 10.217144641217297 9.175075026092133
      vertex 0 10.625 9.447595264191644
    endloop
  endfacet
  facet normal 0 0.44228869021900336 -0.8968727415326873
    outer loop
      vertex -2 10.625 9.447595264191644
      vertex 0 11.064937128630913 9.664548246917326
      vertex 0 10.625 9.447595264191644
    endloop
  endfacet
  facet normal -4.830326908877663e-18 0.44228869021900336 -0.8968727415326873
    outer loop
      vertex -2 10.625 9.447595264191644
      vertex -2 11.064937128630913 9.664548246917326
      vertex 0 11.064937128630913 9.664548246917326
    endloop
  endfacet
  facet normal -4.516428994736425e-18 0.32143946530316303 -0.9469301294951051
    outer loop
      vertex -2 11.064937128630913 9.664548246917326
      vertex -2 11.529428580865547 9.822221848584007
      vertex 0 11.529428580865547 9.822221848584007
    endloop
  endfacet
  facet normal 0 0.32143946530316303 -0.9469301294951051
    outer loop
      vertex -2 11.064937128630913 9.664548246917326
      vertex 0 11.529428580865547 9.822221848584007
      vertex 0 11.064937128630913 9.664548246917326
    endloop
  endfacet
  facet normal 0 -0.896872741532689 0.4422886902189997
    outer loop
      vertex 0 20.964548246917325 4.764937128630914
      vertex -2 20.964548246917325 4.764937128630914
      vertex 0 20.747595264191645 4.325
    endloop
  endfacet
  facet normal 0 -0.9469301294951061 0.32143946530316037
    outer loop
      vertex -2 20.964548246917325 4.764937128630914
      vertex 0 20.964548246917325 4.764937128630914
      vertex -2 21.122221848584005 5.229428580865547
    endloop
  endfacet
  facet normal 0 -0.9469301294951061 0.32143946530316037
    outer loop
      vertex 0 21.122221848584005 5.229428580865547
      vertex -2 21.122221848584005 5.229428580865547
      vertex 0 20.964548246917325 4.764937128630914
    endloop
  endfacet
  facet normal 0 -0.9807852804032302 0.19509032201612975
    outer loop
      vertex 0 21.122221848584005 5.229428580865547
      vertex -2 21.21791823015179 5.710526779174807
      vertex -2 21.122221848584005 5.229428580865547
    endloop
  endfacet
  facet normal 2.3639219527101945e-18 -0.9807852804032302 0.19509032201612975
    outer loop
      vertex 0 21.122221848584005 5.229428580865547
      vertex 0 21.21791823015179 5.710526779174807
      vertex -2 21.21791823015179 5.710526779174807
    endloop
  endfacet
  facet normal 0 -0.9978589232386034 0.06540312923014452
    outer loop
      vertex -2 21.21791823015179 5.710526779174807
      vertex 0 21.21791823015179 5.710526779174807
      vertex -2 21.25 6.2
    endloop
  endfacet
  facet normal 0 -0.9978589232386034 0.06540312923014452
    outer loop
      vertex 0 21.25 6.2
      vertex -2 21.25 6.2
      vertex 0 21.21791823015179 5.710526779174807
    endloop
  endfacet
  facet normal 0 -0.9978589232386034 -0.06540312923014452
    outer loop
      vertex 0 21.25 6.2
      vertex -2 21.21791823015179 6.689473220825193
      vertex -2 21.25 6.2
    endloop
  endfacet
  facet normal 0 -0.9978589232386034 -0.06540312923014452
    outer loop
      vertex -2 21.21791823015179 6.689473220825193
      vertex 0 21.25 6.2
      vertex 0 21.21791823015179 6.689473220825193
    endloop
  endfacet
  facet normal 0 -0.9807852804032302 -0.19509032201612975
    outer loop
      vertex -2 21.21791823015179 6.689473220825193
      vertex 0 21.21791823015179 6.689473220825193
      vertex -2 21.122221848584005 7.170571419134453
    endloop
  endfacet
  facet normal 0 -0.9807852804032302 -0.19509032201612975
    outer loop
      vertex -2 21.122221848584005 7.170571419134453
      vertex 0 21.21791823015179 6.689473220825193
      vertex 0 21.122221848584005 7.170571419134453
    endloop
  endfacet
  facet normal 0 -0.9469301294951061 -0.32143946530316037
    outer loop
      vertex -2 21.122221848584005 7.170571419134453
      vertex 0 21.122221848584005 7.170571419134453
      vertex -2 20.964548246917325 7.635062871369087
    endloop
  endfacet
  facet normal -1.905575828259988e-18 -0.9469301294951061 -0.32143946530316037
    outer loop
      vertex 0 21.122221848584005 7.170571419134453
      vertex 0 20.964548246917325 7.635062871369087
      vertex -2 20.964548246917325 7.635062871369087
    endloop
  endfacet
  facet normal 1.224195844429459e-18 0.19509032201612625 -0.9807852804032309
    outer loop
      vertex -2 11.529428580865547 9.822221848584007
      vertex -2 12.010526779174807 9.91791823015179
      vertex 0 12.010526779174807 9.91791823015179
    endloop
  endfacet
  facet normal 1.602941686519837e-18 0.06540312923014091 -0.9978589232386036
    outer loop
      vertex -2 12.010526779174807 9.91791823015179
      vertex -2 12.5 9.95
      vertex 0 12.5 9.95
    endloop
  endfacet
  facet normal 0 0.19509032201612625 -0.9807852804032309
    outer loop
      vertex -2 11.529428580865547 9.822221848584007
      vertex 0 12.010526779174807 9.91791823015179
      vertex 0 11.529428580865547 9.822221848584007
    endloop
  endfacet
  facet normal 0 0.06540312923014091 -0.9978589232386036
    outer loop
      vertex -2 12.010526779174807 9.91791823015179
      vertex 0 12.5 9.95
      vertex 0 12.010526779174807 9.91791823015179
    endloop
  endfacet
  facet normal 0 0 -1
    outer loop
      vertex 0 12.5 9.95
      vertex -2 12.5 9.95
      vertex 0 17.5 9.95
    endloop
  endfacet
  facet normal 0 0 -1
    outer loop
      vertex -2 12.5 9.95
      vertex -2 17.5 9.95
      vertex 0 17.5 9.95
    endloop
  endfacet
  facet normal 0 -0.06540312923014091 -0.9978589232386036
    outer loop
      vertex -2 17.989473220825193 9.91791823015179
      vertex 0 17.989473220825193 9.91791823015179
      vertex -2 17.5 9.95
    endloop
  endfacet
  facet normal 0 -0.06540312923014091 -0.9978589232386036
    outer loop
      vertex -2 17.5 9.95
      vertex 0 17.989473220825193 9.91791823015179
      vertex 0 17.5 9.95
    endloop
  endfacet
  facet normal 0 -0.19509032201612694 -0.9807852804032308
    outer loop
      vertex -2 17.989473220825193 9.91791823015179
      vertex 0 18.47057141913445 9.822221848584007
      vertex 0 17.989473220825193 9.91791823015179
    endloop
  endfacet
  facet normal 0 -0.8968727415326887 -0.44228869021900047
    outer loop
      vertex -2 20.964548246917325 7.635062871369087
      vertex 0 20.964548246917325 7.635062871369087
      vertex -2 20.747595264191645 8.075
    endloop
  endfacet
  facet normal 0 -0.8968727415326887 -0.44228869021900047
    outer loop
      vertex 0 20.747595264191645 8.075
      vertex -2 20.747595264191645 8.075
      vertex 0 20.964548246917325 7.635062871369087
    endloop
  endfacet
  facet normal 0 -0.831469612302545 -0.5555702330196026
    outer loop
      vertex -2 20.747595264191645 8.075
      vertex 0 20.747595264191645 8.075
      vertex -2 20.47507502609213 8.482855358782702
    endloop
  endfacet
  facet normal -3.746611202492481e-18 -0.831469612302545 -0.5555702330196026
    outer loop
      vertex 0 20.747595264191645 8.075
      vertex 0 20.47507502609213 8.482855358782702
      vertex -2 20.47507502609213 8.482855358782702
    endloop
  endfacet
  facet normal 0 -0.6593458151000724 -0.7518398074789743
    outer loop
      vertex -2 19.782855358782705 9.175075026092133
      vertex 0 20.151650429449553 8.851650429449553
      vertex 0 19.782855358782705 9.175075026092133
    endloop
  endfacet
  facet normal 8.210341650868424e-19 -0.5555702330195984 -0.8314696123025478
    outer loop
      vertex -2 19.375 9.447595264191644
      vertex -2 19.782855358782705 9.175075026092133
      vertex 0 19.782855358782705 9.175075026092133
    endloop
  endfacet
  facet normal 0 -0.5555702330195984 -0.8314696123025478
    outer loop
      vertex -2 19.375 9.447595264191644
      vertex 0 19.782855358782705 9.175075026092133
      vertex 0 19.375 9.447595264191644
    endloop
  endfacet
  facet normal -3.218857149700838e-19 -0.7518398074789776 -0.6593458151000685
    outer loop
      vertex -2 20.151650429449553 8.851650429449553
      vertex -2 20.47507502609213 8.482855358782702
      vertex 0 20.47507502609213 8.482855358782702
    endloop
  endfacet
  facet normal 0 -0.7518398074789776 -0.6593458151000685
    outer loop
      vertex -2 20.151650429449553 8.851650429449553
      vertex 0 20.47507502609213 8.482855358782702
      vertex 0 20.151650429449553 8.851650429449553
    endloop
  endfacet
  facet normal 0 -0.6593458151000724 -0.7518398074789743
    outer loop
      vertex -2 20.151650429449553 8.851650429449553
      vertex 0 20.151650429449553 8.851650429449553
      vertex -2 19.782855358782705 9.175075026092133
    endloop
  endfacet
  facet normal 1.938749519805677e-18 -0.321439465303162 -0.9469301294951056
    outer loop
      vertex -2 18.47057141913445 9.822221848584007
      vertex -2 18.935062871369087 9.664548246917326
      vertex 0 18.935062871369087 9.664548246917326
    endloop
  endfacet
  facet normal 0 -0.321439465303162 -0.9469301294951056
    outer loop
      vertex -2 18.47057141913445 9.822221848584007
      vertex 0 18.935062871369087 9.664548246917326
      vertex 0 18.47057141913445 9.822221848584007
    endloop
  endfacet
  facet normal 0 -0.44228869021900336 -0.8968727415326873
    outer loop
      vertex -2 18.935062871369087 9.664548246917326
      vertex 0 19.375 9.447595264191644
      vertex 0 18.935062871369087 9.664548246917326
    endloop
  endfacet
  facet normal 0 -0.44228869021900336 -0.8968727415326873
    outer loop
      vertex -2 19.375 9.447595264191644
      vertex 0 19.375 9.447595264191644
      vertex -2 18.935062871369087 9.664548246917326
    endloop
  endfacet
  facet normal 0 -0.19509032201612694 -0.9807852804032308
    outer loop
      vertex -2 18.47057141913445 9.822221848584007
      vertex 0 18.47057141913445 9.822221848584007
      vertex -2 17.989473220825193 9.91791823015179
    endloop
  endfacet
  facet normal 0 0 1
    outer loop
      vertex 0.75 2 2
      vertex 0.760693923282737 1.8368422597249356 2
      vertex 0.760693923282737 2.1631577402750644 2
    endloop
  endfacet
  facet normal 0 0 1
    outer loop
      vertex 0.760693923282737 1.8368422597249356 2
      vertex 0.7925927171386646 2.3235238063781507 2
      vertex 0.760693923282737 2.1631577402750644 2
    endloop
  endfacet
  facet normal 0 0 1
    outer loop
      vertex 0.7925927171386646 2.3235238063781507 2
      vertex 0.7925927171386646 1.676476193621849 2
      vertex 0.8451505843608915 2.4783542904563625 2
    endloop
  endfacet
  facet normal 0 0 1
    outer loop
      vertex 0.8451505843608915 2.4783542904563625 2
      vertex 0.8451505843608915 1.5216457095436378 2
      vertex 0.9174682452694518 2.625 2
    endloop
  endfacet
  facet normal 0 0 1
    outer loop
      vertex 0.9174682452694518 2.625 2
      vertex 0.9174682452694518 1.375 2
      vertex 1.008308324635956 2.7609517862609008 2
    endloop
  endfacet
  facet normal 0 0 1
    outer loop
      vertex 1.008308324635956 2.7609517862609008 2
      vertex 1.008308324635956 1.2390482137390992 2
      vertex 1.1161165235168156 2.8838834764831844 2
    endloop
  endfacet
  facet normal 0 0 1
    outer loop
      vertex 1.1161165235168156 2.8838834764831844 2
      vertex 1.1161165235168156 1.1161165235168156 2
      vertex 1.2390482137390992 2.991691675364044 2
    endloop
  endfacet
  facet normal 0 0 1
    outer loop
      vertex 1.375 3.082531754730548 2
      vertex 1.2390482137390992 1.008308324635956 2
      vertex 1.375 0.9174682452694518 2
    endloop
  endfacet
  facet normal 0 0 1
    outer loop
      vertex 1.5216457095436378 3.1548494156391085 2
      vertex 1.375 0.9174682452694518 2
      vertex 1.5216457095436378 0.8451505843608915 2
    endloop
  endfacet
  facet normal 0 0 1
    outer loop
      vertex 1.676476193621849 3.207407282861335 2
      vertex 1.5216457095436378 0.8451505843608915 2
      vertex 1.676476193621849 0.7925927171386646 2
    endloop
  endfacet
  facet normal 0 0 1
    outer loop
      vertex 2.1631577402750644 3.239306076717263 2
      vertex 2 0.75 2
      vertex 2.1631577402750644 0.760693923282737 2
    endloop
  endfacet
  facet normal 0 0 1
    outer loop
      vertex 2 3.25 2
      vertex 1.8368422597249356 0.760693923282737 2
      vertex 2 0.75 2
    endloop
  endfacet
  facet normal 0 0 1
    outer loop
      vertex 2.625 3.082531754730548 2
      vertex 2.4783542904563625 0.8451505843608915 2
      vertex 2.625 0.9174682452694518 2
    endloop
  endfacet
  facet normal 0 0 1
    outer loop
      vertex 1.2390482137390992 2.991691675364044 2
      vertex 1.2390482137390992 1.008308324635956 2
      vertex 1.375 3.082531754730548 2
    endloop
  endfacet
  facet normal 0 0 1
    outer loop
      vertex 1.375 0.9174682452694518 2
      vertex 1.5216457095436378 3.1548494156391085 2
      vertex 1.375 3.082531754730548 2
    endloop
  endfacet
  facet normal 0 0 1
    outer loop
      vertex 1.5216457095436378 0.8451505843608915 2
      vertex 1.676476193621849 3.207407282861335 2
      vertex 1.5216457095436378 3.1548494156391085 2
    endloop
  endfacet
  facet normal 0 0 1
    outer loop
      vertex 1.8368422597249356 3.239306076717263 2
      vertex 1.8368422597249356 0.760693923282737 2
      vertex 2 3.25 2
    endloop
  endfacet
  facet normal 0 0 1
    outer loop
      vertex 2 0.75 2
      vertex 2.1631577402750644 3.239306076717263 2
      vertex 2 3.25 2
    endloop
  endfacet
  facet normal 0 0 1
    outer loop
      vertex 2.3235238063781507 3.207407282861335 2
      vertex 2.3235238063781507 0.7925927171386646 2
      vertex 2.4783542904563625 3.1548494156391085 2
    endloop
  endfacet
  facet normal 0 0 1
    outer loop
      vertex 2.4783542904563625 3.1548494156391085 2
      vertex 2.4783542904563625 0.8451505843608915 2
      vertex 2.625 3.082531754730548 2
    endloop
  endfacet
  facet normal 0 0 1
    outer loop
      vertex 2.7609517862609008 2.991691675364044 2
      vertex 2.625 0.9174682452694518 2
      vertex 2.7609517862609008 1.008308324635956 2
    endloop
  endfacet
  facet normal 0 0 1
    outer loop
      vertex 2.991691675364044 2.7609517862609008 2
      vertex 2.8838834764831844 1.1161165235168156 2
      vertex 2.991691675364044 1.2390482137390992 2
    endloop
  endfacet
  facet normal 0 0 1
    outer loop
      vertex 3.082531754730548 2.625 2
      vertex 2.991691675364044 1.2390482137390992 2
      vertex 3.082531754730548 1.375 2
    endloop
  endfacet
  facet normal 0 0 1
    outer loop
      vertex 3.1548494156391085 2.4783542904563625 2
      vertex 3.082531754730548 1.375 2
      vertex 3.1548494156391085 1.5216457095436378 2
    endloop
  endfacet
  facet normal 0 0 1
    outer loop
      vertex 3.207407282861335 2.3235238063781507 2
      vertex 3.1548494156391085 1.5216457095436378 2
      vertex 3.207407282861335 1.676476193621849 2
    endloop
  endfacet
  facet normal 0 0 1
    outer loop
      vertex 3.239306076717263 2.1631577402750644 2
      vertex 3.207407282861335 1.676476193621849 2
      vertex 3.239306076717263 1.8368422597249356 2
    endloop
  endfacet
  facet normal 0 0 1
    outer loop
      vertex 3.25 2 2
      vertex 3.239306076717263 2.1631577402750644 2
      vertex 3.239306076717263 1.8368422597249356 2
    endloop
  endfacet
  facet normal 0 0 1
    outer loop
      vertex 2.991691675364044 1.2390482137390992 2
      vertex 3.082531754730548 2.625 2
      vertex 2.991691675364044 2.7609517862609008 2
    endloop
  endfacet
  facet normal 0 0 1
    outer loop
      vertex 3.082531754730548 1.375 2
      vertex 3.1548494156391085 2.4783542904563625 2
      vertex 3.082531754730548 2.625 2
    endloop
  endfacet
  facet normal 0 0 1
    outer loop
      vertex 3.1548494156391085 1.5216457095436378 2
      vertex 3.207407282861335 2.3235238063781507 2
      vertex 3.1548494156391085 2.4783542904563625 2
    endloop
  endfacet
  facet normal 0 0 1
    outer loop
      vertex 3.207407282861335 1.676476193621849 2
      vertex 3.239306076717263 2.1631577402750644 2
      vertex 3.207407282861335 2.3235238063781507 2
    endloop
  endfacet
  facet normal 0 0 1
    outer loop
      vertex 2.625 0.9174682452694518 2
      vertex 2.7609517862609008 2.991691675364044 2
      vertex 2.625 3.082531754730548 2
    endloop
  endfacet
  facet normal 0 0 1
    outer loop
      vertex 2.7609517862609008 1.008308324635956 2
      vertex 2.8838834764831844 2.8838834764831844 2
      vertex 2.7609517862609008 2.991691675364044 2
    endloop
  endfacet
  facet normal 0 0 1
    outer loop
      vertex 2.8838834764831844 1.1161165235168156 2
      vertex 2.991691675364044 2.7609517862609008 2
      vertex 2.8838834764831844 2.8838834764831844 2
    endloop
  endfacet
  facet normal 0.8314696123025453 0.5555702330196021 0
    outer loop
      vertex 0.9174682452694518 1.375 2
      vertex 0.9174682452694518 1.375 11
      vertex 1.008308324635956 1.2390482137390992 2
    endloop
  endfacet
  facet normal 0.6593458151000684 0.7518398074789779 4.997557120351366e-19
    outer loop
      vertex 1.2390482137390992 1.008308324635956 2
      vertex 1.1161165235168156 1.1161165235168156 2
      vertex 1.1161165235168156 1.1161165235168156 11
    endloop
  endfacet
  facet normal 0.7518398074789779 0.6593458151000684 0
    outer loop
      vertex 1.008308324635956 1.2390482137390992 2
      vertex 1.008308324635956 1.2390482137390992 11
      vertex 1.1161165235168156 1.1161165235168156 2
    endloop
  endfacet
  facet normal 0.4422886902190021 0.8968727415326879 -5.179390402843316e-19
    outer loop
      vertex 1.5216457095436378 0.8451505843608915 2
      vertex 1.375 0.9174682452694518 2
      vertex 1.375 0.9174682452694518 11
    endloop
  endfacet
  facet normal 0.32143946530316136 0.9469301294951059 2.5301556531926087e-20
    outer loop
      vertex 1.676476193621849 0.7925927171386646 2
      vertex 1.5216457095436378 0.8451505843608915 2
      vertex 1.5216457095436378 0.8451505843608915 11
    endloop
  endfacet
  facet normal 0.19509032201612808 0.9807852804032305 9.620959605267864e-20
    outer loop
      vertex 1.8368422597249356 0.760693923282737 2
      vertex 1.676476193621849 0.7925927171386646 2
      vertex 1.676476193621849 0.7925927171386646 11
    endloop
  endfacet
  facet normal 0.06540312923014317 0.9978589232386035 -2.2185616837183693e-20
    outer loop
      vertex 2 0.75 2
      vertex 1.8368422597249356 0.760693923282737 2
      vertex 1.8368422597249356 0.760693923282737 11
    endloop
  endfacet
  facet normal 0.5555702330196021 0.8314696123025453 3.442151604320596e-20
    outer loop
      vertex 1.375 0.9174682452694518 2
      vertex 1.2390482137390992 1.008308324635956 2
      vertex 1.2390482137390992 1.008308324635956 11
    endloop
  endfacet
  facet normal -0.06540312923014317 0.9978589232386035 2.2185616837183693e-20
    outer loop
      vertex 2.1631577402750644 0.760693923282737 2
      vertex 2 0.75 2
      vertex 2 0.75 11
    endloop
  endfacet
  facet normal -0.32143946530316053 0.9469301294951061 5.108444099186778e-19
    outer loop
      vertex 2.4783542904563625 0.8451505843608915 2
      vertex 2.3235238063781507 0.7925927171386646 2
      vertex 2.3235238063781507 0.7925927171386646 11
    endloop
  endfacet
  facet normal -0.44228869021900263 0.8968727415326876 2.153812017811379e-19
    outer loop
      vertex 2.625 0.9174682452694518 2
      vertex 2.4783542904563625 0.8451505843608915 2
      vertex 2.4783542904563625 0.8451505843608915 11
    endloop
  endfacet
  facet normal -0.5555702330196021 0.8314696123025453 -3.442151604320596e-20
    outer loop
      vertex 2.7609517862609008 1.008308324635956 2
      vertex 2.625 0.9174682452694518 2
      vertex 2.625 0.9174682452694518 11
    endloop
  endfacet
  facet normal -0.7518398074789772 0.6593458151000691 0
    outer loop
      vertex 2.8838834764831844 1.1161165235168156 2
      vertex 2.8838834764831844 1.1161165235168156 11
      vertex 2.991691675364044 1.2390482137390992 2
    endloop
  endfacet
  facet normal -0.8314696123025459 0.5555702330196011 0
    outer loop
      vertex 2.991691675364044 1.2390482137390992 2
      vertex 2.991691675364044 1.2390482137390992 11
      vertex 3.082531754730548 1.375 2
    endloop
  endfacet
  facet normal 0.8968727415326879 0.4422886902190021 0
    outer loop
      vertex 0.8451505843608915 1.5216457095436378 2
      vertex 0.8451505843608915 1.5216457095436378 11
      vertex 0.9174682452694518 1.375 2
    endloop
  endfacet
  facet normal 0.9807852804032305 0.19509032201612808 0
    outer loop
      vertex 0.760693923282737 1.8368422597249356 2
      vertex 0.760693923282737 1.8368422597249356 11
      vertex 0.7925927171386646 1.676476193621849 2
    endloop
  endfacet
  facet normal 0.9469301294951059 0.32143946530316136 0
    outer loop
      vertex 0.7925927171386646 1.676476193621849 2
      vertex 0.7925927171386646 1.676476193621849 11
      vertex 0.8451505843608915 1.5216457095436378 2
    endloop
  endfacet
  facet normal 0.9978589232386035 0.06540312923014317 0
    outer loop
      vertex 0.75 2 2
      vertex 0.75 2 11
      vertex 0.760693923282737 1.8368422597249356 2
    endloop
  endfacet
  facet normal 0.9978589232386035 -0.06540312923014317 2.2185616837183693e-20
    outer loop
      vertex 0.75 2 2
      vertex 0.760693923282737 2.1631577402750644 2
      vertex 0.760693923282737 2.1631577402750644 11
    endloop
  endfacet
  facet normal 0.9807852804032304 -0.19509032201612833 0
    outer loop
      vertex 0.7925927171386646 2.3235238063781507 2
      vertex 0.7925927171386646 2.3235238063781507 11
      vertex 0.760693923282737 2.1631577402750644 2
    endloop
  endfacet
  facet normal 0.9469301294951061 -0.32143946530316053 0
    outer loop
      vertex 0.8451505843608915 2.4783542904563625 2
      vertex 0.8451505843608915 2.4783542904563625 11
      vertex 0.7925927171386646 2.3235238063781507 2
    endloop
  endfacet
  facet normal 0.8968727415326876 -0.44228869021900263 0
    outer loop
      vertex 0.9174682452694518 2.625 2
      vertex 0.9174682452694518 2.625 11
      vertex 0.8451505843608915 2.4783542904563625 2
    endloop
  endfacet
  facet normal 0.8314696123025453 -0.5555702330196021 0
    outer loop
      vertex 1.008308324635956 2.7609517862609008 2
      vertex 1.008308324635956 2.7609517862609008 11
      vertex 0.9174682452694518 2.625 2
    endloop
  endfacet
  facet normal 0.7518398074789779 -0.6593458151000684 0
    outer loop
      vertex 1.1161165235168156 2.8838834764831844 2
      vertex 1.1161165235168156 2.8838834764831844 11
      vertex 1.008308324635956 2.7609517862609008 2
    endloop
  endfacet
  facet normal 0.6593458151000691 -0.7518398074789772 3.669825981851554e-19
    outer loop
      vertex 1.1161165235168156 2.8838834764831844 2
      vertex 1.2390482137390992 2.991691675364044 2
      vertex 1.2390482137390992 2.991691675364044 11
    endloop
  endfacet
  facet normal 0.5555702330196011 -0.8314696123025459 -5.081070250145937e-19
    outer loop
      vertex 1.2390482137390992 2.991691675364044 2
      vertex 1.375 3.082531754730548 2
      vertex 1.375 3.082531754730548 11
    endloop
  endfacet
  facet normal -0.8968727415326879 0.4422886902190021 0
    outer loop
      vertex 3.082531754730548 1.375 2
      vertex 3.082531754730548 1.375 11
      vertex 3.1548494156391085 1.5216457095436378 2
    endloop
  endfacet
  facet normal -0.9469301294951061 0.3214394653031601 0
    outer loop
      vertex 3.1548494156391085 1.5216457095436378 2
      vertex 3.1548494156391085 1.5216457095436378 11
      vertex 3.207407282861335 1.676476193621849 2
    endloop
  endfacet
  facet normal -0.9807852804032305 0.19509032201612808 0
    outer loop
      vertex 3.207407282861335 1.676476193621849 2
      vertex 3.207407282861335 1.676476193621849 11
      vertex 3.239306076717263 1.8368422597249356 2
    endloop
  endfacet
  facet normal -0.9978589232386035 0.06540312923014453 3.3019905661216664e-20
    outer loop
      vertex 3.25 2 2
      vertex 3.239306076717263 1.8368422597249356 2
      vertex 3.239306076717263 1.8368422597249356 11
    endloop
  endfacet
  facet normal -0.9978589232386035 -0.06540312923014453 0
    outer loop
      vertex 3.25 2 2
      vertex 3.25 2 11
      vertex 3.239306076717263 2.1631577402750644 2
    endloop
  endfacet
  facet normal -0.9807852804032304 -0.19509032201612833 0
    outer loop
      vertex 3.239306076717263 2.1631577402750644 2
      vertex 3.239306076717263 2.1631577402750644 11
      vertex 3.207407282861335 2.3235238063781507 2
    endloop
  endfacet
  facet normal -0.9469301294951065 -0.32143946530315926 0
    outer loop
      vertex 3.207407282861335 2.3235238063781507 2
      vertex 3.207407282861335 2.3235238063781507 11
      vertex 3.1548494156391085 2.4783542904563625 2
    endloop
  endfacet
  facet normal -0.8968727415326876 -0.44228869021900263 0
    outer loop
      vertex 3.1548494156391085 2.4783542904563625 2
      vertex 3.1548494156391085 2.4783542904563625 11
      vertex 3.082531754730548 2.625 2
    endloop
  endfacet
  facet normal -0.5555702330196011 -0.8314696123025459 5.081070250145937e-19
    outer loop
      vertex 2.625 3.082531754730548 2
      vertex 2.7609517862609008 2.991691675364044 2
      vertex 2.7609517862609008 2.991691675364044 11
    endloop
  endfacet
  facet normal -0.6593458151000691 -0.7518398074789772 -3.669825981851554e-19
    outer loop
      vertex 2.7609517862609008 2.991691675364044 2
      vertex 2.8838834764831844 2.8838834764831844 2
      vertex 2.8838834764831844 2.8838834764831844 11
    endloop
  endfacet
  facet normal -0.8314696123025459 -0.5555702330196011 0
    outer loop
      vertex 3.082531754730548 2.625 2
      vertex 3.082531754730548 2.625 11
      vertex 2.991691675364044 2.7609517862609008 2
    endloop
  endfacet
  facet normal -0.7518398074789772 -0.6593458151000691 0
    outer loop
      vertex 2.991691675364044 2.7609517862609008 2
      vertex 2.991691675364044 2.7609517862609008 11
      vertex 2.8838834764831844 2.8838834764831844 2
    endloop
  endfacet
  facet normal 0.06540312923014453 -0.9978589232386035 3.3019905661216664e-20
    outer loop
      vertex 1.8368422597249356 3.239306076717263 2
      vertex 2 3.25 2
      vertex 2 3.25 11
    endloop
  endfacet
  facet normal -0.06540312923014453 -0.9978589232386035 -3.3019905661216664e-20
    outer loop
      vertex 2 3.25 2
      vertex 2.1631577402750644 3.239306076717263 2
      vertex 2.1631577402750644 3.239306076717263 11
    endloop
  endfacet
  facet normal -0.19509032201612833 -0.9807852804032304 1.941058126832747e-19
    outer loop
      vertex 2.1631577402750644 3.239306076717263 2
      vertex 2.3235238063781507 3.207407282861335 2
      vertex 2.3235238063781507 3.207407282861335 11
    endloop
  endfacet
  facet normal -0.32143946530315926 -0.9469301294951065 4.537901169322748e-19
    outer loop
      vertex 2.3235238063781507 3.207407282861335 2
      vertex 2.4783542904563625 3.1548494156391085 2
      vertex 2.4783542904563625 3.1548494156391085 11
    endloop
  endfacet
  facet normal -0.44228869021900263 -0.8968727415326876 -2.153812017811379e-19
    outer loop
      vertex 2.4783542904563625 3.1548494156391085 2
      vertex 2.625 3.082531754730548 2
      vertex 2.625 3.082531754730548 11
    endloop
  endfacet
  facet normal 0.7518398074789779 0.6593458151000684 0
    outer loop
      vertex 1.1161165235168156 1.1161165235168156 11
      vertex 1.1161165235168156 1.1161165235168156 2
      vertex 1.008308324635956 1.2390482137390992 11
    endloop
  endfacet
  facet normal 0.6593458151000684 0.7518398074789779 0
    outer loop
      vertex 1.2390482137390992 1.008308324635956 11
      vertex 1.2390482137390992 1.008308324635956 2
      vertex 1.1161165235168156 1.1161165235168156 11
    endloop
  endfacet
  facet normal 0.8314696123025453 0.5555702330196021 0
    outer loop
      vertex 1.008308324635956 1.2390482137390992 11
      vertex 1.008308324635956 1.2390482137390992 2
      vertex 0.9174682452694518 1.375 11
    endloop
  endfacet
  facet normal 0.5555702330196021 0.8314696123025453 0
    outer loop
      vertex 1.375 0.9174682452694518 11
      vertex 1.375 0.9174682452694518 2
      vertex 1.2390482137390992 1.008308324635956 11
    endloop
  endfacet
  facet normal 0.4422886902190021 0.8968727415326879 0
    outer loop
      vertex 1.5216457095436378 0.8451505843608915 11
      vertex 1.5216457095436378 0.8451505843608915 2
      vertex 1.375 0.9174682452694518 11
    endloop
  endfacet
  facet normal 0.32143946530316136 0.9469301294951059 0
    outer loop
      vertex 1.676476193621849 0.7925927171386646 11
      vertex 1.676476193621849 0.7925927171386646 2
      vertex 1.5216457095436378 0.8451505843608915 11
    endloop
  endfacet
  facet normal 0.19509032201612808 0.9807852804032305 0
    outer loop
      vertex 1.8368422597249356 0.760693923282737 11
      vertex 1.8368422597249356 0.760693923282737 2
      vertex 1.676476193621849 0.7925927171386646 11
    endloop
  endfacet
  facet normal 0.06540312923014317 0.9978589232386035 0
    outer loop
      vertex 2 0.75 11
      vertex 2 0.75 2
      vertex 1.8368422597249356 0.760693923282737 11
    endloop
  endfacet
  facet normal -0.06540312923014317 0.9978589232386035 0
    outer loop
      vertex 2.1631577402750644 0.760693923282737 11
      vertex 2.1631577402750644 0.760693923282737 2
      vertex 2 0.75 11
    endloop
  endfacet
  facet normal -0.19509032201612833 0.9807852804032304 0
    outer loop
      vertex 2.3235238063781507 0.7925927171386646 11
      vertex 2.3235238063781507 0.7925927171386646 2
      vertex 2.1631577402750644 0.760693923282737 11
    endloop
  endfacet
  facet normal -0.32143946530316053 0.9469301294951061 0
    outer loop
      vertex 2.4783542904563625 0.8451505843608915 11
      vertex 2.4783542904563625 0.8451505843608915 2
      vertex 2.3235238063781507 0.7925927171386646 11
    endloop
  endfacet
  facet normal -0.44228869021900263 0.8968727415326876 0
    outer loop
      vertex 2.625 0.9174682452694518 11
      vertex 2.625 0.9174682452694518 2
      vertex 2.4783542904563625 0.8451505843608915 11
    endloop
  endfacet
  facet normal -0.5555702330196021 0.8314696123025453 0
    outer loop
      vertex 2.7609517862609008 1.008308324635956 11
      vertex 2.7609517862609008 1.008308324635956 2
      vertex 2.625 0.9174682452694518 11
    endloop
  endfacet
  facet normal -0.6593458151000684 0.7518398074789779 0
    outer loop
      vertex 2.8838834764831844 1.1161165235168156 11
      vertex 2.8838834764831844 1.1161165235168156 2
      vertex 2.7609517862609008 1.008308324635956 11
    endloop
  endfacet
  facet normal -0.7518398074789772 0.6593458151000691 0
    outer loop
      vertex 2.991691675364044 1.2390482137390992 11
      vertex 2.991691675364044 1.2390482137390992 2
      vertex 2.8838834764831844 1.1161165235168156 11
    endloop
  endfacet
  facet normal -0.8314696123025459 0.5555702330196011 0
    outer loop
      vertex 3.082531754730548 1.375 11
      vertex 3.082531754730548 1.375 2
      vertex 2.991691675364044 1.2390482137390992 11
    endloop
  endfacet
  facet normal 0.8968727415326879 0.4422886902190021 0
    outer loop
      vertex 0.9174682452694518 1.375 11
      vertex 0.9174682452694518 1.375 2
      vertex 0.8451505843608915 1.5216457095436378 11
    endloop
  endfacet
  facet normal 0.9469301294951059 0.32143946530316136 0
    outer loop
      vertex 0.8451505843608915 1.5216457095436378 11
      vertex 0.8451505843608915 1.5216457095436378 2
      vertex 0.7925927171386646 1.676476193621849 11
    endloop
  endfacet
  facet normal 0.9807852804032305 0.19509032201612808 0
    outer loop
      vertex 0.7925927171386646 1.676476193621849 11
      vertex 0.7925927171386646 1.676476193621849 2
      vertex 0.760693923282737 1.8368422597249356 11
    endloop
  endfacet
  facet normal 0.9978589232386035 0.06540312923014317 0
    outer loop
      vertex 0.760693923282737 1.8368422597249356 11
      vertex 0.760693923282737 1.8368422597249356 2
      vertex 0.75 2 11
    endloop
  endfacet
  facet normal 0.9978589232386035 -0.06540312923014317 0
    outer loop
      vertex 0.75 2 2
      vertex 0.760693923282737 2.1631577402750644 11
      vertex 0.75 2 11
    endloop
  endfacet
  facet normal 0.9807852804032304 -0.19509032201612833 0
    outer loop
      vertex 0.760693923282737 2.1631577402750644 11
      vertex 0.760693923282737 2.1631577402750644 2
      vertex 0.7925927171386646 2.3235238063781507 11
    endloop
  endfacet
  facet normal 0.9469301294951061 -0.32143946530316053 0
    outer loop
      vertex 0.7925927171386646 2.3235238063781507 11
      vertex 0.7925927171386646 2.3235238063781507 2
      vertex 0.8451505843608915 2.4783542904563625 11
    endloop
  endfacet
  facet normal 0.8968727415326876 -0.44228869021900263 0
    outer loop
      vertex 0.8451505843608915 2.4783542904563625 11
      vertex 0.8451505843608915 2.4783542904563625 2
      vertex 0.9174682452694518 2.625 11
    endloop
  endfacet
  facet normal 0.8314696123025453 -0.5555702330196021 0
    outer loop
      vertex 0.9174682452694518 2.625 11
      vertex 0.9174682452694518 2.625 2
      vertex 1.008308324635956 2.7609517862609008 11
    endloop
  endfacet
  facet normal 0.7518398074789779 -0.6593458151000684 0
    outer loop
      vertex 1.008308324635956 2.7609517862609008 11
      vertex 1.008308324635956 2.7609517862609008 2
      vertex 1.1161165235168156 2.8838834764831844 11
    endloop
  endfacet
  facet normal 0.6593458151000691 -0.7518398074789772 0
    outer loop
      vertex 1.1161165235168156 2.8838834764831844 11
      vertex 1.1161165235168156 2.8838834764831844 2
      vertex 1.2390482137390992 2.991691675364044 11
    endloop
  endfacet
  facet normal 0.5555702330196011 -0.8314696123025459 0
    outer loop
      vertex 1.2390482137390992 2.991691675364044 11
      vertex 1.2390482137390992 2.991691675364044 2
      vertex 1.375 3.082531754730548 11
    endloop
  endfacet
  facet normal -0.8968727415326879 0.4422886902190021 0
    outer loop
      vertex 3.1548494156391085 1.5216457095436378 11
      vertex 3.1548494156391085 1.5216457095436378 2
      vertex 3.082531754730548 1.375 11
    endloop
  endfacet
  facet normal -0.9469301294951061 0.3214394653031601 0
    outer loop
      vertex 3.207407282861335 1.676476193621849 11
      vertex 3.207407282861335 1.676476193621849 2
      vertex 3.1548494156391085 1.5216457095436378 11
    endloop
  endfacet
  facet normal -0.9807852804032305 0.19509032201612808 0
    outer loop
      vertex 3.239306076717263 1.8368422597249356 11
      vertex 3.239306076717263 1.8368422597249356 2
      vertex 3.207407282861335 1.676476193621849 11
    endloop
  endfacet
  facet normal -0.9978589232386035 0.06540312923014453 0
    outer loop
      vertex 3.25 2 2
      vertex 3.239306076717263 1.8368422597249356 11
      vertex 3.25 2 11
    endloop
  endfacet
  facet normal -0.9978589232386035 -0.06540312923014453 0
    outer loop
      vertex 3.239306076717263 2.1631577402750644 11
      vertex 3.239306076717263 2.1631577402750644 2
      vertex 3.25 2 11
    endloop
  endfacet
  facet normal -0.9807852804032304 -0.19509032201612833 0
    outer loop
      vertex 3.207407282861335 2.3235238063781507 11
      vertex 3.207407282861335 2.3235238063781507 2
      vertex 3.239306076717263 2.1631577402750644 11
    endloop
  endfacet
  facet normal -0.9469301294951065 -0.32143946530315926 0
    outer loop
      vertex 3.1548494156391085 2.4783542904563625 11
      vertex 3.1548494156391085 2.4783542904563625 2
      vertex 3.207407282861335 2.3235238063781507 11
    endloop
  endfacet
  facet normal -0.8968727415326876 -0.44228869021900263 0
    outer loop
      vertex 3.082531754730548 2.625 11
      vertex 3.082531754730548 2.625 2
      vertex 3.1548494156391085 2.4783542904563625 11
    endloop
  endfacet
  facet normal -0.7518398074789772 -0.6593458151000691 0
    outer loop
      vertex 2.8838834764831844 2.8838834764831844 11
      vertex 2.8838834764831844 2.8838834764831844 2
      vertex 2.991691675364044 2.7609517862609008 11
    endloop
  endfacet
  facet normal -0.5555702330196011 -0.8314696123025459 0
    outer loop
      vertex 2.625 3.082531754730548 11
      vertex 2.625 3.082531754730548 2
      vertex 2.7609517862609008 2.991691675364044 11
    endloop
  endfacet
  facet normal -0.6593458151000691 -0.7518398074789772 0
    outer loop
      vertex 2.7609517862609008 2.991691675364044 11
      vertex 2.7609517862609008 2.991691675364044 2
      vertex 2.8838834764831844 2.8838834764831844 11
    endloop
  endfacet
  facet normal -0.8314696123025459 -0.5555702330196011 0
    outer loop
      vertex 2.991691675364044 2.7609517862609008 11
      vertex 2.991691675364044 2.7609517862609008 2
      vertex 3.082531754730548 2.625 11
    endloop
  endfacet
  facet normal 0.4422886902190021 -0.8968727415326879 0
    outer loop
      vertex 1.375 3.082531754730548 11
      vertex 1.375 3.082531754730548 2
      vertex 1.5216457095436378 3.1548494156391085 11
    endloop
  endfacet
  facet normal 0.3214394653031601 -0.9469301294951061 0
    outer loop
      vertex 1.5216457095436378 3.1548494156391085 11
      vertex 1.5216457095436378 3.1548494156391085 2
      vertex 1.676476193621849 3.207407282861335 11
    endloop
  endfacet
  facet normal 0.19509032201612808 -0.9807852804032305 0
    outer loop
      vertex 1.676476193621849 3.207407282861335 11
      vertex 1.676476193621849 3.207407282861335 2
      vertex 1.8368422597249356 3.239306076717263 11
    endloop
  endfacet
  facet normal 0.06540312923014453 -0.9978589232386035 0
    outer loop
      vertex 1.8368422597249356 3.239306076717263 11
      vertex 1.8368422597249356 3.239306076717263 2
      vertex 2 3.25 11
    endloop
  endfacet
  facet normal -0.06540312923014453 -0.9978589232386035 0
    outer loop
      vertex 2 3.25 11
      vertex 2 3.25 2
      vertex 2.1631577402750644 3.239306076717263 11
    endloop
  endfacet
  facet normal -0.19509032201612833 -0.9807852804032304 0
    outer loop
      vertex 2.1631577402750644 3.239306076717263 2
      vertex 2.3235238063781507 3.207407282861335 11
      vertex 2.1631577402750644 3.239306076717263 11
    endloop
  endfacet
  facet normal -0.32143946530315926 -0.9469301294951065 0
    outer loop
      vertex 2.3235238063781507 3.207407282861335 11
      vertex 2.3235238063781507 3.207407282861335 2
      vertex 2.4783542904563625 3.1548494156391085 11
    endloop
  endfacet
  facet normal -0.44228869021900263 -0.8968727415326876 0
    outer loop
      vertex 2.4783542904563625 3.1548494156391085 11
      vertex 2.4783542904563625 3.1548494156391085 2
      vertex 2.625 3.082531754730548 11
    endloop
  endfacet
  facet normal 0 0 1
    outer loop
      vertex 1.1161165235168156 48.883883476483184 2
      vertex 1.008308324635956 47.239048213739096 2
      vertex 1.1161165235168156 47.116116523516816 2
    endloop
  endfacet
  facet normal 0 0 1
    outer loop
      vertex 1.2390482137390992 48.991691675364045 2
      vertex 1.1161165235168156 47.116116523516816 2
      vertex 1.2390482137390992 47.008308324635955 2
    endloop
  endfacet
  facet normal 0 0 1
    outer loop
      vertex 0.7925927171386646 48.32352380637815 2
      vertex 0.760693923282737 47.83684225972493 2
      vertex 0.7925927171386646 47.67647619362185 2
    endloop
  endfacet
  facet normal 0 0 1
    outer loop
      vertex 0.75 48 2
      vertex 0.760693923282737 47.83684225972493 2
      vertex 0.760693923282737 48.16315774027507 2
    endloop
  endfacet
  facet normal 0 0 1
    outer loop
      vertex 0.760693923282737 47.83684225972493 2
      vertex 0.7925927171386646 48.32352380637815 2
      vertex 0.760693923282737 48.16315774027507 2
    endloop
  endfacet
  facet normal 0 0 1
    outer loop
      vertex 1.008308324635956 48.760951786260904 2
      vertex 0.9174682452694518 47.375 2
      vertex 1.008308324635956 47.239048213739096 2
    endloop
  endfacet
  facet normal 0 0 1
    outer loop
      vertex 0.8451505843608915 48.47835429045636 2
      vertex 0.8451505843608915 47.52164570954364 2
      vertex 0.9174682452694518 48.625 2
    endloop
  endfacet
  facet normal 0 0 1
    outer loop
      vertex 0.9174682452694518 48.625 2
      vertex 0.9174682452694518 47.375 2
      vertex 1.008308324635956 48.760951786260904 2
    endloop
  endfacet
  facet normal 0 0 1
    outer loop
      vertex 1.008308324635956 47.239048213739096 2
      vertex 1.1161165235168156 48.883883476483184 2
      vertex 1.008308324635956 48.760951786260904 2
    endloop
  endfacet
  facet normal 0 0 1
    outer loop
      vertex 1.1161165235168156 47.116116523516816 2
      vertex 1.2390482137390992 48.991691675364045 2
      vertex 1.1161165235168156 48.883883476483184 2
    endloop
  endfacet
  facet normal 0 0 1
    outer loop
      vertex 1.375 49.082531754730546 2
      vertex 1.2390482137390992 47.008308324635955 2
      vertex 1.375 46.917468245269454 2
    endloop
  endfacet
  facet normal 0 0 1
    outer loop
      vertex 1.5216457095436378 49.154849415639106 2
      vertex 1.375 46.917468245269454 2
      vertex 1.5216457095436378 46.845150584360894 2
    endloop
  endfacet
  facet normal 0 0 1
    outer loop
      vertex 2 49.25 2
      vertex 1.8368422597249356 46.76069392328274 2
      vertex 2 46.75 2
    endloop
  endfacet
  facet normal 0 0 1
    outer loop
      vertex 2.1631577402750644 49.23930607671726 2
      vertex 2 46.75 2
      vertex 2.1631577402750644 46.76069392328274 2
    endloop
  endfacet
  facet normal 0 0 1
    outer loop
      vertex 2.3235238063781507 49.20740728286133 2
      vertex 2.1631577402750644 46.76069392328274 2
      vertex 2.3235238063781507 46.79259271713867 2
    endloop
  endfacet
  facet normal 0 0 1
    outer loop
      vertex 1.2390482137390992 47.008308324635955 2
      vertex 1.375 49.082531754730546 2
      vertex 1.2390482137390992 48.991691675364045 2
    endloop
  endfacet
  facet normal 0 0 1
    outer loop
      vertex 1.375 46.917468245269454 2
      vertex 1.5216457095436378 49.154849415639106 2
      vertex 1.375 49.082531754730546 2
    endloop
  endfacet
  facet normal 0 0 1
    outer loop
      vertex 1.676476193621849 49.20740728286133 2
      vertex 1.676476193621849 46.79259271713867 2
      vertex 1.8368422597249356 49.23930607671726 2
    endloop
  endfacet
  facet normal 0 0 1
    outer loop
      vertex 1.8368422597249356 49.23930607671726 2
      vertex 1.8368422597249356 46.76069392328274 2
      vertex 2 49.25 2
    endloop
  endfacet
  facet normal 0 0 1
    outer loop
      vertex 2 46.75 2
      vertex 2.1631577402750644 49.23930607671726 2
      vertex 2 49.25 2
    endloop
  endfacet
  facet normal 0 0 1
    outer loop
      vertex 2.1631577402750644 46.76069392328274 2
      vertex 2.3235238063781507 49.20740728286133 2
      vertex 2.1631577402750644 49.23930607671726 2
    endloop
  endfacet
  facet normal 0 0 1
    outer loop
      vertex 2.4783542904563625 49.154849415639106 2
      vertex 2.4783542904563625 46.845150584360894 2
      vertex 2.625 49.082531754730546 2
    endloop
  endfacet
  facet normal 0 0 1
    outer loop
      vertex 3.082531754730548 48.625 2
      vertex 2.991691675364044 47.239048213739096 2
      vertex 3.082531754730548 47.375 2
    endloop
  endfacet
  facet normal 0 0 1
    outer loop
      vertex 3.1548494156391085 48.47835429045636 2
      vertex 3.082531754730548 47.375 2
      vertex 3.1548494156391085 47.52164570954364 2
    endloop
  endfacet
  facet normal 0 0 1
    outer loop
      vertex 3.207407282861335 47.67647619362185 2
      vertex 3.239306076717263 47.83684225972493 2
      vertex 3.239306076717263 48.16315774027507 2
    endloop
  endfacet
  facet normal 0 0 1
    outer loop
      vertex 3.082531754730548 47.375 2
      vertex 3.1548494156391085 48.47835429045636 2
      vertex 3.082531754730548 48.625 2
    endloop
  endfacet
  facet normal 0 0 1
    outer loop
      vertex 3.25 48 2
      vertex 3.239306076717263 48.16315774027507 2
      vertex 3.239306076717263 47.83684225972493 2
    endloop
  endfacet
  facet normal 0 0 1
    outer loop
      vertex 3.207407282861335 48.32352380637815 2
      vertex 3.207407282861335 47.67647619362185 2
      vertex 3.239306076717263 48.16315774027507 2
    endloop
  endfacet
  facet normal 0 0 1
    outer loop
      vertex 2.625 49.082531754730546 2
      vertex 2.625 46.917468245269454 2
      vertex 2.7609517862609008 48.991691675364045 2
    endloop
  endfacet
  facet normal 0 0 1
    outer loop
      vertex 2.7609517862609008 48.991691675364045 2
      vertex 2.7609517862609008 47.008308324635955 2
      vertex 2.8838834764831844 48.883883476483184 2
    endloop
  endfacet
  facet normal 0 0 1
    outer loop
      vertex 2.8838834764831844 48.883883476483184 2
      vertex 2.8838834764831844 47.116116523516816 2
      vertex 2.991691675364044 48.760951786260904 2
    endloop
  endfacet
  facet normal 0 0 1
    outer loop
      vertex 2.991691675364044 48.760951786260904 2
      vertex 2.991691675364044 47.239048213739096 2
      vertex 3.082531754730548 48.625 2
    endloop
  endfacet
  facet normal 0.8314696123025512 0.5555702330195933 0
    outer loop
      vertex 0.9174682452694518 47.375 2
      vertex 0.9174682452694518 47.375 11
      vertex 1.008308324635956 47.239048213739096 2
    endloop
  endfacet
  facet normal 0.6593458151000723 0.7518398074789745 -2.974618784752435e-19
    outer loop
      vertex 1.2390482137390992 47.008308324635955 2
      vertex 1.1161165235168156 47.116116523516816 2
      vertex 1.1161165235168156 47.116116523516816 11
    endloop
  endfacet
  facet normal 0.7518398074789696 0.6593458151000778 0
    outer loop
      vertex 1.008308324635956 47.239048213739096 2
      vertex 1.008308324635956 47.239048213739096 11
      vertex 1.1161165235168156 47.116116523516816 2
    endloop
  endfacet
  facet normal 0.8968727415326919 0.442288690218994 0
    outer loop
      vertex 0.8451505843608915 47.52164570954364 2
      vertex 0.8451505843608915 47.52164570954364 11
      vertex 0.9174682452694518 47.375 2
    endloop
  endfacet
  facet normal 0.9469301294951056 0.3214394653031622 0
    outer loop
      vertex 0.7925927171386646 47.67647619362185 2
      vertex 0.7925927171386646 47.67647619362185 11
      vertex 0.8451505843608915 47.52164570954364 2
    endloop
  endfacet
  facet normal 0.9807852804032289 0.19509032201613558 0
    outer loop
      vertex 0.760693923282737 47.83684225972493 2
      vertex 0.760693923282737 47.83684225972493 11
      vertex 0.7925927171386646 47.67647619362185 2
    endloop
  endfacet
  facet normal 0.9978589232386035 0.06540312923014174 0
    outer loop
      vertex 0.75 48 2
      vertex 0.75 48 11
      vertex 0.760693923282737 47.83684225972493 2
    endloop
  endfacet
  facet normal 0.9978589232386035 -0.06540312923014174 5.301763778126186e-20
    outer loop
      vertex 0.75 48 2
      vertex 0.760693923282737 48.16315774027507 2
      vertex 0.760693923282737 48.16315774027507 11
    endloop
  endfacet
  facet normal 0.9807852804032289 -0.19509032201613558 1.1861755485942432e-20
    outer loop
      vertex 0.760693923282737 48.16315774027507 2
      vertex 0.7925927171386646 48.32352380637815 2
      vertex 0.7925927171386646 48.32352380637815 11
    endloop
  endfacet
  facet normal 0.8968727415326919 -0.442288690218994 0
    outer loop
      vertex 0.9174682452694518 48.625 2
      vertex 0.9174682452694518 48.625 11
      vertex 0.8451505843608915 48.47835429045636 2
    endloop
  endfacet
  facet normal 0.4422886902189999 0.8968727415326889 1.2016068168245083e-19
    outer loop
      vertex 1.5216457095436378 46.845150584360894 2
      vertex 1.375 46.917468245269454 2
      vertex 1.375 46.917468245269454 11
    endloop
  endfacet
  facet normal 0.3214394653031601 0.9469301294951061 -1.8888857014754583e-19
    outer loop
      vertex 1.676476193621849 46.79259271713867 2
      vertex 1.5216457095436378 46.845150584360894 2
      vertex 1.5216457095436378 46.845150584360894 11
    endloop
  endfacet
  facet normal 0.19509032201614376 0.9807852804032274 -2.836991067074322e-19
    outer loop
      vertex 1.8368422597249356 46.76069392328274 2
      vertex 1.676476193621849 46.79259271713867 2
      vertex 1.676476193621849 46.79259271713867 11
    endloop
  endfacet
  facet normal 0.06540312923014453 0.9978589232386035 -3.3019905661216664e-20
    outer loop
      vertex 2 46.75 2
      vertex 1.8368422597249356 46.76069392328274 2
      vertex 1.8368422597249356 46.76069392328274 11
    endloop
  endfacet
  facet normal -0.06540312923014453 0.9978589232386035 3.3019905661216664e-20
    outer loop
      vertex 2.1631577402750644 46.76069392328274 2
      vertex 2 46.75 2
      vertex 2 46.75 11
    endloop
  endfacet
  facet normal -0.195090322016144 0.9807852804032273 1.858028900764349e-19
    outer loop
      vertex 2.3235238063781507 46.79259271713867 2
      vertex 2.1631577402750644 46.76069392328274 2
      vertex 2.1631577402750644 46.76069392328274 11
    endloop
  endfacet
  facet normal 0.555570233019588 0.8314696123025548 6.675622943185543e-20
    outer loop
      vertex 1.375 46.917468245269454 2
      vertex 1.2390482137390992 47.008308324635955 2
      vertex 1.2390482137390992 47.008308324635955 11
    endloop
  endfacet
  facet normal -0.8314696123025519 0.5555702330195923 0
    outer loop
      vertex 2.991691675364044 47.239048213739096 2
      vertex 2.991691675364044 47.239048213739096 11
      vertex 3.082531754730548 47.375 2
    endloop
  endfacet
  facet normal -0.8968727415326919 0.442288690218994 0
    outer loop
      vertex 3.082531754730548 47.375 2
      vertex 3.082531754730548 47.375 11
      vertex 3.1548494156391085 47.52164570954364 2
    endloop
  endfacet
  facet normal -0.9807852804032289 0.19509032201613558 0
    outer loop
      vertex 3.207407282861335 47.67647619362185 11
      vertex 3.239306076717263 47.83684225972493 2
      vertex 3.207407282861335 47.67647619362185 2
    endloop
  endfacet
  facet normal -0.9978589232386035 0.0654031292301431 6.385192660583066e-20
    outer loop
      vertex 3.25 48 2
      vertex 3.239306076717263 47.83684225972493 2
      vertex 3.239306076717263 47.83684225972493 11
    endloop
  endfacet
  facet normal -0.9978589232386035 -0.0654031292301431 0
    outer loop
      vertex 3.25 48 2
      vertex 3.25 48 11
      vertex 3.239306076717263 48.16315774027507 2
    endloop
  endfacet
  facet normal -0.9807852804032289 -0.19509032201613558 0
    outer loop
      vertex 3.239306076717263 48.16315774027507 2
      vertex 3.239306076717263 48.16315774027507 11
      vertex 3.207407282861335 48.32352380637815 2
    endloop
  endfacet
  facet normal -0.9469301294951059 -0.3214394653031609 0
    outer loop
      vertex 3.207407282861335 48.32352380637815 2
      vertex 3.207407282861335 48.32352380637815 11
      vertex 3.1548494156391085 48.47835429045636 2
    endloop
  endfacet
  facet normal -0.8968727415326919 -0.442288690218994 0
    outer loop
      vertex 3.1548494156391085 48.47835429045636 2
      vertex 3.1548494156391085 48.47835429045636 11
      vertex 3.082531754730548 48.625 2
    endloop
  endfacet
  facet normal 0.8314696123025512 -0.5555702330195933 0
    outer loop
      vertex 1.008308324635956 48.760951786260904 2
      vertex 1.008308324635956 48.760951786260904 11
      vertex 0.9174682452694518 48.625 2
    endloop
  endfacet
  facet normal 0.19509032201614376 -0.9807852804032274 2.836991067074322e-19
    outer loop
      vertex 1.676476193621849 49.20740728286133 2
      vertex 1.8368422597249356 49.23930607671726 2
      vertex 1.8368422597249356 49.23930607671726 11
    endloop
  endfacet
  facet normal 0.06540312923014453 -0.9978589232386035 3.3019905661216664e-20
    outer loop
      vertex 1.8368422597249356 49.23930607671726 2
      vertex 2 49.25 2
      vertex 2 49.25 11
    endloop
  endfacet
  facet normal -0.06540312923014453 -0.9978589232386035 -3.3019905661216664e-20
    outer loop
      vertex 2 49.25 2
      vertex 2.1631577402750644 49.23930607671726 2
      vertex 2.1631577402750644 49.23930607671726 11
    endloop
  endfacet
  facet normal -0.195090322016144 -0.9807852804032273 -1.858028900764349e-19
    outer loop
      vertex 2.1631577402750644 49.23930607671726 2
      vertex 2.3235238063781507 49.20740728286133 2
      vertex 2.3235238063781507 49.20740728286133 11
    endloop
  endfacet
  facet normal -0.32143946530315926 -0.9469301294951065 4.537901169322748e-19
    outer loop
      vertex 2.3235238063781507 49.20740728286133 2
      vertex 2.4783542904563625 49.154849415639106 2
      vertex 2.4783542904563625 49.154849415639106 11
    endloop
  endfacet
  facet normal -0.4422886902190004 -0.8968727415326887 4.227185201855787e-19
    outer loop
      vertex 2.4783542904563625 49.154849415639106 2
      vertex 2.625 49.082531754730546 2
      vertex 2.625 49.082531754730546 11
    endloop
  endfacet
  facet normal -0.555570233019588 -0.8314696123025548 6.675622943185543e-20
    outer loop
      vertex 2.625 49.082531754730546 2
      vertex 2.7609517862609008 48.991691675364045 2
      vertex 2.7609517862609008 48.991691675364045 11
    endloop
  endfacet
  facet normal -0.6593458151000723 -0.7518398074789745 -2.974618784752435e-19
    outer loop
      vertex 2.7609517862609008 48.991691675364045 2
      vertex 2.8838834764831844 48.883883476483184 2
      vertex 2.8838834764831844 48.883883476483184 11
    endloop
  endfacet
  facet normal -0.8314696123025519 -0.5555702330195923 0
    outer loop
      vertex 3.082531754730548 48.625 2
      vertex 3.082531754730548 48.625 11
      vertex 2.991691675364044 48.760951786260904 2
    endloop
  endfacet
  facet normal -0.751839807478969 -0.6593458151000785 0
    outer loop
      vertex 2.991691675364044 48.760951786260904 2
      vertex 2.991691675364044 48.760951786260904 11
      vertex 2.8838834764831844 48.883883476483184 2
    endloop
  endfacet
  facet normal 0.6593458151000723 0.7518398074789745 0
    outer loop
      vertex 1.2390482137390992 47.008308324635955 11
      vertex 1.2390482137390992 47.008308324635955 2
      vertex 1.1161165235168156 47.116116523516816 11
    endloop
  endfacet
  facet normal 0.7518398074789696 0.6593458151000778 0
    outer loop
      vertex 1.1161165235168156 47.116116523516816 11
      vertex 1.1161165235168156 47.116116523516816 2
      vertex 1.008308324635956 47.239048213739096 11
    endloop
  endfacet
  facet normal 0.8314696123025512 0.5555702330195933 0
    outer loop
      vertex 1.008308324635956 47.239048213739096 11
      vertex 1.008308324635956 47.239048213739096 2
      vertex 0.9174682452694518 47.375 11
    endloop
  endfacet
  facet normal 0.8968727415326919 0.442288690218994 0
    outer loop
      vertex 0.9174682452694518 47.375 11
      vertex 0.9174682452694518 47.375 2
      vertex 0.8451505843608915 47.52164570954364 11
    endloop
  endfacet
  facet normal 0.9807852804032289 0.19509032201613558 0
    outer loop
      vertex 0.7925927171386646 47.67647619362185 11
      vertex 0.7925927171386646 47.67647619362185 2
      vertex 0.760693923282737 47.83684225972493 11
    endloop
  endfacet
  facet normal 0.9469301294951056 0.3214394653031622 0
    outer loop
      vertex 0.8451505843608915 47.52164570954364 11
      vertex 0.8451505843608915 47.52164570954364 2
      vertex 0.7925927171386646 47.67647619362185 11
    endloop
  endfacet
  facet normal 0.9978589232386035 0.06540312923014174 0
    outer loop
      vertex 0.760693923282737 47.83684225972493 11
      vertex 0.760693923282737 47.83684225972493 2
      vertex 0.75 48 11
    endloop
  endfacet
  facet normal 0.9978589232386035 -0.06540312923014174 0
    outer loop
      vertex 0.75 48 2
      vertex 0.760693923282737 48.16315774027507 11
      vertex 0.75 48 11
    endloop
  endfacet
  facet normal 0.9807852804032289 -0.19509032201613558 0
    outer loop
      vertex 0.760693923282737 48.16315774027507 11
      vertex 0.760693923282737 48.16315774027507 2
      vertex 0.7925927171386646 48.32352380637815 11
    endloop
  endfacet
  facet normal 0.9469301294951056 -0.3214394653031622 0
    outer loop
      vertex 0.7925927171386646 48.32352380637815 11
      vertex 0.7925927171386646 48.32352380637815 2
      vertex 0.8451505843608915 48.47835429045636 11
    endloop
  endfacet
  facet normal 0.8968727415326919 -0.442288690218994 0
    outer loop
      vertex 0.8451505843608915 48.47835429045636 11
      vertex 0.8451505843608915 48.47835429045636 2
      vertex 0.9174682452694518 48.625 11
    endloop
  endfacet
  facet normal 0.4422886902189999 0.8968727415326889 0
    outer loop
      vertex 1.5216457095436378 46.845150584360894 11
      vertex 1.5216457095436378 46.845150584360894 2
      vertex 1.375 46.917468245269454 11
    endloop
  endfacet
  facet normal 0.3214394653031601 0.9469301294951061 0
    outer loop
      vertex 1.676476193621849 46.79259271713867 2
      vertex 1.5216457095436378 46.845150584360894 11
      vertex 1.676476193621849 46.79259271713867 11
    endloop
  endfacet
  facet normal 0.19509032201614376 0.9807852804032274 0
    outer loop
      vertex 1.8368422597249356 46.76069392328274 11
      vertex 1.8368422597249356 46.76069392328274 2
      vertex 1.676476193621849 46.79259271713867 11
    endloop
  endfacet
  facet normal 0.06540312923014453 0.9978589232386035 0
    outer loop
      vertex 2 46.75 11
      vertex 2 46.75 2
      vertex 1.8368422597249356 46.76069392328274 11
    endloop
  endfacet
  facet normal -0.06540312923014453 0.9978589232386035 0
    outer loop
      vertex 2.1631577402750644 46.76069392328274 11
      vertex 2.1631577402750644 46.76069392328274 2
      vertex 2 46.75 11
    endloop
  endfacet
  facet normal -0.195090322016144 0.9807852804032273 0
    outer loop
      vertex 2.3235238063781507 46.79259271713867 11
      vertex 2.3235238063781507 46.79259271713867 2
      vertex 2.1631577402750644 46.76069392328274 11
    endloop
  endfacet
  facet normal -0.32143946530315926 0.9469301294951065 0
    outer loop
      vertex 2.4783542904563625 46.845150584360894 11
      vertex 2.4783542904563625 46.845150584360894 2
      vertex 2.3235238063781507 46.79259271713867 11
    endloop
  endfacet
  facet normal -0.4422886902190004 0.8968727415326887 0
    outer loop
      vertex 2.625 46.917468245269454 11
      vertex 2.625 46.917468245269454 2
      vertex 2.4783542904563625 46.845150584360894 11
    endloop
  endfacet
  facet normal 0.555570233019588 0.8314696123025548 0
    outer loop
      vertex 1.375 46.917468245269454 11
      vertex 1.375 46.917468245269454 2
      vertex 1.2390482137390992 47.008308324635955 11
    endloop
  endfacet
  facet normal -0.555570233019588 0.8314696123025548 0
    outer loop
      vertex 2.7609517862609008 47.008308324635955 11
      vertex 2.7609517862609008 47.008308324635955 2
      vertex 2.625 46.917468245269454 11
    endloop
  endfacet
  facet normal -0.6593458151000723 0.7518398074789745 0
    outer loop
      vertex 2.8838834764831844 47.116116523516816 11
      vertex 2.8838834764831844 47.116116523516816 2
      vertex 2.7609517862609008 47.008308324635955 11
    endloop
  endfacet
  facet normal -0.751839807478969 0.6593458151000785 0
    outer loop
      vertex 2.991691675364044 47.239048213739096 11
      vertex 2.991691675364044 47.239048213739096 2
      vertex 2.8838834764831844 47.116116523516816 11
    endloop
  endfacet
  facet normal -0.8314696123025519 0.5555702330195923 0
    outer loop
      vertex 3.082531754730548 47.375 11
      vertex 3.082531754730548 47.375 2
      vertex 2.991691675364044 47.239048213739096 11
    endloop
  endfacet
  facet normal -0.8968727415326919 0.442288690218994 0
    outer loop
      vertex 3.1548494156391085 47.52164570954364 11
      vertex 3.1548494156391085 47.52164570954364 2
      vertex 3.082531754730548 47.375 11
    endloop
  endfacet
  facet normal -0.9469301294951059 0.3214394653031609 0
    outer loop
      vertex 3.207407282861335 47.67647619362185 11
      vertex 3.207407282861335 47.67647619362185 2
      vertex 3.1548494156391085 47.52164570954364 11
    endloop
  endfacet
  facet normal -0.9807852804032289 0.19509032201613558 0
    outer loop
      vertex 3.239306076717263 47.83684225972493 11
      vertex 3.239306076717263 47.83684225972493 2
      vertex 3.207407282861335 47.67647619362185 11
    endloop
  endfacet
  facet normal -0.9978589232386035 0.0654031292301431 0
    outer loop
      vertex 3.25 48 2
      vertex 3.239306076717263 47.83684225972493 11
      vertex 3.25 48 11
    endloop
  endfacet
  facet normal -0.9978589232386035 -0.0654031292301431 0
    outer loop
      vertex 3.239306076717263 48.16315774027507 11
      vertex 3.239306076717263 48.16315774027507 2
      vertex 3.25 48 11
    endloop
  endfacet
  facet normal -0.9807852804032289 -0.19509032201613558 0
    outer loop
      vertex 3.207407282861335 48.32352380637815 11
      vertex 3.207407282861335 48.32352380637815 2
      vertex 3.239306076717263 48.16315774027507 11
    endloop
  endfacet
  facet normal -0.8968727415326919 -0.442288690218994 0
    outer loop
      vertex 3.082531754730548 48.625 11
      vertex 3.082531754730548 48.625 2
      vertex 3.1548494156391085 48.47835429045636 11
    endloop
  endfacet
  facet normal -0.9469301294951059 -0.3214394653031609 0
    outer loop
      vertex 3.1548494156391085 48.47835429045636 11
      vertex 3.1548494156391085 48.47835429045636 2
      vertex 3.207407282861335 48.32352380637815 11
    endloop
  endfacet
  facet normal 0.8314696123025512 -0.5555702330195933 0
    outer loop
      vertex 0.9174682452694518 48.625 11
      vertex 0.9174682452694518 48.625 2
      vertex 1.008308324635956 48.760951786260904 11
    endloop
  endfacet
  facet normal 0.7518398074789696 -0.6593458151000778 0
    outer loop
      vertex 1.008308324635956 48.760951786260904 11
      vertex 1.008308324635956 48.760951786260904 2
      vertex 1.1161165235168156 48.883883476483184 11
    endloop
  endfacet
  facet normal 0.6593458151000723 -0.7518398074789745 0
    outer loop
      vertex 1.1161165235168156 48.883883476483184 11
      vertex 1.1161165235168156 48.883883476483184 2
      vertex 1.2390482137390992 48.991691675364045 11
    endloop
  endfacet
  facet normal 0.555570233019588 -0.8314696123025548 0
    outer loop
      vertex 1.2390482137390992 48.991691675364045 11
      vertex 1.2390482137390992 48.991691675364045 2
      vertex 1.375 49.082531754730546 11
    endloop
  endfacet
  facet normal 0.4422886902189999 -0.8968727415326889 0
    outer loop
      vertex 1.375 49.082531754730546 11
      vertex 1.375 49.082531754730546 2
      vertex 1.5216457095436378 49.154849415639106 11
    endloop
  endfacet
  facet normal 0.3214394653031601 -0.9469301294951061 0
    outer loop
      vertex 1.5216457095436378 49.154849415639106 11
      vertex 1.5216457095436378 49.154849415639106 2
      vertex 1.676476193621849 49.20740728286133 11
    endloop
  endfacet
  facet normal 0.19509032201614376 -0.9807852804032274 0
    outer loop
      vertex 1.676476193621849 49.20740728286133 11
      vertex 1.676476193621849 49.20740728286133 2
      vertex 1.8368422597249356 49.23930607671726 11
    endloop
  endfacet
  facet normal 0.06540312923014453 -0.9978589232386035 0
    outer loop
      vertex 1.8368422597249356 49.23930607671726 11
      vertex 1.8368422597249356 49.23930607671726 2
      vertex 2 49.25 11
    endloop
  endfacet
  facet normal -0.06540312923014453 -0.9978589232386035 0
    outer loop
      vertex 2 49.25 11
      vertex 2 49.25 2
      vertex 2.1631577402750644 49.23930607671726 11
    endloop
  endfacet
  facet normal -0.195090322016144 -0.9807852804032273 0
    outer loop
      vertex 2.1631577402750644 49.23930607671726 11
      vertex 2.1631577402750644 49.23930607671726 2
      vertex 2.3235238063781507 49.20740728286133 11
    endloop
  endfacet
  facet normal -0.32143946530315926 -0.9469301294951065 0
    outer loop
      vertex 2.3235238063781507 49.20740728286133 2
      vertex 2.4783542904563625 49.154849415639106 11
      vertex 2.3235238063781507 49.20740728286133 11
    endloop
  endfacet
  facet normal -0.4422886902190004 -0.8968727415326887 0
    outer loop
      vertex 2.4783542904563625 49.154849415639106 11
      vertex 2.4783542904563625 49.154849415639106 2
      vertex 2.625 49.082531754730546 11
    endloop
  endfacet
  facet normal -0.751839807478969 -0.6593458151000785 0
    outer loop
      vertex 2.8838834764831844 48.883883476483184 11
      vertex 2.8838834764831844 48.883883476483184 2
      vertex 2.991691675364044 48.760951786260904 11
    endloop
  endfacet
  facet normal -0.6593458151000723 -0.7518398074789745 0
    outer loop
      vertex 2.7609517862609008 48.991691675364045 11
      vertex 2.7609517862609008 48.991691675364045 2
      vertex 2.8838834764831844 48.883883476483184 11
    endloop
  endfacet
  facet normal -0.8314696123025519 -0.5555702330195923 0
    outer loop
      vertex 2.991691675364044 48.760951786260904 11
      vertex 2.991691675364044 48.760951786260904 2
      vertex 3.082531754730548 48.625 11
    endloop
  endfacet
  facet normal -0.555570233019588 -0.8314696123025548 0
    outer loop
      vertex 2.625 49.082531754730546 11
      vertex 2.625 49.082531754730546 2
      vertex 2.7609517862609008 48.991691675364045 11
    endloop
  endfacet
  facet normal 0 0 1
    outer loop
      vertex 68.2390482137391 2.991691675364044 2
      vertex 68.11611652351681 1.1161165235168156 2
      vertex 68.2390482137391 1.008308324635956 2
    endloop
  endfacet
  facet normal 0 0 1
    outer loop
      vertex 67.75 2 2
      vertex 67.76069392328273 1.8368422597249356 2
      vertex 67.76069392328273 2.1631577402750644 2
    endloop
  endfacet
  facet normal 0 0 1
    outer loop
      vertex 67.79259271713866 2.3235238063781507 2
      vertex 67.76069392328273 1.8368422597249356 2
      vertex 67.79259271713866 1.676476193621849 2
    endloop
  endfacet
  facet normal 0 0 1
    outer loop
      vertex 67.91746824526945 2.625 2
      vertex 67.8451505843609 1.5216457095436378 2
      vertex 67.91746824526945 1.375 2
    endloop
  endfacet
  facet normal 0 0 1
    outer loop
      vertex 67.76069392328273 1.8368422597249356 2
      vertex 67.79259271713866 2.3235238063781507 2
      vertex 67.76069392328273 2.1631577402750644 2
    endloop
  endfacet
  facet normal 0 0 1
    outer loop
      vertex 67.8451505843609 2.4783542904563625 2
      vertex 67.8451505843609 1.5216457095436378 2
      vertex 67.91746824526945 2.625 2
    endloop
  endfacet
  facet normal 0 0 1
    outer loop
      vertex 68.52164570954363 3.1548494156391085 2
      vertex 68.375 0.9174682452694518 2
      vertex 68.52164570954363 0.8451505843608915 2
    endloop
  endfacet
  facet normal 0 0 1
    outer loop
      vertex 68.67647619362185 3.207407282861335 2
      vertex 68.52164570954363 0.8451505843608915 2
      vertex 68.67647619362185 0.7925927171386646 2
    endloop
  endfacet
  facet normal 0 0 1
    outer loop
      vertex 69 3.25 2
      vertex 68.83684225972493 0.760693923282737 2
      vertex 69 0.75 2
    endloop
  endfacet
  facet normal 0 0 1
    outer loop
      vertex 68.00830832463596 2.7609517862609008 2
      vertex 68.00830832463596 1.2390482137390992 2
      vertex 68.11611652351681 2.8838834764831844 2
    endloop
  endfacet
  facet normal 0 0 1
    outer loop
      vertex 68.11611652351681 2.8838834764831844 2
      vertex 68.11611652351681 1.1161165235168156 2
      vertex 68.2390482137391 2.991691675364044 2
    endloop
  endfacet
  facet normal 0 0 1
    outer loop
      vertex 68.2390482137391 1.008308324635956 2
      vertex 68.375 3.082531754730548 2
      vertex 68.2390482137391 2.991691675364044 2
    endloop
  endfacet
  facet normal 0 0 1
    outer loop
      vertex 68.375 0.9174682452694518 2
      vertex 68.52164570954363 3.1548494156391085 2
      vertex 68.375 3.082531754730548 2
    endloop
  endfacet
  facet normal 0 0 1
    outer loop
      vertex 68.52164570954363 0.8451505843608915 2
      vertex 68.67647619362185 3.207407282861335 2
      vertex 68.52164570954363 3.1548494156391085 2
    endloop
  endfacet
  facet normal 0 0 1
    outer loop
      vertex 68.83684225972493 3.239306076717263 2
      vertex 68.83684225972493 0.760693923282737 2
      vertex 69 3.25 2
    endloop
  endfacet
  facet normal 0 0 1
    outer loop
      vertex 69.16315774027507 3.239306076717263 2
      vertex 69 0.75 2
      vertex 69.16315774027507 0.760693923282737 2
    endloop
  endfacet
  facet normal 0 0 1
    outer loop
      vertex 69.625 3.082531754730548 2
      vertex 69.47835429045637 0.8451505843608915 2
      vertex 69.625 0.9174682452694518 2
    endloop
  endfacet
  facet normal 0 0 1
    outer loop
      vertex 69.88388347648319 2.8838834764831844 2
      vertex 69.7609517862609 1.008308324635956 2
      vertex 69.88388347648319 1.1161165235168156 2
    endloop
  endfacet
  facet normal 0 0 1
    outer loop
      vertex 69.99169167536404 2.7609517862609008 2
      vertex 69.88388347648319 1.1161165235168156 2
      vertex 69.99169167536404 1.2390482137390992 2
    endloop
  endfacet
  facet normal 0 0 1
    outer loop
      vertex 70.1548494156391 2.4783542904563625 2
      vertex 70.08253175473055 1.375 2
      vertex 70.1548494156391 1.5216457095436378 2
    endloop
  endfacet
  facet normal 0 0 1
    outer loop
      vertex 70.20740728286134 1.676476193621849 2
      vertex 70.23930607671727 1.8368422597249356 2
      vertex 70.23930607671727 2.1631577402750644 2
    endloop
  endfacet
  facet normal 0 0 1
    outer loop
      vertex 70.25 2 2
      vertex 70.23930607671727 2.1631577402750644 2
      vertex 70.23930607671727 1.8368422597249356 2
    endloop
  endfacet
  facet normal 0 0 1
    outer loop
      vertex 70.08253175473055 2.625 2
      vertex 70.08253175473055 1.375 2
      vertex 70.1548494156391 2.4783542904563625 2
    endloop
  endfacet
  facet normal 0 0 1
    outer loop
      vertex 70.20740728286134 2.3235238063781507 2
      vertex 70.20740728286134 1.676476193621849 2
      vertex 70.23930607671727 2.1631577402750644 2
    endloop
  endfacet
  facet normal 0 0 1
    outer loop
      vertex 69 0.75 2
      vertex 69.16315774027507 3.239306076717263 2
      vertex 69 3.25 2
    endloop
  endfacet
  facet normal 0 0 1
    outer loop
      vertex 69.32352380637815 3.207407282861335 2
      vertex 69.32352380637815 0.7925927171386646 2
      vertex 69.47835429045637 3.1548494156391085 2
    endloop
  endfacet
  facet normal 0 0 1
    outer loop
      vertex 69.47835429045637 3.1548494156391085 2
      vertex 69.47835429045637 0.8451505843608915 2
      vertex 69.625 3.082531754730548 2
    endloop
  endfacet
  facet normal 0 0 1
    outer loop
      vertex 69.7609517862609 2.991691675364044 2
      vertex 69.7609517862609 1.008308324635956 2
      vertex 69.88388347648319 2.8838834764831844 2
    endloop
  endfacet
  facet normal 0 0 1
    outer loop
      vertex 69.88388347648319 1.1161165235168156 2
      vertex 69.99169167536404 2.7609517862609008 2
      vertex 69.88388347648319 2.8838834764831844 2
    endloop
  endfacet
  facet normal 0.8314696123025147 0.5555702330196481 0
    outer loop
      vertex 67.91746824526945 1.375 2
      vertex 67.91746824526945 1.375 11
      vertex 68.00830832463596 1.2390482137390992 2
    endloop
  endfacet
  facet normal 0.6593458151000562 0.7518398074789884 3.990774182957879e-20
    outer loop
      vertex 68.2390482137391 1.008308324635956 2
      vertex 68.11611652351681 1.1161165235168156 2
      vertex 68.11611652351681 1.1161165235168156 11
    endloop
  endfacet
  facet normal 0.5555702330195933 0.8314696123025512 2.8737108757731827e-19
    outer loop
      vertex 68.375 0.9174682452694518 2
      vertex 68.2390482137391 1.008308324635956 2
      vertex 68.2390482137391 1.008308324635956 11
    endloop
  endfacet
  facet normal 0.7518398074790176 0.6593458151000231 0
    outer loop
      vertex 68.00830832463596 1.2390482137390992 2
      vertex 68.00830832463596 1.2390482137390992 11
      vertex 68.11611652351681 1.1161165235168156 2
    endloop
  endfacet
  facet normal 0.44228869021901124 0.8968727415326834 -8.975439985147408e-20
    outer loop
      vertex 68.52164570954363 0.8451505843608915 2
      vertex 68.375 0.9174682452694518 2
      vertex 68.375 0.9174682452694518 11
    endloop
  endfacet
  facet normal 0.3214394653031489 0.9469301294951099 2.348846344853572e-19
    outer loop
      vertex 68.67647619362185 0.7925927171386646 2
      vertex 68.52164570954363 0.8451505843608915 2
      vertex 68.52164570954363 0.8451505843608915 11
    endloop
  endfacet
  facet normal 0.19509032201613558 0.9807852804032289 -1.1861755485942432e-20
    outer loop
      vertex 68.83684225972493 0.760693923282737 2
      vertex 68.67647619362185 0.7925927171386646 2
      vertex 68.67647619362185 0.7925927171386646 11
    endloop
  endfacet
  facet normal 0.06540312923014174 0.9978589232386035 -5.301763778126186e-20
    outer loop
      vertex 69 0.75 2
      vertex 68.83684225972493 0.760693923282737 2
      vertex 68.83684225972493 0.760693923282737 11
    endloop
  endfacet
  facet normal -0.06540312923014174 0.9978589232386035 5.301763778126186e-20
    outer loop
      vertex 69.16315774027507 0.760693923282737 2
      vertex 69 0.75 2
      vertex 69 0.75 11
    endloop
  endfacet
  facet normal -0.44228869021901124 0.8968727415326834 8.975439985147408e-20
    outer loop
      vertex 69.625 0.9174682452694518 2
      vertex 69.47835429045637 0.8451505843608915 2
      vertex 69.47835429045637 0.8451505843608915 11
    endloop
  endfacet
  facet normal -0.6593458151000562 0.7518398074789884 -3.990774182957879e-20
    outer loop
      vertex 69.88388347648319 1.1161165235168156 2
      vertex 69.7609517862609 1.008308324635956 2
      vertex 69.7609517862609 1.008308324635956 11
    endloop
  endfacet
  facet normal -0.7518398074790176 0.6593458151000231 0
    outer loop
      vertex 69.88388347648319 1.1161165235168156 2
      vertex 69.88388347648319 1.1161165235168156 11
      vertex 69.99169167536404 1.2390482137390992 2
    endloop
  endfacet
  facet normal 0.8968727415327062 0.442288690218965 0
    outer loop
      vertex 67.8451505843609 1.5216457095436378 2
      vertex 67.8451505843609 1.5216457095436378 11
      vertex 67.91746824526945 1.375 2
    endloop
  endfacet
  facet normal 0.946930129495093 0.3214394653031991 0
    outer loop
      vertex 67.79259271713866 1.676476193621849 2
      vertex 67.79259271713866 1.676476193621849 11
      vertex 67.8451505843609 1.5216457095436378 2
    endloop
  endfacet
  facet normal 0.9807852804032274 0.19509032201614376 0
    outer loop
      vertex 67.76069392328273 1.8368422597249356 2
      vertex 67.76069392328273 1.8368422597249356 11
      vertex 67.79259271713866 1.676476193621849 2
    endloop
  endfacet
  facet normal 0.9978589232386063 0.06540312923010126 0
    outer loop
      vertex 67.75 2 2
      vertex 67.75 2 11
      vertex 67.76069392328273 1.8368422597249356 2
    endloop
  endfacet
  facet normal 0.9978589232386063 -0.06540312923010126 -1.8971173325248207e-20
    outer loop
      vertex 67.75 2 2
      vertex 67.76069392328273 2.1631577402750644 2
      vertex 67.76069392328273 2.1631577402750644 11
    endloop
  endfacet
  facet normal 0.9807852804032273 -0.195090322016144 0
    outer loop
      vertex 67.79259271713866 2.3235238063781507 2
      vertex 67.79259271713866 2.3235238063781507 11
      vertex 67.76069392328273 2.1631577402750644 2
    endloop
  endfacet
  facet normal 0.896872741532706 -0.4422886902189655 0
    outer loop
      vertex 67.91746824526945 2.625 2
      vertex 67.91746824526945 2.625 11
      vertex 67.8451505843609 2.4783542904563625 2
    endloop
  endfacet
  facet normal 0.7518398074790176 -0.6593458151000231 0
    outer loop
      vertex 68.11611652351681 2.8838834764831844 2
      vertex 68.11611652351681 2.8838834764831844 11
      vertex 68.00830832463596 2.7609517862609008 2
    endloop
  endfacet
  facet normal 0.6593458151000571 -0.7518398074789878 -3.5199408513903744e-19
    outer loop
      vertex 68.11611652351681 2.8838834764831844 2
      vertex 68.2390482137391 2.991691675364044 2
      vertex 68.2390482137391 2.991691675364044 11
    endloop
  endfacet
  facet normal -0.8968727415327062 0.442288690218965 0
    outer loop
      vertex 70.08253175473055 1.375 2
      vertex 70.08253175473055 1.375 11
      vertex 70.1548494156391 1.5216457095436378 2
    endloop
  endfacet
  facet normal -0.9807852804032274 0.19509032201614376 0
    outer loop
      vertex 70.20740728286134 1.676476193621849 2
      vertex 70.20740728286134 1.676476193621849 11
      vertex 70.23930607671727 1.8368422597249356 2
    endloop
  endfacet
  facet normal -0.9978589232386063 0.06540312923010126 -1.8971173325248207e-20
    outer loop
      vertex 70.25 2 2
      vertex 70.23930607671727 1.8368422597249356 2
      vertex 70.23930607671727 1.8368422597249356 11
    endloop
  endfacet
  facet normal -0.9978589232386063 -0.06540312923010126 0
    outer loop
      vertex 70.25 2 2
      vertex 70.25 2 11
      vertex 70.23930607671727 2.1631577402750644 2
    endloop
  endfacet
  facet normal -0.9807852804032273 -0.195090322016144 0
    outer loop
      vertex 70.23930607671727 2.1631577402750644 2
      vertex 70.23930607671727 2.1631577402750644 11
      vertex 70.20740728286134 2.3235238063781507 2
    endloop
  endfacet
  facet normal -0.9469301294950933 -0.3214394653031983 0
    outer loop
      vertex 70.20740728286134 2.3235238063781507 2
      vertex 70.20740728286134 2.3235238063781507 11
      vertex 70.1548494156391 2.4783542904563625 2
    endloop
  endfacet
  facet normal -0.896872741532706 -0.4422886902189655 0
    outer loop
      vertex 70.1548494156391 2.4783542904563625 2
      vertex 70.1548494156391 2.4783542904563625 11
      vertex 70.08253175473055 2.625 2
    endloop
  endfacet
  facet normal -0.7518398074790176 -0.6593458151000231 0
    outer loop
      vertex 69.99169167536404 2.7609517862609008 2
      vertex 69.99169167536404 2.7609517862609008 11
      vertex 69.88388347648319 2.8838834764831844 2
    endloop
  endfacet
  facet normal -0.6593458151000571 -0.7518398074789878 3.5199408513903744e-19
    outer loop
      vertex 69.7609517862609 2.991691675364044 2
      vertex 69.88388347648319 2.8838834764831844 2
      vertex 69.88388347648319 2.8838834764831844 11
    endloop
  endfacet
  facet normal -0.5555702330195923 -0.8314696123025519 -4.177680569811749e-19
    outer loop
      vertex 69.625 3.082531754730548 2
      vertex 69.7609517862609 2.991691675364044 2
      vertex 69.7609517862609 2.991691675364044 11
    endloop
  endfacet
  facet normal -0.8314696123025147 -0.5555702330196481 0
    outer loop
      vertex 70.08253175473055 2.625 2
      vertex 70.08253175473055 2.625 11
      vertex 69.99169167536404 2.7609517862609008 2
    endloop
  endfacet
  facet normal 0.0654031292301431 -0.9978589232386035 6.385192660583066e-20
    outer loop
      vertex 68.83684225972493 3.239306076717263 2
      vertex 69 3.25 2
      vertex 69 3.25 11
    endloop
  endfacet
  facet normal -0.0654031292301431 -0.9978589232386035 -6.385192660583066e-20
    outer loop
      vertex 69 3.25 2
      vertex 69.16315774027507 3.239306076717263 2
      vertex 69.16315774027507 3.239306076717263 11
    endloop
  endfacet
  facet normal -0.19509032201613558 -0.9807852804032289 -1.1861755485942432e-20
    outer loop
      vertex 69.16315774027507 3.239306076717263 2
      vertex 69.32352380637815 3.207407282861335 2
      vertex 69.32352380637815 3.207407282861335 11
    endloop
  endfacet
  facet normal -0.32143946530314765 -0.9469301294951104 2.0694507806898828e-20
    outer loop
      vertex 69.32352380637815 3.207407282861335 2
      vertex 69.47835429045637 3.1548494156391085 2
      vertex 69.47835429045637 3.1548494156391085 11
    endloop
  endfacet
  facet normal -0.44228869021901124 -0.8968727415326834 -8.975439985147408e-20
    outer loop
      vertex 69.47835429045637 3.1548494156391085 2
      vertex 69.625 3.082531754730548 2
      vertex 69.625 3.082531754730548 11
    endloop
  endfacet
  facet normal 0.5555702330195933 0.8314696123025512 0
    outer loop
      vertex 68.375 0.9174682452694518 2
      vertex 68.2390482137391 1.008308324635956 11
      vertex 68.375 0.9174682452694518 11
    endloop
  endfacet
  facet normal 0.8314696123025147 0.5555702330196481 0
    outer loop
      vertex 68.00830832463596 1.2390482137390992 11
      vertex 68.00830832463596 1.2390482137390992 2
      vertex 67.91746824526945 1.375 11
    endloop
  endfacet
  facet normal 0.7518398074790176 0.6593458151000231 0
    outer loop
      vertex 68.11611652351681 1.1161165235168156 11
      vertex 68.11611652351681 1.1161165235168156 2
      vertex 68.00830832463596 1.2390482137390992 11
    endloop
  endfacet
  facet normal 0.6593458151000562 0.7518398074789884 0
    outer loop
      vertex 68.2390482137391 1.008308324635956 11
      vertex 68.2390482137391 1.008308324635956 2
      vertex 68.11611652351681 1.1161165235168156 11
    endloop
  endfacet
  facet normal 0.44228869021901124 0.8968727415326834 0
    outer loop
      vertex 68.52164570954363 0.8451505843608915 11
      vertex 68.52164570954363 0.8451505843608915 2
      vertex 68.375 0.9174682452694518 11
    endloop
  endfacet
  facet normal 0.3214394653031489 0.9469301294951099 0
    outer loop
      vertex 68.67647619362185 0.7925927171386646 11
      vertex 68.67647619362185 0.7925927171386646 2
      vertex 68.52164570954363 0.8451505843608915 11
    endloop
  endfacet
  facet normal 0.19509032201613558 0.9807852804032289 0
    outer loop
      vertex 68.83684225972493 0.760693923282737 2
      vertex 68.67647619362185 0.7925927171386646 11
      vertex 68.83684225972493 0.760693923282737 11
    endloop
  endfacet
  facet normal 0.06540312923014174 0.9978589232386035 0
    outer loop
      vertex 69 0.75 11
      vertex 69 0.75 2
      vertex 68.83684225972493 0.760693923282737 11
    endloop
  endfacet
  facet normal -0.06540312923014174 0.9978589232386035 0
    outer loop
      vertex 69.16315774027507 0.760693923282737 11
      vertex 69.16315774027507 0.760693923282737 2
      vertex 69 0.75 11
    endloop
  endfacet
  facet normal -0.19509032201613558 0.9807852804032289 0
    outer loop
      vertex 69.32352380637815 0.7925927171386646 11
      vertex 69.32352380637815 0.7925927171386646 2
      vertex 69.16315774027507 0.760693923282737 11
    endloop
  endfacet
  facet normal -0.3214394653031489 0.9469301294951099 0
    outer loop
      vertex 69.47835429045637 0.8451505843608915 11
      vertex 69.47835429045637 0.8451505843608915 2
      vertex 69.32352380637815 0.7925927171386646 11
    endloop
  endfacet
  facet normal -0.44228869021901124 0.8968727415326834 0
    outer loop
      vertex 69.625 0.9174682452694518 11
      vertex 69.625 0.9174682452694518 2
      vertex 69.47835429045637 0.8451505843608915 11
    endloop
  endfacet
  facet normal -0.5555702330195933 0.8314696123025512 0
    outer loop
      vertex 69.7609517862609 1.008308324635956 11
      vertex 69.7609517862609 1.008308324635956 2
      vertex 69.625 0.9174682452694518 11
    endloop
  endfacet
  facet normal -0.6593458151000562 0.7518398074789884 0
    outer loop
      vertex 69.88388347648319 1.1161165235168156 11
      vertex 69.88388347648319 1.1161165235168156 2
      vertex 69.7609517862609 1.008308324635956 11
    endloop
  endfacet
  facet normal -0.7518398074790176 0.6593458151000231 0
    outer loop
      vertex 69.99169167536404 1.2390482137390992 11
      vertex 69.99169167536404 1.2390482137390992 2
      vertex 69.88388347648319 1.1161165235168156 11
    endloop
  endfacet
  facet normal -0.8314696123025147 0.5555702330196481 0
    outer loop
      vertex 70.08253175473055 1.375 11
      vertex 70.08253175473055 1.375 2
      vertex 69.99169167536404 1.2390482137390992 11
    endloop
  endfacet
  facet normal 0.946930129495093 0.3214394653031991 0
    outer loop
      vertex 67.8451505843609 1.5216457095436378 11
      vertex 67.8451505843609 1.5216457095436378 2
      vertex 67.79259271713866 1.676476193621849 11
    endloop
  endfacet
  facet normal 0.8968727415327062 0.442288690218965 0
    outer loop
      vertex 67.91746824526945 1.375 11
      vertex 67.91746824526945 1.375 2
      vertex 67.8451505843609 1.5216457095436378 11
    endloop
  endfacet
  facet normal 0.9807852804032274 0.19509032201614376 0
    outer loop
      vertex 67.79259271713866 1.676476193621849 11
      vertex 67.79259271713866 1.676476193621849 2
      vertex 67.76069392328273 1.8368422597249356 11
    endloop
  endfacet
  facet normal 0.9978589232386063 0.06540312923010126 0
    outer loop
      vertex 67.76069392328273 1.8368422597249356 11
      vertex 67.76069392328273 1.8368422597249356 2
      vertex 67.75 2 11
    endloop
  endfacet
  facet normal 0.9978589232386063 -0.06540312923010126 0
    outer loop
      vertex 67.75 2 2
      vertex 67.76069392328273 2.1631577402750644 11
      vertex 67.75 2 11
    endloop
  endfacet
  facet normal 0.9807852804032273 -0.195090322016144 0
    outer loop
      vertex 67.76069392328273 2.1631577402750644 11
      vertex 67.76069392328273 2.1631577402750644 2
      vertex 67.79259271713866 2.3235238063781507 11
    endloop
  endfacet
  facet normal 0.9469301294950933 -0.3214394653031983 0
    outer loop
      vertex 67.79259271713866 2.3235238063781507 11
      vertex 67.79259271713866 2.3235238063781507 2
      vertex 67.8451505843609 2.4783542904563625 11
    endloop
  endfacet
  facet normal 0.896872741532706 -0.4422886902189655 0
    outer loop
      vertex 67.8451505843609 2.4783542904563625 11
      vertex 67.8451505843609 2.4783542904563625 2
      vertex 67.91746824526945 2.625 11
    endloop
  endfacet
  facet normal 0.8314696123025147 -0.5555702330196481 0
    outer loop
      vertex 67.91746824526945 2.625 11
      vertex 67.91746824526945 2.625 2
      vertex 68.00830832463596 2.7609517862609008 11
    endloop
  endfacet
  facet normal 0.7518398074790176 -0.6593458151000231 0
    outer loop
      vertex 68.00830832463596 2.7609517862609008 11
      vertex 68.00830832463596 2.7609517862609008 2
      vertex 68.11611652351681 2.8838834764831844 11
    endloop
  endfacet
  facet normal 0.6593458151000571 -0.7518398074789878 0
    outer loop
      vertex 68.11611652351681 2.8838834764831844 11
      vertex 68.11611652351681 2.8838834764831844 2
      vertex 68.2390482137391 2.991691675364044 11
    endloop
  endfacet
  facet normal 0.5555702330195923 -0.8314696123025519 0
    outer loop
      vertex 68.2390482137391 2.991691675364044 11
      vertex 68.2390482137391 2.991691675364044 2
      vertex 68.375 3.082531754730548 11
    endloop
  endfacet
  facet normal -0.8968727415327062 0.442288690218965 0
    outer loop
      vertex 70.1548494156391 1.5216457095436378 11
      vertex 70.1548494156391 1.5216457095436378 2
      vertex 70.08253175473055 1.375 11
    endloop
  endfacet
  facet normal -0.946930129495093 0.3214394653031991 0
    outer loop
      vertex 70.20740728286134 1.676476193621849 11
      vertex 70.20740728286134 1.676476193621849 2
      vertex 70.1548494156391 1.5216457095436378 11
    endloop
  endfacet
  facet normal -0.9807852804032274 0.19509032201614376 0
    outer loop
      vertex 70.23930607671727 1.8368422597249356 11
      vertex 70.23930607671727 1.8368422597249356 2
      vertex 70.20740728286134 1.676476193621849 11
    endloop
  endfacet
  facet normal -0.9978589232386063 0.06540312923010126 0
    outer loop
      vertex 70.25 2 2
      vertex 70.23930607671727 1.8368422597249356 11
      vertex 70.25 2 11
    endloop
  endfacet
  facet normal -0.9978589232386063 -0.06540312923010126 0
    outer loop
      vertex 70.23930607671727 2.1631577402750644 11
      vertex 70.23930607671727 2.1631577402750644 2
      vertex 70.25 2 11
    endloop
  endfacet
  facet normal -0.5555702330195923 -0.8314696123025519 0
    outer loop
      vertex 69.625 3.082531754730548 2
      vertex 69.7609517862609 2.991691675364044 11
      vertex 69.625 3.082531754730548 11
    endloop
  endfacet
  facet normal -0.9469301294950933 -0.3214394653031983 0
    outer loop
      vertex 70.1548494156391 2.4783542904563625 11
      vertex 70.1548494156391 2.4783542904563625 2
      vertex 70.20740728286134 2.3235238063781507 11
    endloop
  endfacet
  facet normal -0.9807852804032273 -0.195090322016144 0
    outer loop
      vertex 70.20740728286134 2.3235238063781507 11
      vertex 70.20740728286134 2.3235238063781507 2
      vertex 70.23930607671727 2.1631577402750644 11
    endloop
  endfacet
  facet normal -0.896872741532706 -0.4422886902189655 0
    outer loop
      vertex 70.08253175473055 2.625 11
      vertex 70.08253175473055 2.625 2
      vertex 70.1548494156391 2.4783542904563625 11
    endloop
  endfacet
  facet normal -0.7518398074790176 -0.6593458151000231 0
    outer loop
      vertex 69.88388347648319 2.8838834764831844 11
      vertex 69.88388347648319 2.8838834764831844 2
      vertex 69.99169167536404 2.7609517862609008 11
    endloop
  endfacet
  facet normal -0.6593458151000571 -0.7518398074789878 0
    outer loop
      vertex 69.7609517862609 2.991691675364044 11
      vertex 69.7609517862609 2.991691675364044 2
      vertex 69.88388347648319 2.8838834764831844 11
    endloop
  endfacet
  facet normal -0.8314696123025147 -0.5555702330196481 0
    outer loop
      vertex 69.99169167536404 2.7609517862609008 11
      vertex 69.99169167536404 2.7609517862609008 2
      vertex 70.08253175473055 2.625 11
    endloop
  endfacet
  facet normal 0.44228869021901124 -0.8968727415326834 0
    outer loop
      vertex 68.375 3.082531754730548 11
      vertex 68.375 3.082531754730548 2
      vertex 68.52164570954363 3.1548494156391085 11
    endloop
  endfacet
  facet normal 0.32143946530314765 -0.9469301294951104 0
    outer loop
      vertex 68.52164570954363 3.1548494156391085 11
      vertex 68.52164570954363 3.1548494156391085 2
      vertex 68.67647619362185 3.207407282861335 11
    endloop
  endfacet
  facet normal 0.19509032201613558 -0.9807852804032289 0
    outer loop
      vertex 68.67647619362185 3.207407282861335 11
      vertex 68.67647619362185 3.207407282861335 2
      vertex 68.83684225972493 3.239306076717263 11
    endloop
  endfacet
  facet normal 0.0654031292301431 -0.9978589232386035 0
    outer loop
      vertex 68.83684225972493 3.239306076717263 11
      vertex 68.83684225972493 3.239306076717263 2
      vertex 69 3.25 11
    endloop
  endfacet
  facet normal -0.0654031292301431 -0.9978589232386035 0
    outer loop
      vertex 69 3.25 11
      vertex 69 3.25 2
      vertex 69.16315774027507 3.239306076717263 11
    endloop
  endfacet
  facet normal -0.19509032201613558 -0.9807852804032289 0
    outer loop
      vertex 69.16315774027507 3.239306076717263 2
      vertex 69.32352380637815 3.207407282861335 11
      vertex 69.16315774027507 3.239306076717263 11
    endloop
  endfacet
  facet normal -0.32143946530314765 -0.9469301294951104 0
    outer loop
      vertex 69.32352380637815 3.207407282861335 11
      vertex 69.32352380637815 3.207407282861335 2
      vertex 69.47835429045637 3.1548494156391085 11
    endloop
  endfacet
  facet normal -0.44228869021901124 -0.8968727415326834 0
    outer loop
      vertex 69.47835429045637 3.1548494156391085 11
      vertex 69.47835429045637 3.1548494156391085 2
      vertex 69.625 3.082531754730548 11
    endloop
  endfacet
  facet normal 0 0 1
    outer loop
      vertex 68.375 49.082531754730546 2
      vertex 68.2390482137391 47.008308324635955 2
      vertex 68.375 46.917468245269454 2
    endloop
  endfacet
  facet normal 0 0 1
    outer loop
      vertex 68.2390482137391 48.991691675364045 2
      vertex 68.11611652351681 47.116116523516816 2
      vertex 68.2390482137391 47.008308324635955 2
    endloop
  endfacet
  facet normal 0 0 1
    outer loop
      vertex 68.52164570954363 49.154849415639106 2
      vertex 68.375 46.917468245269454 2
      vertex 68.52164570954363 46.845150584360894 2
    endloop
  endfacet
  facet normal 0 0 1
    outer loop
      vertex 69 49.25 2
      vertex 68.83684225972493 46.76069392328274 2
      vertex 69 46.75 2
    endloop
  endfacet
  facet normal 0 0 1
    outer loop
      vertex 67.79259271713866 48.32352380637815 2
      vertex 67.76069392328273 47.83684225972493 2
      vertex 67.79259271713866 47.67647619362185 2
    endloop
  endfacet
  facet normal 0 0 1
    outer loop
      vertex 67.75 48 2
      vertex 67.76069392328273 47.83684225972493 2
      vertex 67.76069392328273 48.16315774027507 2
    endloop
  endfacet
  facet normal 0 0 1
    outer loop
      vertex 67.76069392328273 47.83684225972493 2
      vertex 67.79259271713866 48.32352380637815 2
      vertex 67.76069392328273 48.16315774027507 2
    endloop
  endfacet
  facet normal 0 0 1
    outer loop
      vertex 67.8451505843609 48.47835429045636 2
      vertex 67.8451505843609 47.52164570954364 2
      vertex 67.91746824526945 48.625 2
    endloop
  endfacet
  facet normal 0 0 1
    outer loop
      vertex 67.91746824526945 48.625 2
      vertex 67.91746824526945 47.375 2
      vertex 68.00830832463596 48.760951786260904 2
    endloop
  endfacet
  facet normal 0 0 1
    outer loop
      vertex 68.00830832463596 48.760951786260904 2
      vertex 68.00830832463596 47.239048213739096 2
      vertex 68.11611652351681 48.883883476483184 2
    endloop
  endfacet
  facet normal 0 0 1
    outer loop
      vertex 68.11611652351681 48.883883476483184 2
      vertex 68.11611652351681 47.116116523516816 2
      vertex 68.2390482137391 48.991691675364045 2
    endloop
  endfacet
  facet normal 0 0 1
    outer loop
      vertex 68.2390482137391 47.008308324635955 2
      vertex 68.375 49.082531754730546 2
      vertex 68.2390482137391 48.991691675364045 2
    endloop
  endfacet
  facet normal 0 0 1
    outer loop
      vertex 68.375 46.917468245269454 2
      vertex 68.52164570954363 49.154849415639106 2
      vertex 68.375 49.082531754730546 2
    endloop
  endfacet
  facet normal 0 0 1
    outer loop
      vertex 68.67647619362185 49.20740728286133 2
      vertex 68.67647619362185 46.79259271713867 2
      vertex 68.83684225972493 49.23930607671726 2
    endloop
  endfacet
  facet normal 0 0 1
    outer loop
      vertex 68.83684225972493 49.23930607671726 2
      vertex 68.83684225972493 46.76069392328274 2
      vertex 69 49.25 2
    endloop
  endfacet
  facet normal 0 0 1
    outer loop
      vertex 69.16315774027507 49.23930607671726 2
      vertex 69 46.75 2
      vertex 69.16315774027507 46.76069392328274 2
    endloop
  endfacet
  facet normal 0 0 1
    outer loop
      vertex 69.32352380637815 49.20740728286133 2
      vertex 69.16315774027507 46.76069392328274 2
      vertex 69.32352380637815 46.79259271713867 2
    endloop
  endfacet
  facet normal 0 0 1
    outer loop
      vertex 69.88388347648319 48.883883476483184 2
      vertex 69.7609517862609 47.008308324635955 2
      vertex 69.88388347648319 47.116116523516816 2
    endloop
  endfacet
  facet normal 0 0 1
    outer loop
      vertex 69.99169167536404 48.760951786260904 2
      vertex 69.88388347648319 47.116116523516816 2
      vertex 69.99169167536404 47.239048213739096 2
    endloop
  endfacet
  facet normal 0 0 1
    outer loop
      vertex 70.08253175473055 48.625 2
      vertex 69.99169167536404 47.239048213739096 2
      vertex 70.08253175473055 47.375 2
    endloop
  endfacet
  facet normal 0 0 1
    outer loop
      vertex 69 46.75 2
      vertex 69.16315774027507 49.23930607671726 2
      vertex 69 49.25 2
    endloop
  endfacet
  facet normal 0 0 1
    outer loop
      vertex 69.16315774027507 46.76069392328274 2
      vertex 69.32352380637815 49.20740728286133 2
      vertex 69.16315774027507 49.23930607671726 2
    endloop
  endfacet
  facet normal 0 0 1
    outer loop
      vertex 69.47835429045637 49.154849415639106 2
      vertex 69.47835429045637 46.845150584360894 2
      vertex 69.625 49.082531754730546 2
    endloop
  endfacet
  facet normal 0 0 1
    outer loop
      vertex 69.625 49.082531754730546 2
      vertex 69.625 46.917468245269454 2
      vertex 69.7609517862609 48.991691675364045 2
    endloop
  endfacet
  facet normal 0 0 1
    outer loop
      vertex 70.1548494156391 48.47835429045636 2
      vertex 70.08253175473055 47.375 2
      vertex 70.1548494156391 47.52164570954364 2
    endloop
  endfacet
  facet normal 0 0 1
    outer loop
      vertex 70.20740728286134 47.67647619362185 2
      vertex 70.23930607671727 47.83684225972493 2
      vertex 70.23930607671727 48.16315774027507 2
    endloop
  endfacet
  facet normal 0 0 1
    outer loop
      vertex 70.08253175473055 47.375 2
      vertex 70.1548494156391 48.47835429045636 2
      vertex 70.08253175473055 48.625 2
    endloop
  endfacet
  facet normal 0 0 1
    outer loop
      vertex 70.25 48 2
      vertex 70.23930607671727 48.16315774027507 2
      vertex 70.23930607671727 47.83684225972493 2
    endloop
  endfacet
  facet normal 0 0 1
    outer loop
      vertex 70.20740728286134 48.32352380637815 2
      vertex 70.20740728286134 47.67647619362185 2
      vertex 70.23930607671727 48.16315774027507 2
    endloop
  endfacet
  facet normal 0 0 1
    outer loop
      vertex 69.7609517862609 48.991691675364045 2
      vertex 69.7609517862609 47.008308324635955 2
      vertex 69.88388347648319 48.883883476483184 2
    endloop
  endfacet
  facet normal 0 0 1
    outer loop
      vertex 69.88388347648319 47.116116523516816 2
      vertex 69.99169167536404 48.760951786260904 2
      vertex 69.88388347648319 48.883883476483184 2
    endloop
  endfacet
  facet normal 0 0 1
    outer loop
      vertex 69.99169167536404 47.239048213739096 2
      vertex 70.08253175473055 48.625 2
      vertex 69.99169167536404 48.760951786260904 2
    endloop
  endfacet
  facet normal 0.442288690219009 0.8968727415326844 5.48345322114183e-19
    outer loop
      vertex 68.52164570954363 46.845150584360894 2
      vertex 68.375 46.917468245269454 2
      vertex 68.375 46.917468245269454 11
    endloop
  endfacet
  facet normal 0.32143946530314765 0.9469301294951104 2.0694507806898828e-20
    outer loop
      vertex 68.67647619362185 46.79259271713867 2
      vertex 68.52164570954363 46.845150584360894 2
      vertex 68.52164570954363 46.845150584360894 11
    endloop
  endfacet
  facet normal 0.19509032201615126 0.9807852804032258 1.976418685307924e-19
    outer loop
      vertex 68.83684225972493 46.76069392328274 2
      vertex 68.67647619362185 46.79259271713867 2
      vertex 68.67647619362185 46.79259271713867 11
    endloop
  endfacet
  facet normal 0.0654031292301431 0.9978589232386035 -6.385192660583066e-20
    outer loop
      vertex 69 46.75 2
      vertex 68.83684225972493 46.76069392328274 2
      vertex 68.83684225972493 46.76069392328274 11
    endloop
  endfacet
  facet normal -0.0654031292301431 0.9978589232386035 6.385192660583066e-20
    outer loop
      vertex 69.16315774027507 46.76069392328274 2
      vertex 69 46.75 2
      vertex 69 46.75 11
    endloop
  endfacet
  facet normal -0.19509032201615126 0.9807852804032258 -1.976418685307924e-19
    outer loop
      vertex 69.32352380637815 46.79259271713867 2
      vertex 69.16315774027507 46.76069392328274 2
      vertex 69.16315774027507 46.76069392328274 11
    endloop
  endfacet
  facet normal 0.8314696123025205 0.5555702330196393 0
    outer loop
      vertex 67.91746824526945 47.375 2
      vertex 67.91746824526945 47.375 11
      vertex 68.00830832463596 47.239048213739096 2
    endloop
  endfacet
  facet normal 0.65934581510006 0.751839807478985 4.215148048465331e-19
    outer loop
      vertex 68.2390482137391 47.008308324635955 2
      vertex 68.11611652351681 47.116116523516816 2
      vertex 68.11611652351681 47.116116523516816 11
    endloop
  endfacet
  facet normal 0.5555702330195792 0.8314696123025607 3.1970580097300597e-19
    outer loop
      vertex 68.375 46.917468245269454 2
      vertex 68.2390482137391 47.008308324635955 2
      vertex 68.2390482137391 47.008308324635955 11
    endloop
  endfacet
  facet normal 0.7518398074790092 0.6593458151000324 0
    outer loop
      vertex 68.00830832463596 47.239048213739096 2
      vertex 68.00830832463596 47.239048213739096 11
      vertex 68.11611652351681 47.116116523516816 2
    endloop
  endfacet
  facet normal 0.8968727415327102 0.4422886902189569 0
    outer loop
      vertex 67.8451505843609 47.52164570954364 2
      vertex 67.8451505843609 47.52164570954364 11
      vertex 67.91746824526945 47.375 2
    endloop
  endfacet
  facet normal 0.9469301294950927 0.3214394653031999 0
    outer loop
      vertex 67.79259271713866 47.67647619362185 2
      vertex 67.79259271713866 47.67647619362185 11
      vertex 67.8451505843609 47.52164570954364 2
    endloop
  endfacet
  facet normal 0.9807852804032258 0.19509032201615126 0
    outer loop
      vertex 67.76069392328273 47.83684225972493 2
      vertex 67.76069392328273 47.83684225972493 11
      vertex 67.79259271713866 47.67647619362185 2
    endloop
  endfacet
  facet normal 0.9978589232386064 0.06540312923009983 0
    outer loop
      vertex 67.75 48 2
      vertex 67.75 48 11
      vertex 67.76069392328273 47.83684225972493 2
    endloop
  endfacet
  facet normal 0.9978589232386064 -0.06540312923009983 1.1860847602212853e-20
    outer loop
      vertex 67.75 48 2
      vertex 67.76069392328273 48.16315774027507 2
      vertex 67.76069392328273 48.16315774027507 11
    endloop
  endfacet
  facet normal 0.9807852804032258 -0.19509032201615126 0
    outer loop
      vertex 67.79259271713866 48.32352380637815 2
      vertex 67.79259271713866 48.32352380637815 11
      vertex 67.76069392328273 48.16315774027507 2
    endloop
  endfacet
  facet normal 0.8968727415327102 -0.4422886902189569 0
    outer loop
      vertex 67.91746824526945 48.625 2
      vertex 67.91746824526945 48.625 11
      vertex 67.8451505843609 48.47835429045636 2
    endloop
  endfacet
  facet normal -0.65934581510006 0.751839807478985 -4.215148048465331e-19
    outer loop
      vertex 69.88388347648319 47.116116523516816 2
      vertex 69.7609517862609 47.008308324635955 2
      vertex 69.7609517862609 47.008308324635955 11
    endloop
  endfacet
  facet normal -0.7518398074790092 0.6593458151000324 0
    outer loop
      vertex 69.88388347648319 47.116116523516816 2
      vertex 69.88388347648319 47.116116523516816 11
      vertex 69.99169167536404 47.239048213739096 2
    endloop
  endfacet
  facet normal -0.8314696123025205 0.5555702330196393 0
    outer loop
      vertex 69.99169167536404 47.239048213739096 2
      vertex 69.99169167536404 47.239048213739096 11
      vertex 70.08253175473055 47.375 2
    endloop
  endfacet
  facet normal -0.8968727415327102 0.4422886902189569 0
    outer loop
      vertex 70.08253175473055 47.375 2
      vertex 70.08253175473055 47.375 11
      vertex 70.1548494156391 47.52164570954364 2
    endloop
  endfacet
  facet normal -0.9807852804032258 0.19509032201615126 0
    outer loop
      vertex 70.20740728286134 47.67647619362185 2
      vertex 70.20740728286134 47.67647619362185 11
      vertex 70.23930607671727 47.83684225972493 2
    endloop
  endfacet
  facet normal -0.9978589232386064 0.06540312923009983 1.1860847602212853e-20
    outer loop
      vertex 70.25 48 2
      vertex 70.23930607671727 47.83684225972493 2
      vertex 70.23930607671727 47.83684225972493 11
    endloop
  endfacet
  facet normal -0.9978589232386064 -0.06540312923009983 0
    outer loop
      vertex 70.25 48 2
      vertex 70.25 48 11
      vertex 70.23930607671727 48.16315774027507 2
    endloop
  endfacet
  facet normal -0.9807852804032258 -0.19509032201615126 0
    outer loop
      vertex 70.23930607671727 48.16315774027507 2
      vertex 70.23930607671727 48.16315774027507 11
      vertex 70.20740728286134 48.32352380637815 2
    endloop
  endfacet
  facet normal -0.9469301294950927 -0.3214394653031999 0
    outer loop
      vertex 70.20740728286134 48.32352380637815 2
      vertex 70.20740728286134 48.32352380637815 11
      vertex 70.1548494156391 48.47835429045636 2
    endloop
  endfacet
  facet normal -0.8968727415327102 -0.4422886902189569 0
    outer loop
      vertex 70.1548494156391 48.47835429045636 2
      vertex 70.1548494156391 48.47835429045636 11
      vertex 70.08253175473055 48.625 2
    endloop
  endfacet
  facet normal 0.8314696123025205 -0.5555702330196393 0
    outer loop
      vertex 68.00830832463596 48.760951786260904 2
      vertex 68.00830832463596 48.760951786260904 11
      vertex 67.91746824526945 48.625 2
    endloop
  endfacet
  facet normal 0.7518398074790092 -0.6593458151000324 0
    outer loop
      vertex 68.11611652351681 48.883883476483184 2
      vertex 68.11611652351681 48.883883476483184 11
      vertex 68.00830832463596 48.760951786260904 2
    endloop
  endfacet
  facet normal 0.65934581510006 -0.751839807478985 -4.215148048465331e-19
    outer loop
      vertex 68.11611652351681 48.883883476483184 2
      vertex 68.2390482137391 48.991691675364045 2
      vertex 68.2390482137391 48.991691675364045 11
    endloop
  endfacet
  facet normal 0.19509032201615126 -0.9807852804032258 -1.976418685307924e-19
    outer loop
      vertex 68.67647619362185 49.20740728286133 2
      vertex 68.83684225972493 49.23930607671726 2
      vertex 68.83684225972493 49.23930607671726 11
    endloop
  endfacet
  facet normal 0.0654031292301431 -0.9978589232386035 6.385192660583066e-20
    outer loop
      vertex 68.83684225972493 49.23930607671726 2
      vertex 69 49.25 2
      vertex 69 49.25 11
    endloop
  endfacet
  facet normal -0.0654031292301431 -0.9978589232386035 -6.385192660583066e-20
    outer loop
      vertex 69 49.25 2
      vertex 69.16315774027507 49.23930607671726 2
      vertex 69.16315774027507 49.23930607671726 11
    endloop
  endfacet
  facet normal -0.19509032201615126 -0.9807852804032258 1.976418685307924e-19
    outer loop
      vertex 69.16315774027507 49.23930607671726 2
      vertex 69.32352380637815 49.20740728286133 2
      vertex 69.32352380637815 49.20740728286133 11
    endloop
  endfacet
  facet normal -0.32143946530314765 -0.9469301294951104 2.0694507806898828e-20
    outer loop
      vertex 69.32352380637815 49.20740728286133 2
      vertex 69.47835429045637 49.154849415639106 2
      vertex 69.47835429045637 49.154849415639106 11
    endloop
  endfacet
  facet normal -0.442288690219009 -0.8968727415326844 5.48345322114183e-19
    outer loop
      vertex 69.47835429045637 49.154849415639106 2
      vertex 69.625 49.082531754730546 2
      vertex 69.625 49.082531754730546 11
    endloop
  endfacet
  facet normal -0.7518398074790092 -0.6593458151000324 0
    outer loop
      vertex 69.99169167536404 48.760951786260904 2
      vertex 69.99169167536404 48.760951786260904 11
      vertex 69.88388347648319 48.883883476483184 2
    endloop
  endfacet
  facet normal -0.65934581510006 -0.751839807478985 4.215148048465331e-19
    outer loop
      vertex 69.7609517862609 48.991691675364045 2
      vertex 69.88388347648319 48.883883476483184 2
      vertex 69.88388347648319 48.883883476483184 11
    endloop
  endfacet
  facet normal -0.5555702330195792 -0.8314696123025607 3.1970580097300597e-19
    outer loop
      vertex 69.625 49.082531754730546 2
      vertex 69.7609517862609 48.991691675364045 2
      vertex 69.7609517862609 48.991691675364045 11
    endloop
  endfacet
  facet normal -0.8314696123025205 -0.5555702330196393 0
    outer loop
      vertex 70.08253175473055 48.625 2
      vertex 70.08253175473055 48.625 11
      vertex 69.99169167536404 48.760951786260904 2
    endloop
  endfacet
  facet normal 0.442288690219009 0.8968727415326844 0
    outer loop
      vertex 68.52164570954363 46.845150584360894 11
      vertex 68.52164570954363 46.845150584360894 2
      vertex 68.375 46.917468245269454 11
    endloop
  endfacet
  facet normal 0.32143946530314765 0.9469301294951104 0
    outer loop
      vertex 68.67647619362185 46.79259271713867 2
      vertex 68.52164570954363 46.845150584360894 11
      vertex 68.67647619362185 46.79259271713867 11
    endloop
  endfacet
  facet normal 0.19509032201615126 0.9807852804032258 0
    outer loop
      vertex 68.83684225972493 46.76069392328274 11
      vertex 68.83684225972493 46.76069392328274 2
      vertex 68.67647619362185 46.79259271713867 11
    endloop
  endfacet
  facet normal 0.0654031292301431 0.9978589232386035 0
    outer loop
      vertex 69 46.75 11
      vertex 69 46.75 2
      vertex 68.83684225972493 46.76069392328274 11
    endloop
  endfacet
  facet normal -0.0654031292301431 0.9978589232386035 0
    outer loop
      vertex 69.16315774027507 46.76069392328274 11
      vertex 69.16315774027507 46.76069392328274 2
      vertex 69 46.75 11
    endloop
  endfacet
  facet normal -0.19509032201615126 0.9807852804032258 0
    outer loop
      vertex 69.32352380637815 46.79259271713867 11
      vertex 69.32352380637815 46.79259271713867 2
      vertex 69.16315774027507 46.76069392328274 11
    endloop
  endfacet
  facet normal -0.32143946530314765 0.9469301294951104 0
    outer loop
      vertex 69.47835429045637 46.845150584360894 11
      vertex 69.47835429045637 46.845150584360894 2
      vertex 69.32352380637815 46.79259271713867 11
    endloop
  endfacet
  facet normal -0.442288690219009 0.8968727415326844 0
    outer loop
      vertex 69.625 46.917468245269454 11
      vertex 69.625 46.917468245269454 2
      vertex 69.47835429045637 46.845150584360894 11
    endloop
  endfacet
  facet normal 0.8314696123025205 0.5555702330196393 0
    outer loop
      vertex 68.00830832463596 47.239048213739096 11
      vertex 68.00830832463596 47.239048213739096 2
      vertex 67.91746824526945 47.375 11
    endloop
  endfacet
  facet normal 0.5555702330195792 0.8314696123025607 0
    outer loop
      vertex 68.375 46.917468245269454 11
      vertex 68.375 46.917468245269454 2
      vertex 68.2390482137391 47.008308324635955 11
    endloop
  endfacet
  facet normal 0.65934581510006 0.751839807478985 0
    outer loop
      vertex 68.2390482137391 47.008308324635955 11
      vertex 68.2390482137391 47.008308324635955 2
      vertex 68.11611652351681 47.116116523516816 11
    endloop
  endfacet
  facet normal 0.7518398074790092 0.6593458151000324 0
    outer loop
      vertex 68.11611652351681 47.116116523516816 11
      vertex 68.11611652351681 47.116116523516816 2
      vertex 68.00830832463596 47.239048213739096 11
    endloop
  endfacet
  facet normal 0.8968727415327102 0.4422886902189569 0
    outer loop
      vertex 67.91746824526945 47.375 11
      vertex 67.91746824526945 47.375 2
      vertex 67.8451505843609 47.52164570954364 11
    endloop
  endfacet
  facet normal 0.9469301294950927 0.3214394653031999 0
    outer loop
      vertex 67.8451505843609 47.52164570954364 11
      vertex 67.8451505843609 47.52164570954364 2
      vertex 67.79259271713866 47.67647619362185 11
    endloop
  endfacet
  facet normal 0.9807852804032258 0.19509032201615126 0
    outer loop
      vertex 67.79259271713866 47.67647619362185 11
      vertex 67.79259271713866 47.67647619362185 2
      vertex 67.76069392328273 47.83684225972493 11
    endloop
  endfacet
  facet normal 0.9978589232386064 0.06540312923009983 0
    outer loop
      vertex 67.76069392328273 47.83684225972493 11
      vertex 67.76069392328273 47.83684225972493 2
      vertex 67.75 48 11
    endloop
  endfacet
  facet normal 0.9978589232386064 -0.06540312923009983 0
    outer loop
      vertex 67.75 48 2
      vertex 67.76069392328273 48.16315774027507 11
      vertex 67.75 48 11
    endloop
  endfacet
  facet normal 0.9807852804032258 -0.19509032201615126 0
    outer loop
      vertex 67.76069392328273 48.16315774027507 11
      vertex 67.76069392328273 48.16315774027507 2
      vertex 67.79259271713866 48.32352380637815 11
    endloop
  endfacet
  facet normal 0.9469301294950927 -0.3214394653031999 0
    outer loop
      vertex 67.79259271713866 48.32352380637815 11
      vertex 67.79259271713866 48.32352380637815 2
      vertex 67.8451505843609 48.47835429045636 11
    endloop
  endfacet
  facet normal 0.8968727415327102 -0.4422886902189569 0
    outer loop
      vertex 67.8451505843609 48.47835429045636 11
      vertex 67.8451505843609 48.47835429045636 2
      vertex 67.91746824526945 48.625 11
    endloop
  endfacet
  facet normal -0.5555702330195792 0.8314696123025607 0
    outer loop
      vertex 69.7609517862609 47.008308324635955 11
      vertex 69.7609517862609 47.008308324635955 2
      vertex 69.625 46.917468245269454 11
    endloop
  endfacet
  facet normal -0.65934581510006 0.751839807478985 0
    outer loop
      vertex 69.88388347648319 47.116116523516816 11
      vertex 69.88388347648319 47.116116523516816 2
      vertex 69.7609517862609 47.008308324635955 11
    endloop
  endfacet
  facet normal -0.7518398074790092 0.6593458151000324 0
    outer loop
      vertex 69.99169167536404 47.239048213739096 11
      vertex 69.99169167536404 47.239048213739096 2
      vertex 69.88388347648319 47.116116523516816 11
    endloop
  endfacet
  facet normal -0.8314696123025205 0.5555702330196393 0
    outer loop
      vertex 70.08253175473055 47.375 11
      vertex 70.08253175473055 47.375 2
      vertex 69.99169167536404 47.239048213739096 11
    endloop
  endfacet
  facet normal -0.8968727415327102 0.4422886902189569 0
    outer loop
      vertex 70.1548494156391 47.52164570954364 11
      vertex 70.1548494156391 47.52164570954364 2
      vertex 70.08253175473055 47.375 11
    endloop
  endfacet
  facet normal -0.9469301294950927 0.3214394653031999 0
    outer loop
      vertex 70.20740728286134 47.67647619362185 11
      vertex 70.20740728286134 47.67647619362185 2
      vertex 70.1548494156391 47.52164570954364 11
    endloop
  endfacet
  facet normal -0.9807852804032258 0.19509032201615126 0
    outer loop
      vertex 70.23930607671727 47.83684225972493 11
      vertex 70.23930607671727 47.83684225972493 2
      vertex 70.20740728286134 47.67647619362185 11
    endloop
  endfacet
  facet normal -0.9978589232386064 0.06540312923009983 0
    outer loop
      vertex 70.25 48 2
      vertex 70.23930607671727 47.83684225972493 11
      vertex 70.25 48 11
    endloop
  endfacet
  facet normal -0.9978589232386064 -0.06540312923009983 0
    outer loop
      vertex 70.23930607671727 48.16315774027507 11
      vertex 70.23930607671727 48.16315774027507 2
      vertex 70.25 48 11
    endloop
  endfacet
  facet normal -0.9807852804032258 -0.19509032201615126 0
    outer loop
      vertex 70.20740728286134 48.32352380637815 11
      vertex 70.20740728286134 48.32352380637815 2
      vertex 70.23930607671727 48.16315774027507 11
    endloop
  endfacet
  facet normal -0.9469301294950927 -0.3214394653031999 0
    outer loop
      vertex 70.1548494156391 48.47835429045636 11
      vertex 70.1548494156391 48.47835429045636 2
      vertex 70.20740728286134 48.32352380637815 11
    endloop
  endfacet
  facet normal -0.8968727415327102 -0.4422886902189569 0
    outer loop
      vertex 70.08253175473055 48.625 11
      vertex 70.08253175473055 48.625 2
      vertex 70.1548494156391 48.47835429045636 11
    endloop
  endfacet
  facet normal 0.8314696123025205 -0.5555702330196393 0
    outer loop
      vertex 67.91746824526945 48.625 11
      vertex 67.91746824526945 48.625 2
      vertex 68.00830832463596 48.760951786260904 11
    endloop
  endfacet
  facet normal 0.7518398074790092 -0.6593458151000324 0
    outer loop
      vertex 68.00830832463596 48.760951786260904 11
      vertex 68.00830832463596 48.760951786260904 2
      vertex 68.11611652351681 48.883883476483184 11
    endloop
  endfacet
  facet normal 0.65934581510006 -0.751839807478985 0
    outer loop
      vertex 68.11611652351681 48.883883476483184 11
      vertex 68.11611652351681 48.883883476483184 2
      vertex 68.2390482137391 48.991691675364045 11
    endloop
  endfacet
  facet normal 0.5555702330195792 -0.8314696123025607 0
    outer loop
      vertex 68.2390482137391 48.991691675364045 11
      vertex 68.2390482137391 48.991691675364045 2
      vertex 68.375 49.082531754730546 11
    endloop
  endfacet
  facet normal 0.442288690219009 -0.8968727415326844 0
    outer loop
      vertex 68.375 49.082531754730546 11
      vertex 68.375 49.082531754730546 2
      vertex 68.52164570954363 49.154849415639106 11
    endloop
  endfacet
  facet normal 0.32143946530314765 -0.9469301294951104 0
    outer loop
      vertex 68.52164570954363 49.154849415639106 11
      vertex 68.52164570954363 49.154849415639106 2
      vertex 68.67647619362185 49.20740728286133 11
    endloop
  endfacet
  facet normal 0.19509032201615126 -0.9807852804032258 0
    outer loop
      vertex 68.67647619362185 49.20740728286133 11
      vertex 68.67647619362185 49.20740728286133 2
      vertex 68.83684225972493 49.23930607671726 11
    endloop
  endfacet
  facet normal 0.0654031292301431 -0.9978589232386035 0
    outer loop
      vertex 68.83684225972493 49.23930607671726 11
      vertex 68.83684225972493 49.23930607671726 2
      vertex 69 49.25 11
    endloop
  endfacet
  facet normal -0.0654031292301431 -0.9978589232386035 0
    outer loop
      vertex 69 49.25 11
      vertex 69 49.25 2
      vertex 69.16315774027507 49.23930607671726 11
    endloop
  endfacet
  facet normal -0.19509032201615126 -0.9807852804032258 0
    outer loop
      vertex 69.16315774027507 49.23930607671726 11
      vertex 69.16315774027507 49.23930607671726 2
      vertex 69.32352380637815 49.20740728286133 11
    endloop
  endfacet
  facet normal -0.32143946530314765 -0.9469301294951104 0
    outer loop
      vertex 69.32352380637815 49.20740728286133 2
      vertex 69.47835429045637 49.154849415639106 11
      vertex 69.32352380637815 49.20740728286133 11
    endloop
  endfacet
  facet normal -0.442288690219009 -0.8968727415326844 0
    outer loop
      vertex 69.47835429045637 49.154849415639106 11
      vertex 69.47835429045637 49.154849415639106 2
      vertex 69.625 49.082531754730546 11
    endloop
  endfacet
  facet normal -0.5555702330195792 -0.8314696123025607 0
    outer loop
      vertex 69.625 49.082531754730546 11
      vertex 69.625 49.082531754730546 2
      vertex 69.7609517862609 48.991691675364045 11
    endloop
  endfacet
  facet normal -0.65934581510006 -0.751839807478985 0
    outer loop
      vertex 69.7609517862609 48.991691675364045 11
      vertex 69.7609517862609 48.991691675364045 2
      vertex 69.88388347648319 48.883883476483184 11
    endloop
  endfacet
  facet normal -0.7518398074790092 -0.6593458151000324 0
    outer loop
      vertex 69.88388347648319 48.883883476483184 11
      vertex 69.88388347648319 48.883883476483184 2
      vertex 69.99169167536404 48.760951786260904 11
    endloop
  endfacet
  facet normal -0.8314696123025205 -0.5555702330196393 0
    outer loop
      vertex 69.99169167536404 48.760951786260904 11
      vertex 69.99169167536404 48.760951786260904 2
      vertex 70.08253175473055 48.625 11
    endloop
  endfacet
  facet normal 0 0 1
    outer loop
      vertex -2 43.199999999999996 3.5
      vertex -2 32.8 3.5
      vertex 0 32.8 3.5
    endloop
  endfacet
  facet normal 0 0 1
    outer loop
      vertex 0 32.8 3.5
      vertex 0 43.199999999999996 3.5
      vertex -2 43.199999999999996 3.5
    endloop
  endfacet
  facet normal 0 1 0
    outer loop
      vertex 0 32.8 3.5
      vertex -2 32.8 3.5
      vertex -2 32.8 11
    endloop
  endfacet
  facet normal 0 1 0
    outer loop
      vertex -2 32.8 11
      vertex 0 32.8 11
      vertex 0 32.8 3.5
    endloop
  endfacet
  facet normal 0 -1 0
    outer loop
      vertex -2 43.199999999999996 11
      vertex -2 43.199999999999996 3.5
      vertex 0 43.199999999999996 3.5
    endloop
  endfacet
  facet normal 0 -1 0
    outer loop
      vertex 0 43.199999999999996 11
      vertex -2 43.199999999999996 11
      vertex 0 43.199999999999996 3.5
    endloop
  endfacet
endsolid OpenSCAD_Model
