solid OpenSCAD_Model
  facet normal 0 0 1
    outer loop
      vertex -1.598076211353316 0.5 2
      vertex -0.826284287026162 1.3800600208737057 2
      vertex -1.1213203435596428 1.1213203435596428 2
    endloop
  endfacet
  facet normal 0 0 1
    outer loop
      vertex -1.598076211353316 0.5 2
      vertex -1.1213203435596428 1.1213203435596428 2
      vertex -1.3800600208737057 0.826284287026162 2
    endloop
  endfacet
  facet normal 0 0 1
    outer loop
      vertex -0.5 1.598076211353316 2
      vertex -0.826284287026162 1.3800600208737057 2
      vertex 0.22354286469243778 1.897777478867205 2
    endloop
  endfacet
  facet normal 0 0 1
    outer loop
      vertex -0.5 1.598076211353316 2
      vertex 0.22354286469243778 1.897777478867205 2
      vertex -0.1480502970952693 1.77163859753386 2
    endloop
  endfacet
  facet normal 0 0 1
    outer loop
      vertex -0.826284287026162 1.3800600208737057 2
      vertex 1 2 2
      vertex 0.22354286469243778 1.897777478867205 2
    endloop
  endfacet
  facet normal 0 0 1
    outer loop
      vertex -1.598076211353316 0.5 2
      vertex -1.77163859753386 0.1480502970952693 2
      vertex -1.897777478867205 -0.22354286469243778 2
    endloop
  endfacet
  facet normal 0 0 1
    outer loop
      vertex -1.598076211353316 0.5 2
      vertex -2 -1 2
      vertex -0.826284287026162 1.3800600208737057 2
    endloop
  endfacet
  facet normal 0 0 1
    outer loop
      vertex -1.598076211353316 0.5 2
      vertex -1.897777478867205 -0.22354286469243778 2
      vertex -2 -1 2
    endloop
  endfacet
  facet normal 0 0 1
    outer loop
      vertex -1.897777478867205 -0.22354286469243778 2
      vertex -1.974334584121431 -0.6084214233398453 2
      vertex -2 -1 2
    endloop
  endfacet
  facet normal 0 0 1
    outer loop
      vertex -0.826284287026162 1.3800600208737057 2
      vertex 0.7979184719828691 -0.7979184719828691 2
      vertex 0.965105570685175 -0.6512993215049003 2
    endloop
  endfacet
  facet normal 0 0 1
    outer loop
      vertex -0.826284287026162 1.3800600208737057 2
      vertex 0.4294047947308126 -1.3494381649793474 2
      vertex 0.5277568135664543 -1.15 2
    endloop
  endfacet
  facet normal 0 0 1
    outer loop
      vertex -0.826284287026162 1.3800600208737057 2
      vertex 0.3579260953085839 -1.5600076233257147 2
      vertex 0.4294047947308126 -1.3494381649793474 2
    endloop
  endfacet
  facet normal 0 0 1
    outer loop
      vertex -0.826284287026162 1.3800600208737057 2
      vertex 0.5277568135664543 -1.15 2
      vertex 0.6512993215049003 -0.965105570685175 2
    endloop
  endfacet
  facet normal 0 0 1
    outer loop
      vertex -0.826284287026162 1.3800600208737057 2
      vertex 0.6512993215049003 -0.965105570685175 2
      vertex 0.7979184719828691 -0.7979184719828691 2
    endloop
  endfacet
  facet normal 0 0 1
    outer loop
      vertex -0.826284287026162 1.3800600208737057 2
      vertex 0.31454373566452243 -1.7781054732259123 2
      vertex 0.3579260953085839 -1.5600076233257147 2
    endloop
  endfacet
  facet normal 0 0 1
    outer loop
      vertex -0.826284287026162 1.3800600208737057 2
      vertex 0.30000000000000004 -2 2
      vertex 0.31454373566452243 -1.7781054732259123 2
    endloop
  endfacet
  facet normal 0 0 1
    outer loop
      vertex 0.22354286469243778 1.897777478867205 2
      vertex 1 2 2
      vertex 0.6084214233398453 1.974334584121431 2
    endloop
  endfacet
  facet normal 0 0 1
    outer loop
      vertex -0.826284287026162 1.3800600208737057 2
      vertex 1.15 -0.5277568135664543 2
      vertex 1.3494381649793474 -0.4294047947308126 2
    endloop
  endfacet
  facet normal 0 0 1
    outer loop
      vertex -0.826284287026162 1.3800600208737057 2
      vertex 0.965105570685175 -0.6512993215049003 2
      vertex 1.15 -0.5277568135664543 2
    endloop
  endfacet
  facet normal 0 0 1
    outer loop
      vertex -0.826284287026162 1.3800600208737057 2
      vertex 1.3494381649793474 -0.4294047947308126 2
      vertex 1.5600076233257147 -0.3579260953085839 2
    endloop
  endfacet
  facet normal 0 0 1
    outer loop
      vertex -0.826284287026162 1.3800600208737057 2
      vertex 1.5600076233257147 -0.3579260953085839 2
      vertex 1.7781054732259123 -0.31454373566452243 2
    endloop
  endfacet
  facet normal 0 0 1
    outer loop
      vertex -0.826284287026162 1.3800600208737057 2
      vertex 1.7781054732259123 -0.31454373566452243 2
      vertex 2 -0.30000000000000004 2
    endloop
  endfacet
  facet normal 0 0 1
    outer loop
      vertex -0.826284287026162 1.3800600208737057 2
      vertex 2 -0.30000000000000004 2
      vertex 2.2218945267740877 -0.31454373566452243 2
    endloop
  endfacet
  facet normal 0 0 1
    outer loop
      vertex -0.826284287026162 1.3800600208737057 2
      vertex 2.2218945267740877 -0.31454373566452243 2
      vertex 2.4399923766742853 -0.3579260953085839 2
    endloop
  endfacet
  facet normal 0 0 1
    outer loop
      vertex -0.826284287026162 1.3800600208737057 2
      vertex 2.4399923766742853 -0.3579260953085839 2
      vertex 2.6505618350206523 -0.4294047947308126 2
    endloop
  endfacet
  facet normal 0 0 1
    outer loop
      vertex -0.826284287026162 1.3800600208737057 2
      vertex 2.6505618350206523 -0.4294047947308126 2
      vertex 2.85 -0.5277568135664543 2
    endloop
  endfacet
  facet normal 0 0 1
    outer loop
      vertex -0.826284287026162 1.3800600208737057 2
      vertex 2.85 -0.5277568135664543 2
      vertex 5.5873879716455805 -0.25 2
    endloop
  endfacet
  facet normal 0 0 1
    outer loop
      vertex -0.826284287026162 1.3800600208737057 2
      vertex 0.25 -5.5873879716455805 2
      vertex 0.30000000000000004 -2 2
    endloop
  endfacet
  facet normal 0 0 1
    outer loop
      vertex 0.25 -5.5873879716455805 2
      vertex 0.31454373566452243 -2.2218945267740877 2
      vertex 0.30000000000000004 -2 2
    endloop
  endfacet
  facet normal 0 0 1
    outer loop
      vertex 0.25 -5.5873879716455805 2
      vertex 0.3579260953085839 -2.4399923766742853 2
      vertex 0.31454373566452243 -2.2218945267740877 2
    endloop
  endfacet
  facet normal 0 0 1
    outer loop
      vertex 0.25 -5.5873879716455805 2
      vertex 0.4294047947308126 -2.6505618350206523 2
      vertex 0.3579260953085839 -2.4399923766742853 2
    endloop
  endfacet
  facet normal 0 0 1
    outer loop
      vertex 0.25 -5.5873879716455805 2
      vertex 0.5277568135664543 -2.85 2
      vertex 0.4294047947308126 -2.6505618350206523 2
    endloop
  endfacet
  facet normal 0 0 1
    outer loop
      vertex 0.25 -5.5873879716455805 2
      vertex 0.6512993215049003 -3.034894429314825 2
      vertex 0.5277568135664543 -2.85 2
    endloop
  endfacet
  facet normal 0 0 1
    outer loop
      vertex 0.25 -5.5873879716455805 2
      vertex 0.7979184719828691 -3.202081528017131 2
      vertex 0.6512993215049003 -3.034894429314825 2
    endloop
  endfacet
  facet normal 0 0 1
    outer loop
      vertex 0.25 -5.5873879716455805 2
      vertex 0.965105570685175 -3.3487006784950997 2
      vertex 0.7979184719828691 -3.202081528017131 2
    endloop
  endfacet
  facet normal 0 0 1
    outer loop
      vertex 0.25 -5.5873879716455805 2
      vertex 1.15 -3.4722431864335457 2
      vertex 0.965105570685175 -3.3487006784950997 2
    endloop
  endfacet
  facet normal 0 0 1
    outer loop
      vertex 0.25 -5.5873879716455805 2
      vertex 1.3494381649793474 -3.5705952052691874 2
      vertex 1.15 -3.4722431864335457 2
    endloop
  endfacet
  facet normal 0 0 1
    outer loop
      vertex 0.25 -5.5873879716455805 2
      vertex 1.5600076233257147 -3.642073904691416 2
      vertex 1.3494381649793474 -3.5705952052691874 2
    endloop
  endfacet
  facet normal 0 0 1
    outer loop
      vertex 0.25 -5.5873879716455805 2
      vertex 1.7781054732259123 -3.6854562643354773 2
      vertex 1.5600076233257147 -3.642073904691416 2
    endloop
  endfacet
  facet normal 0 0 1
    outer loop
      vertex 0.25 -5.5873879716455805 2
      vertex 2 -3.7 2
      vertex 1.7781054732259123 -3.6854562643354773 2
    endloop
  endfacet
  facet normal 0 0 1
    outer loop
      vertex 0.4692662705396409 -5.695518130045147 2
      vertex 2.2218945267740877 -3.6854562643354773 2
      vertex 2 -3.7 2
    endloop
  endfacet
  facet normal 0 0 1
    outer loop
      vertex 0.4692662705396409 -5.695518130045147 2
      vertex 2.4399923766742853 -3.642073904691416 2
      vertex 2.2218945267740877 -3.6854562643354773 2
    endloop
  endfacet
  facet normal 0 0 1
    outer loop
      vertex 0.964723819589917 -5.863703305156273 2
      vertex 2.6505618350206523 -3.5705952052691874 2
      vertex 2.4399923766742853 -3.642073904691416 2
    endloop
  endfacet
  facet normal 0 0 1
    outer loop
      vertex 0.964723819589917 -5.863703305156273 2
      vertex 2.85 -3.4722431864335457 2
      vertex 2.6505618350206523 -3.5705952052691874 2
    endloop
  endfacet
  facet normal 0 0 1
    outer loop
      vertex 0.964723819589917 -5.863703305156273 2
      vertex 3.034894429314825 -3.3487006784950997 2
      vertex 2.85 -3.4722431864335457 2
    endloop
  endfacet
  facet normal 0 0 1
    outer loop
      vertex 0.964723819589917 -5.863703305156273 2
      vertex 3.202081528017131 -3.202081528017131 2
      vertex 3.034894429314825 -3.3487006784950997 2
    endloop
  endfacet
  facet normal 0 0 1
    outer loop
      vertex 5.5873879716455805 -0.25 2
      vertex 2.85 -0.5277568135664543 2
      vertex 3.034894429314825 -0.6512993215049003 2
    endloop
  endfacet
  facet normal 0 0 1
    outer loop
      vertex 5.5873879716455805 -0.25 2
      vertex 3.034894429314825 -0.6512993215049003 2
      vertex 3.202081528017131 -0.7979184719828691 2
    endloop
  endfacet
  facet normal 0 0 1
    outer loop
      vertex 5.5873879716455805 -0.25 2
      vertex 3.202081528017131 -0.7979184719828691 2
      vertex 3.3487006784950997 -0.965105570685175 2
    endloop
  endfacet
  facet normal 0 0 1
    outer loop
      vertex 5.5873879716455805 -0.25 2
      vertex 3.3487006784950997 -0.965105570685175 2
      vertex 3.4722431864335457 -1.15 2
    endloop
  endfacet
  facet normal 0 0 1
    outer loop
      vertex 5.5873879716455805 -0.25 2
      vertex 3.4722431864335457 -1.15 2
      vertex 3.5705952052691874 -1.3494381649793474 2
    endloop
  endfacet
  facet normal 0 0 1
    outer loop
      vertex 5.5873879716455805 -0.25 2
      vertex 3.5705952052691874 -1.3494381649793474 2
      vertex 3.642073904691416 -1.5600076233257147 2
    endloop
  endfacet
  facet normal 0 0 1
    outer loop
      vertex 5.5873879716455805 -0.25 2
      vertex 3.642073904691416 -1.5600076233257147 2
      vertex 3.6854562643354773 -1.7781054732259123 2
    endloop
  endfacet
  facet normal 0 0 1
    outer loop
      vertex 5.5873879716455805 -0.25 2
      vertex 3.6854562643354773 -1.7781054732259123 2
      vertex 3.7 -2 2
    endloop
  endfacet
  facet normal 0 0 1
    outer loop
      vertex 5.5873879716455805 -0.25 2
      vertex 3.642073904691416 -2.4399923766742853 2
      vertex 5.695518130045147 -0.4692662705396409 2
    endloop
  endfacet
  facet normal 0 0 1
    outer loop
      vertex 5.5873879716455805 -0.25 2
      vertex 3.7 -2 2
      vertex 3.6854562643354773 -2.2218945267740877 2
    endloop
  endfacet
  facet normal 0 0 1
    outer loop
      vertex 5.5873879716455805 -0.25 2
      vertex 3.6854562643354773 -2.2218945267740877 2
      vertex 3.642073904691416 -2.4399923766742853 2
    endloop
  endfacet
  facet normal 0 0 1
    outer loop
      vertex 5.695518130045147 -0.4692662705396409 2
      vertex 3.5705952052691874 -2.6505618350206523 2
      vertex 3.4722431864335457 -2.85 2
    endloop
  endfacet
  facet normal 0 0 1
    outer loop
      vertex 5.695518130045147 -0.4692662705396409 2
      vertex 3.642073904691416 -2.4399923766742853 2
      vertex 3.5705952052691874 -2.6505618350206523 2
    endloop
  endfacet
  facet normal 0 0 1
    outer loop
      vertex 5.695518130045147 -0.4692662705396409 2
      vertex 3.4722431864335457 -2.85 2
      vertex 3.3487006784950997 -3.034894429314825 2
    endloop
  endfacet
  facet normal 0 0 1
    outer loop
      vertex 5.695518130045147 -0.4692662705396409 2
      vertex 3.3487006784950997 -3.034894429314825 2
      vertex 3.202081528017131 -3.202081528017131 2
    endloop
  endfacet
  facet normal 0 0 1
    outer loop
      vertex 5.695518130045147 -0.4692662705396409 2
      vertex 0.964723819589917 -5.863703305156273 2
      vertex 5.863703305156273 -0.964723819589917 2
    endloop
  endfacet
  facet normal 0 0 1
    outer loop
      vertex 5.863703305156273 -0.964723819589917 2
      vertex 1.45 -5.960230739034601 2
      vertex 5.960230739034601 -1.45 2
    endloop
  endfacet
  facet normal 0 0 1
    outer loop
      vertex 5.695518130045147 -0.4692662705396409 2
      vertex 3.202081528017131 -3.202081528017131 2
      vertex 0.964723819589917 -5.863703305156273 2
    endloop
  endfacet
  facet normal 0 0 1
    outer loop
      vertex 5.863703305156273 -0.964723819589917 2
      vertex 0.964723819589917 -5.863703305156273 2
      vertex 1.45 -5.960230739034601 2
    endloop
  endfacet
  facet normal -0.6593458151000686 0.7518398074789777 3.875776823681736e-18
    outer loop
      vertex -1.1213203435596428 1.1213203435596428 2
      vertex -0.826284287026162 1.3800600208737057 2
      vertex -0.826284287026162 1.3800600208737057 0
    endloop
  endfacet
  facet normal -0.8314696123025455 0.555570233019602 0
    outer loop
      vertex -1.598076211353316 0.5 2
      vertex -1.3800600208737057 0.826284287026162 2
      vertex -1.598076211353316 0.5 0
    endloop
  endfacet
  facet normal -0.8968727415326888 0.4422886902190006 0
    outer loop
      vertex -1.598076211353316 0.5 2
      vertex -1.598076211353316 0.5 0
      vertex -1.77163859753386 0.1480502970952693 2
    endloop
  endfacet
  facet normal -0.7518398074789777 0.6593458151000686 0
    outer loop
      vertex -1.1213203435596428 1.1213203435596428 2
      vertex -1.1213203435596428 1.1213203435596428 0
      vertex -1.3800600208737057 0.826284287026162 2
    endloop
  endfacet
  facet normal -0.4422886902190006 0.8968727415326888 1.8976751422747268e-18
    outer loop
      vertex -0.5 1.598076211353316 2
      vertex -0.1480502970952693 1.77163859753386 2
      vertex -0.1480502970952693 1.77163859753386 0
    endloop
  endfacet
  facet normal -0.555570233019602 0.8314696123025455 0
    outer loop
      vertex -0.5 1.598076211353316 2
      vertex -0.5 1.598076211353316 0
      vertex -0.826284287026162 1.3800600208737057 2
    endloop
  endfacet
  facet normal -0.32143946530316264 0.9469301294951054 0
    outer loop
      vertex -0.1480502970952693 1.77163859753386 2
      vertex 0.22354286469243778 1.897777478867205 2
      vertex -0.1480502970952693 1.77163859753386 0
    endloop
  endfacet
  facet normal -0.9469301294951054 0.32143946530316264 -4.129983736666025e-18
    outer loop
      vertex -1.77163859753386 0.1480502970952693 2
      vertex -1.897777478867205 -0.22354286469243778 0
      vertex -1.897777478867205 -0.22354286469243778 2
    endloop
  endfacet
  facet normal -0.9807852804032305 0.1950903220161273 0
    outer loop
      vertex -1.897777478867205 -0.22354286469243778 2
      vertex -1.897777478867205 -0.22354286469243778 0
      vertex -1.974334584121431 -0.6084214233398453 2
    endloop
  endfacet
  facet normal -0.9978589232386035 0.06540312923014358 -6.448362465417927e-19
    outer loop
      vertex -1.974334584121431 -0.6084214233398453 2
      vertex -2 -1 0
      vertex -2 -1 2
    endloop
  endfacet
  facet normal -0.1950903220161273 0.9807852804032305 8.56707041613216e-19
    outer loop
      vertex 0.22354286469243778 1.897777478867205 2
      vertex 0.6084214233398453 1.974334584121431 2
      vertex 0.6084214233398453 1.974334584121431 0
    endloop
  endfacet
  facet normal -0.06540312923014358 0.9978589232386035 0
    outer loop
      vertex 0.6084214233398453 1.974334584121431 2
      vertex 1 2 2
      vertex 0.6084214233398453 1.974334584121431 0
    endloop
  endfacet
  facet normal 0 0 1
    outer loop
      vertex 0.25 -5.5873879716455805 2
      vertex 0.4692662705396409 -5.695518130045147 2
      vertex 2 -3.7 2
    endloop
  endfacet
  facet normal 0 0 1
    outer loop
      vertex 0.4692662705396409 -5.695518130045147 2
      vertex 0.964723819589917 -5.863703305156273 2
      vertex 2.4399923766742853 -3.642073904691416 2
    endloop
  endfacet
  facet normal 0 0 1
    outer loop
      vertex -0.826284287026162 1.3800600208737057 2
      vertex -2 -1 2
      vertex 0.25 -33 2
    endloop
  endfacet
  facet normal 0 0 1
    outer loop
      vertex 1.45 -5.960230739034601 2
      vertex 4.365317327767012 -8.512990856793024 2
      vertex 4.434314575050762 -8.434314575050761 2
    endloop
  endfacet
  facet normal 0 0 1
    outer loop
      vertex 1.45 -5.960230739034601 2
      vertex 4.307179676972449 -8.6 2
      vertex 4.365317327767012 -8.512990856793024 2
    endloop
  endfacet
  facet normal 0 0 1
    outer loop
      vertex 1.45 -5.960230739034601 2
      vertex 4.434314575050762 -8.434314575050761 2
      vertex 4.5129908567930235 -8.365317327767013 2
    endloop
  endfacet
  facet normal 0 0 1
    outer loop
      vertex 1.45 -5.960230739034601 2
      vertex 4.5129908567930235 -8.365317327767013 2
      vertex 4.6 -8.30717967697245 2
    endloop
  endfacet
  facet normal 0 0 1
    outer loop
      vertex 1.45 -5.960230739034601 2
      vertex 4.693853254107928 -8.26089637399097 2
      vertex 4.792944763917983 -8.227259338968745 2
    endloop
  endfacet
  facet normal 0 0 1
    outer loop
      vertex 1.45 -5.960230739034601 2
      vertex 4.792944763917983 -8.227259338968745 2
      vertex 4.895579046223959 -8.206844110900951 2
    endloop
  endfacet
  facet normal 0 0 1
    outer loop
      vertex 1.45 -5.960230739034601 2
      vertex 4.6 -8.30717967697245 2
      vertex 4.693853254107928 -8.26089637399097 2
    endloop
  endfacet
  facet normal 0 0 1
    outer loop
      vertex 1.45 -5.960230739034601 2
      vertex 4.26089637399097 -8.693853254107928 2
      vertex 4.307179676972449 -8.6 2
    endloop
  endfacet
  facet normal 0 0 1
    outer loop
      vertex 1.45 -5.960230739034601 2
      vertex 4.227259338968746 -8.792944763917983 2
      vertex 4.26089637399097 -8.693853254107928 2
    endloop
  endfacet
  facet normal 0 0 1
    outer loop
      vertex 1.45 -5.960230739034601 2
      vertex 4.206844110900952 -8.89557904622396 2
      vertex 4.227259338968746 -8.792944763917983 2
    endloop
  endfacet
  facet normal 0 0 1
    outer loop
      vertex 1.45 -5.960230739034601 2
      vertex 4.2 -9 2
      vertex 4.206844110900952 -8.89557904622396 2
    endloop
  endfacet
  facet normal 0 0 1
    outer loop
      vertex 5.565685424949238 -8.434314575050761 2
      vertex 5.634682672232988 -8.512990856793024 2
      vertex 8.434314575050761 -8.434314575050761 2
    endloop
  endfacet
  facet normal 0 0 1
    outer loop
      vertex 5.692820323027551 -8.6 2
      vertex 8.365317327767013 -8.512990856793024 2
      vertex 5.634682672232988 -8.512990856793024 2
    endloop
  endfacet
  facet normal 0 0 1
    outer loop
      vertex 8.30717967697245 -8.6 2
      vertex 5.692820323027551 -8.6 2
      vertex 5.73910362600903 -8.693853254107928 2
    endloop
  endfacet
  facet normal 0 0 1
    outer loop
      vertex 5.73910362600903 -8.693853254107928 2
      vertex 5.772740661031254 -8.792944763917983 2
      vertex 8.26089637399097 -8.693853254107928 2
    endloop
  endfacet
  facet normal 0 0 1
    outer loop
      vertex 5.772740661031254 -8.792944763917983 2
      vertex 5.793155889099048 -8.89557904622396 2
      vertex 8.227259338968745 -8.792944763917983 2
    endloop
  endfacet
  facet normal 0 0 1
    outer loop
      vertex 8.206844110900951 -8.89557904622396 2
      vertex 5.793155889099048 -8.89557904622396 2
      vertex 5.8 -9 2
    endloop
  endfacet
  facet normal 0 0 1
    outer loop
      vertex 5.565685424949238 -8.434314575050761 2
      vertex 8.6 -8.30717967697245 2
      vertex 8.693853254107928 -8.26089637399097 2
    endloop
  endfacet
  facet normal 0 0 1
    outer loop
      vertex 5.565685424949238 -8.434314575050761 2
      vertex 8.434314575050761 -8.434314575050761 2
      vertex 8.512990856793024 -8.365317327767013 2
    endloop
  endfacet
  facet normal 0 0 1
    outer loop
      vertex 5.634682672232988 -8.512990856793024 2
      vertex 8.365317327767013 -8.512990856793024 2
      vertex 8.434314575050761 -8.434314575050761 2
    endloop
  endfacet
  facet normal 0 0 1
    outer loop
      vertex 5.565685424949238 -8.434314575050761 2
      vertex 8.512990856793024 -8.365317327767013 2
      vertex 8.6 -8.30717967697245 2
    endloop
  endfacet
  facet normal 0 0 1
    outer loop
      vertex 5.565685424949238 -8.434314575050761 2
      vertex 8.693853254107928 -8.26089637399097 2
      vertex 8.792944763917983 -8.227259338968745 2
    endloop
  endfacet
  facet normal 0 0 1
    outer loop
      vertex 5.565685424949238 -8.434314575050761 2
      vertex 8.792944763917983 -8.227259338968745 2
      vertex 8.89557904622396 -8.206844110900951 2
    endloop
  endfacet
  facet normal 0 0 1
    outer loop
      vertex 5.692820323027551 -8.6 2
      vertex 8.30717967697245 -8.6 2
      vertex 8.365317327767013 -8.512990856793024 2
    endloop
  endfacet
  facet normal 0 0 1
    outer loop
      vertex 5.73910362600903 -8.693853254107928 2
      vertex 8.26089637399097 -8.693853254107928 2
      vertex 8.30717967697245 -8.6 2
    endloop
  endfacet
  facet normal 0 0 1
    outer loop
      vertex 8.26089637399097 -8.693853254107928 2
      vertex 5.772740661031254 -8.792944763917983 2
      vertex 8.227259338968745 -8.792944763917983 2
    endloop
  endfacet
  facet normal 0 0 1
    outer loop
      vertex 5.793155889099048 -8.89557904622396 2
      vertex 8.206844110900951 -8.89557904622396 2
      vertex 8.227259338968745 -8.792944763917983 2
    endloop
  endfacet
  facet normal 0 0 1
    outer loop
      vertex 8.206844110900951 -8.89557904622396 2
      vertex 5.8 -9 2
      vertex 8.2 -9 2
    endloop
  endfacet
  facet normal 0 0 1
    outer loop
      vertex 9.10442095377604 -8.206844110900951 2
      vertex 9.207055236082017 -8.227259338968745 2
      vertex 12.89557904622396 -8.206844110900951 2
    endloop
  endfacet
  facet normal 0 0 1
    outer loop
      vertex 9.207055236082017 -8.227259338968745 2
      vertex 9.306146745892072 -8.26089637399097 2
      vertex 12.792944763917983 -8.227259338968745 2
    endloop
  endfacet
  facet normal 0 0 1
    outer loop
      vertex 9.306146745892072 -8.26089637399097 2
      vertex 9.4 -8.30717967697245 2
      vertex 12.693853254107928 -8.26089637399097 2
    endloop
  endfacet
  facet normal 0 0 1
    outer loop
      vertex 9.4 -8.30717967697245 2
      vertex 9.487009143206976 -8.365317327767013 2
      vertex 12.6 -8.30717967697245 2
    endloop
  endfacet
  facet normal 0 0 1
    outer loop
      vertex 12.512990856793024 -8.365317327767013 2
      vertex 9.487009143206976 -8.365317327767013 2
      vertex 9.565685424949239 -8.434314575050761 2
    endloop
  endfacet
  facet normal 0 0 1
    outer loop
      vertex 9.565685424949239 -8.434314575050761 2
      vertex 9.634682672232987 -8.512990856793024 2
      vertex 12.434314575050761 -8.434314575050761 2
    endloop
  endfacet
  facet normal 0 0 1
    outer loop
      vertex 9.69282032302755 -8.6 2
      vertex 12.365317327767013 -8.512990856793024 2
      vertex 9.634682672232987 -8.512990856793024 2
    endloop
  endfacet
  facet normal 0 0 1
    outer loop
      vertex 12.30717967697245 -8.6 2
      vertex 9.69282032302755 -8.6 2
      vertex 9.73910362600903 -8.693853254107928 2
    endloop
  endfacet
  facet normal 0 0 1
    outer loop
      vertex 9.73910362600903 -8.693853254107928 2
      vertex 9.772740661031255 -8.792944763917983 2
      vertex 12.26089637399097 -8.693853254107928 2
    endloop
  endfacet
  facet normal 0 0 1
    outer loop
      vertex 9.772740661031255 -8.792944763917983 2
      vertex 9.793155889099049 -8.89557904622396 2
      vertex 12.227259338968745 -8.792944763917983 2
    endloop
  endfacet
  facet normal 0 0 1
    outer loop
      vertex 12.206844110900951 -8.89557904622396 2
      vertex 9.793155889099049 -8.89557904622396 2
      vertex 9.8 -9 2
    endloop
  endfacet
  facet normal 0 0 1
    outer loop
      vertex 9.69282032302755 -8.6 2
      vertex 12.30717967697245 -8.6 2
      vertex 12.365317327767013 -8.512990856793024 2
    endloop
  endfacet
  facet normal 0 0 1
    outer loop
      vertex 12.30717967697245 -8.6 2
      vertex 9.73910362600903 -8.693853254107928 2
      vertex 12.26089637399097 -8.693853254107928 2
    endloop
  endfacet
  facet normal 0 0 1
    outer loop
      vertex 12.26089637399097 -8.693853254107928 2
      vertex 9.772740661031255 -8.792944763917983 2
      vertex 12.227259338968745 -8.792944763917983 2
    endloop
  endfacet
  facet normal 0 0 1
    outer loop
      vertex 9.793155889099049 -8.89557904622396 2
      vertex 12.206844110900951 -8.89557904622396 2
      vertex 12.227259338968745 -8.792944763917983 2
    endloop
  endfacet
  facet normal 0 0 1
    outer loop
      vertex 12.206844110900951 -8.89557904622396 2
      vertex 9.8 -9 2
      vertex 12.2 -9 2
    endloop
  endfacet
  facet normal 0 0 1
    outer loop
      vertex 9.306146745892072 -8.26089637399097 2
      vertex 12.693853254107928 -8.26089637399097 2
      vertex 12.792944763917983 -8.227259338968745 2
    endloop
  endfacet
  facet normal 0 0 1
    outer loop
      vertex 12.693853254107928 -8.26089637399097 2
      vertex 9.4 -8.30717967697245 2
      vertex 12.6 -8.30717967697245 2
    endloop
  endfacet
  facet normal 0 0 1
    outer loop
      vertex 12.792944763917983 -8.227259338968745 2
      vertex 12.89557904622396 -8.206844110900951 2
      vertex 9.207055236082017 -8.227259338968745 2
    endloop
  endfacet
  facet normal 0 0 1
    outer loop
      vertex 9.487009143206976 -8.365317327767013 2
      vertex 12.512990856793024 -8.365317327767013 2
      vertex 12.6 -8.30717967697245 2
    endloop
  endfacet
  facet normal 0 0 1
    outer loop
      vertex 12.512990856793024 -8.365317327767013 2
      vertex 9.565685424949239 -8.434314575050761 2
      vertex 12.434314575050761 -8.434314575050761 2
    endloop
  endfacet
  facet normal 0 0 1
    outer loop
      vertex 9.634682672232987 -8.512990856793024 2
      vertex 12.365317327767013 -8.512990856793024 2
      vertex 12.434314575050761 -8.434314575050761 2
    endloop
  endfacet
  facet normal 0 0 1
    outer loop
      vertex 16.895579046223958 -8.206844110900951 2
      vertex 13.10442095377604 -8.206844110900951 2
      vertex 13.207055236082017 -8.227259338968745 2
    endloop
  endfacet
  facet normal 0 0 1
    outer loop
      vertex 13 -8.2 2
      vertex 13.10442095377604 -8.206844110900951 2
      vertex 17 -8.2 2
    endloop
  endfacet
  facet normal 0 0 1
    outer loop
      vertex 13.306146745892072 -8.26089637399097 2
      vertex 13.4 -8.30717967697245 2
      vertex 16.69385325410793 -8.26089637399097 2
    endloop
  endfacet
  facet normal 0 0 1
    outer loop
      vertex 13.207055236082017 -8.227259338968745 2
      vertex 13.306146745892072 -8.26089637399097 2
      vertex 16.792944763917983 -8.227259338968745 2
    endloop
  endfacet
  facet normal 0 0 1
    outer loop
      vertex 13.4 -8.30717967697245 2
      vertex 13.487009143206976 -8.365317327767013 2
      vertex 16.6 -8.30717967697245 2
    endloop
  endfacet
  facet normal 0 0 1
    outer loop
      vertex 13.487009143206976 -8.365317327767013 2
      vertex 13.565685424949239 -8.434314575050761 2
      vertex 16.512990856793024 -8.365317327767013 2
    endloop
  endfacet
  facet normal 0 0 1
    outer loop
      vertex 13.565685424949239 -8.434314575050761 2
      vertex 13.634682672232987 -8.512990856793024 2
      vertex 16.434314575050763 -8.434314575050761 2
    endloop
  endfacet
  facet normal 0 0 1
    outer loop
      vertex 13.69282032302755 -8.6 2
      vertex 16.365317327767013 -8.512990856793024 2
      vertex 13.634682672232987 -8.512990856793024 2
    endloop
  endfacet
  facet normal 0 0 1
    outer loop
      vertex 13.69282032302755 -8.6 2
      vertex 13.73910362600903 -8.693853254107928 2
      vertex 16.30717967697245 -8.6 2
    endloop
  endfacet
  facet normal 0 0 1
    outer loop
      vertex 13.73910362600903 -8.693853254107928 2
      vertex 13.772740661031255 -8.792944763917983 2
      vertex 16.26089637399097 -8.693853254107928 2
    endloop
  endfacet
  facet normal 0 0 1
    outer loop
      vertex 13.772740661031255 -8.792944763917983 2
      vertex 13.793155889099049 -8.89557904622396 2
      vertex 16.227259338968747 -8.792944763917983 2
    endloop
  endfacet
  facet normal 0 0 1
    outer loop
      vertex 16.206844110900953 -8.89557904622396 2
      vertex 13.793155889099049 -8.89557904622396 2
      vertex 13.8 -9 2
    endloop
  endfacet
  facet normal 0 0 1
    outer loop
      vertex 13.4 -8.30717967697245 2
      vertex 16.6 -8.30717967697245 2
      vertex 16.69385325410793 -8.26089637399097 2
    endloop
  endfacet
  facet normal 0 0 1
    outer loop
      vertex 16.434314575050763 -8.434314575050761 2
      vertex 16.512990856793024 -8.365317327767013 2
      vertex 13.565685424949239 -8.434314575050761 2
    endloop
  endfacet
  facet normal 0 0 1
    outer loop
      vertex 13.487009143206976 -8.365317327767013 2
      vertex 16.512990856793024 -8.365317327767013 2
      vertex 16.6 -8.30717967697245 2
    endloop
  endfacet
  facet normal 0 0 1
    outer loop
      vertex 13.634682672232987 -8.512990856793024 2
      vertex 16.365317327767013 -8.512990856793024 2
      vertex 16.434314575050763 -8.434314575050761 2
    endloop
  endfacet
  facet normal 0 0 1
    outer loop
      vertex 13.69282032302755 -8.6 2
      vertex 16.30717967697245 -8.6 2
      vertex 16.365317327767013 -8.512990856793024 2
    endloop
  endfacet
  facet normal 0 0 1
    outer loop
      vertex 16.30717967697245 -8.6 2
      vertex 13.73910362600903 -8.693853254107928 2
      vertex 16.26089637399097 -8.693853254107928 2
    endloop
  endfacet
  facet normal 0 0 1
    outer loop
      vertex 13.772740661031255 -8.792944763917983 2
      vertex 16.227259338968747 -8.792944763917983 2
      vertex 16.26089637399097 -8.693853254107928 2
    endloop
  endfacet
  facet normal 0 0 1
    outer loop
      vertex 13.793155889099049 -8.89557904622396 2
      vertex 16.206844110900953 -8.89557904622396 2
      vertex 16.227259338968747 -8.792944763917983 2
    endloop
  endfacet
  facet normal 0 0 1
    outer loop
      vertex 16.206844110900953 -8.89557904622396 2
      vertex 13.8 -9 2
      vertex 16.2 -9 2
    endloop
  endfacet
  facet normal 0 0 1
    outer loop
      vertex 13.207055236082017 -8.227259338968745 2
      vertex 16.792944763917983 -8.227259338968745 2
      vertex 16.895579046223958 -8.206844110900951 2
    endloop
  endfacet
  facet normal 0 0 1
    outer loop
      vertex 13.10442095377604 -8.206844110900951 2
      vertex 16.895579046223958 -8.206844110900951 2
      vertex 17 -8.2 2
    endloop
  endfacet
  facet normal 0 0 1
    outer loop
      vertex 13.306146745892072 -8.26089637399097 2
      vertex 16.69385325410793 -8.26089637399097 2
      vertex 16.792944763917983 -8.227259338968745 2
    endloop
  endfacet
  facet normal -0.6593458151000686 0.7518398074789777 0
    outer loop
      vertex -1.1213203435596428 1.1213203435596428 2
      vertex -0.826284287026162 1.3800600208737057 0
      vertex -1.1213203435596428 1.1213203435596428 0
    endloop
  endfacet
  facet normal -0.8314696123025455 0.555570233019602 0
    outer loop
      vertex -1.3800600208737057 0.826284287026162 2
      vertex -1.3800600208737057 0.826284287026162 0
      vertex -1.598076211353316 0.5 0
    endloop
  endfacet
  facet normal -0.7518398074789777 0.6593458151000686 0
    outer loop
      vertex -1.3800600208737057 0.826284287026162 2
      vertex -1.1213203435596428 1.1213203435596428 0
      vertex -1.3800600208737057 0.826284287026162 0
    endloop
  endfacet
  facet normal -0.4422886902190006 0.8968727415326888 0
    outer loop
      vertex -0.5 1.598076211353316 2
      vertex -0.1480502970952693 1.77163859753386 0
      vertex -0.5 1.598076211353316 0
    endloop
  endfacet
  facet normal -0.555570233019602 0.8314696123025455 0
    outer loop
      vertex -0.826284287026162 1.3800600208737057 2
      vertex -0.5 1.598076211353316 0
      vertex -0.826284287026162 1.3800600208737057 0
    endloop
  endfacet
  facet normal -0.32143946530316264 0.9469301294951054 0
    outer loop
      vertex 0.22354286469243778 1.897777478867205 2
      vertex 0.22354286469243778 1.897777478867205 0
      vertex -0.1480502970952693 1.77163859753386 0
    endloop
  endfacet
  facet normal -0.8968727415326888 0.4422886902190006 0
    outer loop
      vertex -1.77163859753386 0.1480502970952693 2
      vertex -1.598076211353316 0.5 0
      vertex -1.77163859753386 0.1480502970952693 0
    endloop
  endfacet
  facet normal -0.9469301294951054 0.32143946530316264 0
    outer loop
      vertex -1.77163859753386 0.1480502970952693 2
      vertex -1.77163859753386 0.1480502970952693 0
      vertex -1.897777478867205 -0.22354286469243778 0
    endloop
  endfacet
  facet normal -0.9807852804032305 0.1950903220161273 0
    outer loop
      vertex -1.974334584121431 -0.6084214233398453 2
      vertex -1.897777478867205 -0.22354286469243778 0
      vertex -1.974334584121431 -0.6084214233398453 0
    endloop
  endfacet
  facet normal -0.9978589232386035 0.06540312923014358 0
    outer loop
      vertex -1.974334584121431 -0.6084214233398453 2
      vertex -1.974334584121431 -0.6084214233398453 0
      vertex -2 -1 0
    endloop
  endfacet
  facet normal -0.1950903220161273 0.9807852804032305 0
    outer loop
      vertex 0.22354286469243778 1.897777478867205 2
      vertex 0.6084214233398453 1.974334584121431 0
      vertex 0.22354286469243778 1.897777478867205 0
    endloop
  endfacet
  facet normal -0.06540312923014358 0.9978589232386035 0
    outer loop
      vertex 1 2 2
      vertex 1 2 0
      vertex 0.6084214233398453 1.974334584121431 0
    endloop
  endfacet
  facet normal 0 0 -1
    outer loop
      vertex -1.598076211353316 0.5 0
      vertex -1.1213203435596428 1.1213203435596428 0
      vertex -0.826284287026162 1.3800600208737057 0
    endloop
  endfacet
  facet normal 0 0 -1
    outer loop
      vertex -1.598076211353316 0.5 0
      vertex -1.3800600208737057 0.826284287026162 0
      vertex -1.1213203435596428 1.1213203435596428 0
    endloop
  endfacet
  facet normal 0 0 -1
    outer loop
      vertex -0.5 1.598076211353316 0
      vertex 0.22354286469243778 1.897777478867205 0
      vertex -0.826284287026162 1.3800600208737057 0
    endloop
  endfacet
  facet normal 0 0 -1
    outer loop
      vertex -0.5 1.598076211353316 0
      vertex -0.1480502970952693 1.77163859753386 0
      vertex 0.22354286469243778 1.897777478867205 0
    endloop
  endfacet
  facet normal 0 0 -1
    outer loop
      vertex -0.826284287026162 1.3800600208737057 0
      vertex 0.22354286469243778 1.897777478867205 0
      vertex 1 2 0
    endloop
  endfacet
  facet normal 0 0 -1
    outer loop
      vertex -1.598076211353316 0.5 0
      vertex -1.897777478867205 -0.22354286469243778 0
      vertex -1.77163859753386 0.1480502970952693 0
    endloop
  endfacet
  facet normal 0 0 -1
    outer loop
      vertex -1.598076211353316 0.5 0
      vertex -0.826284287026162 1.3800600208737057 0
      vertex -2 -1 0
    endloop
  endfacet
  facet normal 0 0 -1
    outer loop
      vertex -1.598076211353316 0.5 0
      vertex -2 -1 0
      vertex -1.897777478867205 -0.22354286469243778 0
    endloop
  endfacet
  facet normal 0 0 -1
    outer loop
      vertex -1.897777478867205 -0.22354286469243778 0
      vertex -2 -1 0
      vertex -1.974334584121431 -0.6084214233398453 0
    endloop
  endfacet
  facet normal 0 0 -1
    outer loop
      vertex -0.826284287026162 1.3800600208737057 0
      vertex 0.965105570685175 -0.6512993215049003 0
      vertex 0.7979184719828691 -0.7979184719828691 0
    endloop
  endfacet
  facet normal 0 0 -1
    outer loop
      vertex -0.826284287026162 1.3800600208737057 0
      vertex 0.5277568135664543 -1.15 0
      vertex 0.4294047947308126 -1.3494381649793474 0
    endloop
  endfacet
  facet normal 0 0 -1
    outer loop
      vertex -0.826284287026162 1.3800600208737057 0
      vertex 0.4294047947308126 -1.3494381649793474 0
      vertex 0.3579260953085839 -1.5600076233257147 0
    endloop
  endfacet
  facet normal 0 0 -1
    outer loop
      vertex -0.826284287026162 1.3800600208737057 0
      vertex 0.6512993215049003 -0.965105570685175 0
      vertex 0.5277568135664543 -1.15 0
    endloop
  endfacet
  facet normal 0 0 -1
    outer loop
      vertex -0.826284287026162 1.3800600208737057 0
      vertex 0.7979184719828691 -0.7979184719828691 0
      vertex 0.6512993215049003 -0.965105570685175 0
    endloop
  endfacet
  facet normal 0 0 -1
    outer loop
      vertex -0.826284287026162 1.3800600208737057 0
      vertex 0.3579260953085839 -1.5600076233257147 0
      vertex 0.31454373566452243 -1.7781054732259123 0
    endloop
  endfacet
  facet normal 0 0 -1
    outer loop
      vertex -0.826284287026162 1.3800600208737057 0
      vertex 0.31454373566452243 -1.7781054732259123 0
      vertex 0.30000000000000004 -2 0
    endloop
  endfacet
  facet normal 0 0 -1
    outer loop
      vertex 0.22354286469243778 1.897777478867205 0
      vertex 0.6084214233398453 1.974334584121431 0
      vertex 1 2 0
    endloop
  endfacet
  facet normal 0 0 -1
    outer loop
      vertex -0.826284287026162 1.3800600208737057 0
      vertex 1.3494381649793474 -0.4294047947308126 0
      vertex 1.15 -0.5277568135664543 0
    endloop
  endfacet
  facet normal 0 0 -1
    outer loop
      vertex -0.826284287026162 1.3800600208737057 0
      vertex 1.15 -0.5277568135664543 0
      vertex 0.965105570685175 -0.6512993215049003 0
    endloop
  endfacet
  facet normal 0 0 -1
    outer loop
      vertex -0.826284287026162 1.3800600208737057 0
      vertex 1.5600076233257147 -0.3579260953085839 0
      vertex 1.3494381649793474 -0.4294047947308126 0
    endloop
  endfacet
  facet normal 0 0 -1
    outer loop
      vertex -0.826284287026162 1.3800600208737057 0
      vertex 1.7781054732259123 -0.31454373566452243 0
      vertex 1.5600076233257147 -0.3579260953085839 0
    endloop
  endfacet
  facet normal 0 0 -1
    outer loop
      vertex -0.826284287026162 1.3800600208737057 0
      vertex 2 -0.30000000000000004 0
      vertex 1.7781054732259123 -0.31454373566452243 0
    endloop
  endfacet
  facet normal 0 0 -1
    outer loop
      vertex 3.4722431864335457 -2.85 0
      vertex 5.306146745892072 -8.26089637399097 0
      vertex 3.3487006784950997 -3.034894429314825 0
    endloop
  endfacet
  facet normal 0 0 -1
    outer loop
      vertex 3.642073904691416 -2.4399923766742853 0
      vertex 5.565685424949238 -8.434314575050761 0
      vertex 3.5705952052691874 -2.6505618350206523 0
    endloop
  endfacet
  facet normal 0 0 -1
    outer loop
      vertex 3.5705952052691874 -2.6505618350206523 0
      vertex 5.4870091432069765 -8.365317327767013 0
      vertex 3.4722431864335457 -2.85 0
    endloop
  endfacet
  facet normal 0 0 -1
    outer loop
      vertex 3.7 -2 0
      vertex 8.512990856793024 -8.365317327767013 0
      vertex 3.6854562643354773 -2.2218945267740877 0
    endloop
  endfacet
  facet normal 0 0 -1
    outer loop
      vertex 3.6854562643354773 -1.7781054732259123 0
      vertex 8.693853254107928 -8.26089637399097 0
      vertex 3.7 -2 0
    endloop
  endfacet
  facet normal 0 0 -1
    outer loop
      vertex 3.6854562643354773 -2.2218945267740877 0
      vertex 8.512990856793024 -8.365317327767013 0
      vertex 3.642073904691416 -2.4399923766742853 0
    endloop
  endfacet
  facet normal 0 0 -1
    outer loop
      vertex 3.5705952052691874 -1.3494381649793474 0
      vertex 13 -8.2 0
      vertex 3.642073904691416 -1.5600076233257147 0
    endloop
  endfacet
  facet normal 0 0 -1
    outer loop
      vertex 3.642073904691416 -1.5600076233257147 0
      vertex 12.89557904622396 -8.206844110900951 0
      vertex 3.6854562643354773 -1.7781054732259123 0
    endloop
  endfacet
  facet normal 0 0 -1
    outer loop
      vertex 1.15 -3.4722431864335457 0
      vertex 1.3494381649793474 -3.5705952052691874 0
      vertex 4.206844110900952 -8.89557904622396 0
    endloop
  endfacet
  facet normal 0 0 -1
    outer loop
      vertex 1.3494381649793474 -3.5705952052691874 0
      vertex 1.5600076233257147 -3.642073904691416 0
      vertex 4.227259338968746 -8.792944763917983 0
    endloop
  endfacet
  facet normal 0 0 -1
    outer loop
      vertex 1.5600076233257147 -3.642073904691416 0
      vertex 1.7781054732259123 -3.6854562643354773 0
      vertex 4.26089637399097 -8.693853254107928 0
    endloop
  endfacet
  facet normal 0 0 -1
    outer loop
      vertex 0.6512993215049003 -3.034894429314825 0
      vertex 4.2 -21 0
      vertex 0.5277568135664543 -2.85 0
    endloop
  endfacet
  facet normal 0 0 -1
    outer loop
      vertex 0.7979184719828691 -3.202081528017131 0
      vertex 4.2 -21 0
      vertex 0.6512993215049003 -3.034894429314825 0
    endloop
  endfacet
  facet normal 0 0 -1
    outer loop
      vertex 0.7979184719828691 -3.202081528017131 0
      vertex 0.965105570685175 -3.3487006784950997 0
      vertex 4.2 -21 0
    endloop
  endfacet
  facet normal 0 0 -1
    outer loop
      vertex 0.965105570685175 -3.3487006784950997 0
      vertex 1.15 -3.4722431864335457 0
      vertex 4.2 -21 0
    endloop
  endfacet
  facet normal 0 0 -1
    outer loop
      vertex 1.7781054732259123 -3.6854562643354773 0
      vertex 2 -3.7 0
      vertex 4.307179676972449 -8.6 0
    endloop
  endfacet
  facet normal 0 0 -1
    outer loop
      vertex 2 -3.7 0
      vertex 2.2218945267740877 -3.6854562643354773 0
      vertex 4.365317327767012 -8.512990856793024 0
    endloop
  endfacet
  facet normal 0 0 -1
    outer loop
      vertex 2.2218945267740877 -3.6854562643354773 0
      vertex 2.4399923766742853 -3.642073904691416 0
      vertex 4.5129908567930235 -8.365317327767013 0
    endloop
  endfacet
  facet normal 0 0 -1
    outer loop
      vertex 2.4399923766742853 -3.642073904691416 0
      vertex 2.6505618350206523 -3.5705952052691874 0
      vertex 4.6 -8.30717967697245 0
    endloop
  endfacet
  facet normal 0 0 -1
    outer loop
      vertex 2.6505618350206523 -3.5705952052691874 0
      vertex 2.85 -3.4722431864335457 0
      vertex 4.693853254107928 -8.26089637399097 0
    endloop
  endfacet
  facet normal 0 0 -1
    outer loop
      vertex 2.85 -3.4722431864335457 0
      vertex 3.034894429314825 -3.3487006784950997 0
      vertex 4.792944763917983 -8.227259338968745 0
    endloop
  endfacet
  facet normal 0 0 -1
    outer loop
      vertex 3.034894429314825 -3.3487006784950997 0
      vertex 3.202081528017131 -3.202081528017131 0
      vertex 5 -8.2 0
    endloop
  endfacet
  facet normal 0 0 -1
    outer loop
      vertex 3.3487006784950997 -3.034894429314825 0
      vertex 5.207055236082017 -8.227259338968745 0
      vertex 3.202081528017131 -3.202081528017131 0
    endloop
  endfacet
  facet normal 0 0 -1
    outer loop
      vertex 1.15 -3.4722431864335457 0
      vertex 4.206844110900952 -8.89557904622396 0
      vertex 4.2 -9 0
    endloop
  endfacet
  facet normal 0 0 -1
    outer loop
      vertex 1.3494381649793474 -3.5705952052691874 0
      vertex 4.227259338968746 -8.792944763917983 0
      vertex 4.206844110900952 -8.89557904622396 0
    endloop
  endfacet
  facet normal 0 0 -1
    outer loop
      vertex 2.2218945267740877 -3.6854562643354773 0
      vertex 4.5129908567930235 -8.365317327767013 0
      vertex 4.434314575050762 -8.434314575050761 0
    endloop
  endfacet
  facet normal 0 0 -1
    outer loop
      vertex 2.4399923766742853 -3.642073904691416 0
      vertex 4.6 -8.30717967697245 0
      vertex 4.5129908567930235 -8.365317327767013 0
    endloop
  endfacet
  facet normal 0 0 -1
    outer loop
      vertex 1.5600076233257147 -3.642073904691416 0
      vertex 4.26089637399097 -8.693853254107928 0
      vertex 4.227259338968746 -8.792944763917983 0
    endloop
  endfacet
  facet normal 0 0 -1
    outer loop
      vertex 2 -3.7 0
      vertex 4.365317327767012 -8.512990856793024 0
      vertex 4.307179676972449 -8.6 0
    endloop
  endfacet
  facet normal 0 0 -1
    outer loop
      vertex 1.7781054732259123 -3.6854562643354773 0
      vertex 4.307179676972449 -8.6 0
      vertex 4.26089637399097 -8.693853254107928 0
    endloop
  endfacet
  facet normal 0 0 -1
    outer loop
      vertex 2.2218945267740877 -3.6854562643354773 0
      vertex 4.434314575050762 -8.434314575050761 0
      vertex 4.365317327767012 -8.512990856793024 0
    endloop
  endfacet
  facet normal 0 0 -1
    outer loop
      vertex 2.6505618350206523 -3.5705952052691874 0
      vertex 4.693853254107928 -8.26089637399097 0
      vertex 4.6 -8.30717967697245 0
    endloop
  endfacet
  facet normal 0 0 -1
    outer loop
      vertex 2.85 -3.4722431864335457 0
      vertex 4.792944763917983 -8.227259338968745 0
      vertex 4.693853254107928 -8.26089637399097 0
    endloop
  endfacet
  facet normal 0 0 -1
    outer loop
      vertex 3.034894429314825 -3.3487006784950997 0
      vertex 4.895579046223959 -8.206844110900951 0
      vertex 4.792944763917983 -8.227259338968745 0
    endloop
  endfacet
  facet normal 0 0 -1
    outer loop
      vertex 3.202081528017131 -3.202081528017131 0
      vertex 5.104420953776041 -8.206844110900951 0
      vertex 5 -8.2 0
    endloop
  endfacet
  facet normal 0 0 -1
    outer loop
      vertex 3.034894429314825 -3.3487006784950997 0
      vertex 5 -8.2 0
      vertex 4.895579046223959 -8.206844110900951 0
    endloop
  endfacet
  facet normal 0 0 -1
    outer loop
      vertex 3.202081528017131 -3.202081528017131 0
      vertex 5.207055236082017 -8.227259338968745 0
      vertex 5.104420953776041 -8.206844110900951 0
    endloop
  endfacet
  facet normal 0 0 -1
    outer loop
      vertex 3.3487006784950997 -3.034894429314825 0
      vertex 5.306146745892072 -8.26089637399097 0
      vertex 5.207055236082017 -8.227259338968745 0
    endloop
  endfacet
  facet normal 0 0 -1
    outer loop
      vertex 3.4722431864335457 -2.85 0
      vertex 5.4 -8.30717967697245 0
      vertex 5.306146745892072 -8.26089637399097 0
    endloop
  endfacet
  facet normal 0 0 -1
    outer loop
      vertex 3.4722431864335457 -2.85 0
      vertex 5.4870091432069765 -8.365317327767013 0
      vertex 5.4 -8.30717967697245 0
    endloop
  endfacet
  facet normal 0 0 -1
    outer loop
      vertex 3.5705952052691874 -2.6505618350206523 0
      vertex 5.565685424949238 -8.434314575050761 0
      vertex 5.4870091432069765 -8.365317327767013 0
    endloop
  endfacet
  facet normal 0 0 -1
    outer loop
      vertex 3.642073904691416 -2.4399923766742853 0
      vertex 8.434314575050761 -8.434314575050761 0
      vertex 5.565685424949238 -8.434314575050761 0
    endloop
  endfacet
  facet normal 0 0 -1
    outer loop
      vertex 3.6854562643354773 -1.7781054732259123 0
      vertex 8.792944763917983 -8.227259338968745 0
      vertex 8.693853254107928 -8.26089637399097 0
    endloop
  endfacet
  facet normal 0 0 -1
    outer loop
      vertex 3.7 -2 0
      vertex 8.693853254107928 -8.26089637399097 0
      vertex 8.6 -8.30717967697245 0
    endloop
  endfacet
  facet normal 0 0 -1
    outer loop
      vertex 3.7 -2 0
      vertex 8.6 -8.30717967697245 0
      vertex 8.512990856793024 -8.365317327767013 0
    endloop
  endfacet
  facet normal 0 0 -1
    outer loop
      vertex 3.642073904691416 -2.4399923766742853 0
      vertex 8.512990856793024 -8.365317327767013 0
      vertex 8.434314575050761 -8.434314575050761 0
    endloop
  endfacet
  facet normal 0 0 -1
    outer loop
      vertex 3.6854562643354773 -1.7781054732259123 0
      vertex 8.89557904622396 -8.206844110900951 0
      vertex 8.792944763917983 -8.227259338968745 0
    endloop
  endfacet
  facet normal 0 0 -1
    outer loop
      vertex 3.6854562643354773 -1.7781054732259123 0
      vertex 9 -8.2 0
      vertex 8.89557904622396 -8.206844110900951 0
    endloop
  endfacet
  facet normal 0 0 -1
    outer loop
      vertex 3.6854562643354773 -1.7781054732259123 0
      vertex 9.10442095377604 -8.206844110900951 0
      vertex 9 -8.2 0
    endloop
  endfacet
  facet normal 0 0 -1
    outer loop
      vertex 3.6854562643354773 -1.7781054732259123 0
      vertex 9.207055236082017 -8.227259338968745 0
      vertex 9.10442095377604 -8.206844110900951 0
    endloop
  endfacet
  facet normal 0 0 -1
    outer loop
      vertex 1.15 -3.4722431864335457 0
      vertex 4.2 -9 0
      vertex 4.2 -21 0
    endloop
  endfacet
  facet normal 0 0 -1
    outer loop
      vertex 5.565685424949238 -8.434314575050761 0
      vertex 8.365317327767013 -8.512990856793024 0
      vertex 5.634682672232988 -8.512990856793024 0
    endloop
  endfacet
  facet normal 0 0 -1
    outer loop
      vertex 5.634682672232988 -8.512990856793024 0
      vertex 8.30717967697245 -8.6 0
      vertex 5.692820323027551 -8.6 0
    endloop
  endfacet
  facet normal 0 0 -1
    outer loop
      vertex 5.73910362600903 -8.693853254107928 0
      vertex 5.692820323027551 -8.6 0
      vertex 8.26089637399097 -8.693853254107928 0
    endloop
  endfacet
  facet normal 0 0 -1
    outer loop
      vertex 5.772740661031254 -8.792944763917983 0
      vertex 5.73910362600903 -8.693853254107928 0
      vertex 8.227259338968745 -8.792944763917983 0
    endloop
  endfacet
  facet normal 0 0 -1
    outer loop
      vertex 5.772740661031254 -8.792944763917983 0
      vertex 8.206844110900951 -8.89557904622396 0
      vertex 5.793155889099048 -8.89557904622396 0
    endloop
  endfacet
  facet normal 0 0 -1
    outer loop
      vertex 5.8 -9 0
      vertex 5.793155889099048 -8.89557904622396 0
      vertex 8.2 -9 0
    endloop
  endfacet
  facet normal 0 0 -1
    outer loop
      vertex 3.6854562643354773 -1.7781054732259123 0
      vertex 9.306146745892072 -8.26089637399097 0
      vertex 9.207055236082017 -8.227259338968745 0
    endloop
  endfacet
  facet normal 0 0 -1
    outer loop
      vertex 3.6854562643354773 -1.7781054732259123 0
      vertex 9.4 -8.30717967697245 0
      vertex 9.306146745892072 -8.26089637399097 0
    endloop
  endfacet
  facet normal 0 0 -1
    outer loop
      vertex 3.6854562643354773 -1.7781054732259123 0
      vertex 9.487009143206976 -8.365317327767013 0
      vertex 9.4 -8.30717967697245 0
    endloop
  endfacet
  facet normal 0 0 -1
    outer loop
      vertex 3.6854562643354773 -1.7781054732259123 0
      vertex 9.565685424949239 -8.434314575050761 0
      vertex 9.487009143206976 -8.365317327767013 0
    endloop
  endfacet
  facet normal 0 0 -1
    outer loop
      vertex 3.6854562643354773 -1.7781054732259123 0
      vertex 12.434314575050761 -8.434314575050761 0
      vertex 9.565685424949239 -8.434314575050761 0
    endloop
  endfacet
  facet normal 0 0 -1
    outer loop
      vertex 3.6854562643354773 -1.7781054732259123 0
      vertex 12.512990856793024 -8.365317327767013 0
      vertex 12.434314575050761 -8.434314575050761 0
    endloop
  endfacet
  facet normal 0 0 -1
    outer loop
      vertex 3.6854562643354773 -1.7781054732259123 0
      vertex 12.693853254107928 -8.26089637399097 0
      vertex 12.6 -8.30717967697245 0
    endloop
  endfacet
  facet normal 0 0 -1
    outer loop
      vertex 3.6854562643354773 -1.7781054732259123 0
      vertex 12.6 -8.30717967697245 0
      vertex 12.512990856793024 -8.365317327767013 0
    endloop
  endfacet
  facet normal 0 0 -1
    outer loop
      vertex 3.642073904691416 -1.5600076233257147 0
      vertex 13 -8.2 0
      vertex 12.89557904622396 -8.206844110900951 0
    endloop
  endfacet
  facet normal 0 0 -1
    outer loop
      vertex 3.6854562643354773 -1.7781054732259123 0
      vertex 12.792944763917983 -8.227259338968745 0
      vertex 12.693853254107928 -8.26089637399097 0
    endloop
  endfacet
  facet normal 0 0 -1
    outer loop
      vertex 3.6854562643354773 -1.7781054732259123 0
      vertex 12.89557904622396 -8.206844110900951 0
      vertex 12.792944763917983 -8.227259338968745 0
    endloop
  endfacet
  facet normal 0 0 -1
    outer loop
      vertex 5.634682672232988 -8.512990856793024 0
      vertex 8.365317327767013 -8.512990856793024 0
      vertex 8.30717967697245 -8.6 0
    endloop
  endfacet
  facet normal 0 0 -1
    outer loop
      vertex 5.565685424949238 -8.434314575050761 0
      vertex 8.434314575050761 -8.434314575050761 0
      vertex 8.365317327767013 -8.512990856793024 0
    endloop
  endfacet
  facet normal 0 0 -1
    outer loop
      vertex 8.26089637399097 -8.693853254107928 0
      vertex 5.692820323027551 -8.6 0
      vertex 8.30717967697245 -8.6 0
    endloop
  endfacet
  facet normal 0 0 -1
    outer loop
      vertex 5.73910362600903 -8.693853254107928 0
      vertex 8.26089637399097 -8.693853254107928 0
      vertex 8.227259338968745 -8.792944763917983 0
    endloop
  endfacet
  facet normal 0 0 -1
    outer loop
      vertex 5.772740661031254 -8.792944763917983 0
      vertex 8.227259338968745 -8.792944763917983 0
      vertex 8.206844110900951 -8.89557904622396 0
    endloop
  endfacet
  facet normal 0 0 -1
    outer loop
      vertex 8.2 -9 0
      vertex 5.793155889099048 -8.89557904622396 0
      vertex 8.206844110900951 -8.89557904622396 0
    endloop
  endfacet
  facet normal 0 0 -1
    outer loop
      vertex 9.565685424949239 -8.434314575050761 0
      vertex 12.365317327767013 -8.512990856793024 0
      vertex 9.634682672232987 -8.512990856793024 0
    endloop
  endfacet
  facet normal 0 0 -1
    outer loop
      vertex 9.634682672232987 -8.512990856793024 0
      vertex 12.30717967697245 -8.6 0
      vertex 9.69282032302755 -8.6 0
    endloop
  endfacet
  facet normal 0 0 -1
    outer loop
      vertex 9.73910362600903 -8.693853254107928 0
      vertex 9.69282032302755 -8.6 0
      vertex 12.26089637399097 -8.693853254107928 0
    endloop
  endfacet
  facet normal 0 0 -1
    outer loop
      vertex 9.772740661031255 -8.792944763917983 0
      vertex 9.73910362600903 -8.693853254107928 0
      vertex 12.227259338968745 -8.792944763917983 0
    endloop
  endfacet
  facet normal 0 0 -1
    outer loop
      vertex 9.772740661031255 -8.792944763917983 0
      vertex 12.206844110900951 -8.89557904622396 0
      vertex 9.793155889099049 -8.89557904622396 0
    endloop
  endfacet
  facet normal 0 0 -1
    outer loop
      vertex 9.8 -9 0
      vertex 9.793155889099049 -8.89557904622396 0
      vertex 12.2 -9 0
    endloop
  endfacet
  facet normal 0 0 -1
    outer loop
      vertex 9.565685424949239 -8.434314575050761 0
      vertex 12.434314575050761 -8.434314575050761 0
      vertex 12.365317327767013 -8.512990856793024 0
    endloop
  endfacet
  facet normal 0 0 -1
    outer loop
      vertex 9.634682672232987 -8.512990856793024 0
      vertex 12.365317327767013 -8.512990856793024 0
      vertex 12.30717967697245 -8.6 0
    endloop
  endfacet
  facet normal 0 0 -1
    outer loop
      vertex 12.26089637399097 -8.693853254107928 0
      vertex 9.69282032302755 -8.6 0
      vertex 12.30717967697245 -8.6 0
    endloop
  endfacet
  facet normal 0 0 -1
    outer loop
      vertex 12.227259338968745 -8.792944763917983 0
      vertex 9.73910362600903 -8.693853254107928 0
      vertex 12.26089637399097 -8.693853254107928 0
    endloop
  endfacet
  facet normal 0 0 -1
    outer loop
      vertex 9.772740661031255 -8.792944763917983 0
      vertex 12.227259338968745 -8.792944763917983 0
      vertex 12.206844110900951 -8.89557904622396 0
    endloop
  endfacet
  facet normal 0 0 -1
    outer loop
      vertex 12.2 -9 0
      vertex 9.793155889099049 -8.89557904622396 0
      vertex 12.206844110900951 -8.89557904622396 0
    endloop
  endfacet
  facet normal 0 0 -1
    outer loop
      vertex 13.565685424949239 -8.434314575050761 0
      vertex 13.487009143206976 -8.365317327767013 0
      vertex 16.434314575050763 -8.434314575050761 0
    endloop
  endfacet
  facet normal 0 0 -1
    outer loop
      vertex 13.565685424949239 -8.434314575050761 0
      vertex 16.365317327767013 -8.512990856793024 0
      vertex 13.634682672232987 -8.512990856793024 0
    endloop
  endfacet
  facet normal 0 0 -1
    outer loop
      vertex 13.634682672232987 -8.512990856793024 0
      vertex 16.30717967697245 -8.6 0
      vertex 13.69282032302755 -8.6 0
    endloop
  endfacet
  facet normal 0 0 -1
    outer loop
      vertex 13.73910362600903 -8.693853254107928 0
      vertex 13.69282032302755 -8.6 0
      vertex 16.26089637399097 -8.693853254107928 0
    endloop
  endfacet
  facet normal 0 0 -1
    outer loop
      vertex 13.772740661031255 -8.792944763917983 0
      vertex 13.73910362600903 -8.693853254107928 0
      vertex 16.227259338968747 -8.792944763917983 0
    endloop
  endfacet
  facet normal 0 0 -1
    outer loop
      vertex 13.772740661031255 -8.792944763917983 0
      vertex 16.206844110900953 -8.89557904622396 0
      vertex 13.793155889099049 -8.89557904622396 0
    endloop
  endfacet
  facet normal 0 0 -1
    outer loop
      vertex 13.8 -9 0
      vertex 13.793155889099049 -8.89557904622396 0
      vertex 16.2 -9 0
    endloop
  endfacet
  facet normal 0 0 -1
    outer loop
      vertex 16.434314575050763 -8.434314575050761 0
      vertex 13.487009143206976 -8.365317327767013 0
      vertex 16.512990856793024 -8.365317327767013 0
    endloop
  endfacet
  facet normal 0 0 -1
    outer loop
      vertex 16.6 -8.30717967697245 0
      vertex 16.512990856793024 -8.365317327767013 0
      vertex 13.487009143206976 -8.365317327767013 0
    endloop
  endfacet
  facet normal 0 0 -1
    outer loop
      vertex 13.565685424949239 -8.434314575050761 0
      vertex 16.434314575050763 -8.434314575050761 0
      vertex 16.365317327767013 -8.512990856793024 0
    endloop
  endfacet
  facet normal 0 0 -1
    outer loop
      vertex 13.634682672232987 -8.512990856793024 0
      vertex 16.365317327767013 -8.512990856793024 0
      vertex 16.30717967697245 -8.6 0
    endloop
  endfacet
  facet normal 0 0 -1
    outer loop
      vertex 16.26089637399097 -8.693853254107928 0
      vertex 13.69282032302755 -8.6 0
      vertex 16.30717967697245 -8.6 0
    endloop
  endfacet
  facet normal 0 0 -1
    outer loop
      vertex 16.227259338968747 -8.792944763917983 0
      vertex 13.73910362600903 -8.693853254107928 0
      vertex 16.26089637399097 -8.693853254107928 0
    endloop
  endfacet
  facet normal 0 0 -1
    outer loop
      vertex 13.772740661031255 -8.792944763917983 0
      vertex 16.227259338968747 -8.792944763917983 0
      vertex 16.206844110900953 -8.89557904622396 0
    endloop
  endfacet
  facet normal 0 0 -1
    outer loop
      vertex 16.2 -9 0
      vertex 13.793155889099049 -8.89557904622396 0
      vertex 16.206844110900953 -8.89557904622396 0
    endloop
  endfacet
  facet normal 0 0 -1
    outer loop
      vertex 16.6 -8.30717967697245 0
      vertex 13.487009143206976 -8.365317327767013 0
      vertex 16.69385325410793 -8.26089637399097 0
    endloop
  endfacet
  facet normal 0 0 -1
    outer loop
      vertex 16.792944763917983 -8.227259338968745 0
      vertex 16.69385325410793 -8.26089637399097 0
      vertex 13.487009143206976 -8.365317327767013 0
    endloop
  endfacet
  facet normal 0 0 -1
    outer loop
      vertex 17 -8.2 0
      vertex 16.895579046223958 -8.206844110900951 0
      vertex 13.487009143206976 -8.365317327767013 0
    endloop
  endfacet
  facet normal 0 0 -1
    outer loop
      vertex 16.792944763917983 -8.227259338968745 0
      vertex 13.487009143206976 -8.365317327767013 0
      vertex 16.895579046223958 -8.206844110900951 0
    endloop
  endfacet
  facet normal 0 0 1
    outer loop
      vertex -0.826284287026162 1.3800600208737057 2
      vertex 0.25 -33 2
      vertex 0.25 -5.5873879716455805 2
    endloop
  endfacet
  facet normal 0 0 1
    outer loop
      vertex 1.45 -5.960230739034601 2
      vertex 4.2 -21 2
      vertex 4.2 -9 2
    endloop
  endfacet
  facet normal 0 0 1
    outer loop
      vertex 5.8 -9 2
      vertex 5.8 -21 2
      vertex 8.2 -9 2
    endloop
  endfacet
  facet normal 0 0 1
    outer loop
      vertex 1.45 -5.960230739034601 2
      vertex 1.45 -33 2
      vertex 4.2 -21 2
    endloop
  endfacet
  facet normal 0 0 1
    outer loop
      vertex -2 -1 2
      vertex -1.8 -33 2
      vertex 0.25 -33 2
    endloop
  endfacet
  facet normal 0 0 1
    outer loop
      vertex 5.8 -21 2
      vertex 5.793155889099048 -21.104420953776042 2
      vertex 8.2 -21 2
    endloop
  endfacet
  facet normal 0 0 1
    outer loop
      vertex 5.793155889099048 -21.104420953776042 2
      vertex 5.772740661031254 -21.207055236082017 2
      vertex 8.206844110900951 -21.104420953776042 2
    endloop
  endfacet
  facet normal 0 0 1
    outer loop
      vertex 5.565685424949238 -21.565685424949237 2
      vertex 5.4870091432069765 -21.634682672232987 2
      vertex 8.434314575050761 -21.565685424949237 2
    endloop
  endfacet
  facet normal 0 0 1
    outer loop
      vertex 8.227259338968745 -21.207055236082017 2
      vertex 5.772740661031254 -21.207055236082017 2
      vertex 5.73910362600903 -21.30614674589207 2
    endloop
  endfacet
  facet normal 0 0 1
    outer loop
      vertex 5.73910362600903 -21.30614674589207 2
      vertex 5.692820323027551 -21.4 2
      vertex 8.26089637399097 -21.30614674589207 2
    endloop
  endfacet
  facet normal 0 0 1
    outer loop
      vertex 5.692820323027551 -21.4 2
      vertex 5.634682672232988 -21.487009143206976 2
      vertex 8.30717967697245 -21.4 2
    endloop
  endfacet
  facet normal 0 0 1
    outer loop
      vertex 5.634682672232988 -21.487009143206976 2
      vertex 5.565685424949238 -21.565685424949237 2
      vertex 8.365317327767013 -21.487009143206976 2
    endloop
  endfacet
  facet normal 0 0 1
    outer loop
      vertex 9.8 -9 2
      vertex 9.8 -21 2
      vertex 12.2 -9 2
    endloop
  endfacet
  facet normal 0 0 1
    outer loop
      vertex 5.8 -21 2
      vertex 8.2 -21 2
      vertex 8.2 -9 2
    endloop
  endfacet
  facet normal 0 0 1
    outer loop
      vertex 9.8 -21 2
      vertex 12.2 -21 2
      vertex 12.2 -9 2
    endloop
  endfacet
  facet normal 0 0 1
    outer loop
      vertex 13.8 -9 2
      vertex 13.8 -21 2
      vertex 16.2 -9 2
    endloop
  endfacet
  facet normal 0 0 1
    outer loop
      vertex 13.8 -21 2
      vertex 16.2 -21 2
      vertex 16.2 -9 2
    endloop
  endfacet
  facet normal 0 0 1
    outer loop
      vertex 5.793155889099048 -21.104420953776042 2
      vertex 8.206844110900951 -21.104420953776042 2
      vertex 8.2 -21 2
    endloop
  endfacet
  facet normal 0 0 1
    outer loop
      vertex 5.772740661031254 -21.207055236082017 2
      vertex 8.227259338968745 -21.207055236082017 2
      vertex 8.206844110900951 -21.104420953776042 2
    endloop
  endfacet
  facet normal 0 0 1
    outer loop
      vertex 5.73910362600903 -21.30614674589207 2
      vertex 8.26089637399097 -21.30614674589207 2
      vertex 8.227259338968745 -21.207055236082017 2
    endloop
  endfacet
  facet normal 0 0 1
    outer loop
      vertex 8.30717967697245 -21.4 2
      vertex 8.26089637399097 -21.30614674589207 2
      vertex 5.692820323027551 -21.4 2
    endloop
  endfacet
  facet normal 0 0 1
    outer loop
      vertex 5.634682672232988 -21.487009143206976 2
      vertex 8.365317327767013 -21.487009143206976 2
      vertex 8.30717967697245 -21.4 2
    endloop
  endfacet
  facet normal 0 0 1
    outer loop
      vertex 8.365317327767013 -21.487009143206976 2
      vertex 5.565685424949238 -21.565685424949237 2
      vertex 8.434314575050761 -21.565685424949237 2
    endloop
  endfacet
  facet normal 0 0 1
    outer loop
      vertex 5.4870091432069765 -21.634682672232987 2
      vertex 8.512990856793024 -21.634682672232987 2
      vertex 8.434314575050761 -21.565685424949237 2
    endloop
  endfacet
  facet normal 0 0 1
    outer loop
      vertex 9.772740661031255 -21.207055236082017 2
      vertex 12.206844110900951 -21.104420953776042 2
      vertex 9.793155889099049 -21.104420953776042 2
    endloop
  endfacet
  facet normal 0 0 1
    outer loop
      vertex 9.8 -21 2
      vertex 9.793155889099049 -21.104420953776042 2
      vertex 12.2 -21 2
    endloop
  endfacet
  facet normal 0 0 1
    outer loop
      vertex 12.227259338968745 -21.207055236082017 2
      vertex 9.772740661031255 -21.207055236082017 2
      vertex 9.73910362600903 -21.30614674589207 2
    endloop
  endfacet
  facet normal 0 0 1
    outer loop
      vertex 9.73910362600903 -21.30614674589207 2
      vertex 9.69282032302755 -21.4 2
      vertex 12.26089637399097 -21.30614674589207 2
    endloop
  endfacet
  facet normal 0 0 1
    outer loop
      vertex 9.634682672232987 -21.487009143206976 2
      vertex 9.565685424949239 -21.565685424949237 2
      vertex 12.365317327767013 -21.487009143206976 2
    endloop
  endfacet
  facet normal 0 0 1
    outer loop
      vertex 9.69282032302755 -21.4 2
      vertex 9.634682672232987 -21.487009143206976 2
      vertex 12.30717967697245 -21.4 2
    endloop
  endfacet
  facet normal 0 0 1
    outer loop
      vertex 9.565685424949239 -21.565685424949237 2
      vertex 9.487009143206976 -21.634682672232987 2
      vertex 12.434314575050761 -21.565685424949237 2
    endloop
  endfacet
  facet normal 0 0 1
    outer loop
      vertex 9.793155889099049 -21.104420953776042 2
      vertex 12.206844110900951 -21.104420953776042 2
      vertex 12.2 -21 2
    endloop
  endfacet
  facet normal 0 0 1
    outer loop
      vertex 9.772740661031255 -21.207055236082017 2
      vertex 12.227259338968745 -21.207055236082017 2
      vertex 12.206844110900951 -21.104420953776042 2
    endloop
  endfacet
  facet normal 0 0 1
    outer loop
      vertex 12.227259338968745 -21.207055236082017 2
      vertex 9.73910362600903 -21.30614674589207 2
      vertex 12.26089637399097 -21.30614674589207 2
    endloop
  endfacet
  facet normal 0 0 1
    outer loop
      vertex 9.69282032302755 -21.4 2
      vertex 12.30717967697245 -21.4 2
      vertex 12.26089637399097 -21.30614674589207 2
    endloop
  endfacet
  facet normal 0 0 1
    outer loop
      vertex 9.634682672232987 -21.487009143206976 2
      vertex 12.365317327767013 -21.487009143206976 2
      vertex 12.30717967697245 -21.4 2
    endloop
  endfacet
  facet normal 0 0 1
    outer loop
      vertex 12.365317327767013 -21.487009143206976 2
      vertex 9.565685424949239 -21.565685424949237 2
      vertex 12.434314575050761 -21.565685424949237 2
    endloop
  endfacet
  facet normal 0 0 1
    outer loop
      vertex 9.487009143206976 -21.634682672232987 2
      vertex 12.512990856793024 -21.634682672232987 2
      vertex 12.434314575050761 -21.565685424949237 2
    endloop
  endfacet
  facet normal 0 0 1
    outer loop
      vertex 9.4 -21.69282032302755 2
      vertex 12.512990856793024 -21.634682672232987 2
      vertex 9.487009143206976 -21.634682672232987 2
    endloop
  endfacet
  facet normal 0 0 1
    outer loop
      vertex 9.4 -21.69282032302755 2
      vertex 12.6 -21.69282032302755 2
      vertex 12.512990856793024 -21.634682672232987 2
    endloop
  endfacet
  facet normal 0 0 1
    outer loop
      vertex 13.8 -21 2
      vertex 13.793155889099049 -21.104420953776042 2
      vertex 16.2 -21 2
    endloop
  endfacet
  facet normal 0 0 1
    outer loop
      vertex 13.793155889099049 -21.104420953776042 2
      vertex 13.772740661031255 -21.207055236082017 2
      vertex 16.206844110900953 -21.104420953776042 2
    endloop
  endfacet
  facet normal 0 0 1
    outer loop
      vertex 13.73910362600903 -21.30614674589207 2
      vertex 16.227259338968747 -21.207055236082017 2
      vertex 13.772740661031255 -21.207055236082017 2
    endloop
  endfacet
  facet normal 0 0 1
    outer loop
      vertex 13.73910362600903 -21.30614674589207 2
      vertex 13.69282032302755 -21.4 2
      vertex 16.26089637399097 -21.30614674589207 2
    endloop
  endfacet
  facet normal 0 0 1
    outer loop
      vertex 13.634682672232987 -21.487009143206976 2
      vertex 16.30717967697245 -21.4 2
      vertex 13.69282032302755 -21.4 2
    endloop
  endfacet
  facet normal 0 0 1
    outer loop
      vertex 13.634682672232987 -21.487009143206976 2
      vertex 13.565685424949239 -21.565685424949237 2
      vertex 16.365317327767013 -21.487009143206976 2
    endloop
  endfacet
  facet normal 0 0 1
    outer loop
      vertex 13.565685424949239 -21.565685424949237 2
      vertex 13.487009143206976 -21.634682672232987 2
      vertex 16.434314575050763 -21.565685424949237 2
    endloop
  endfacet
  facet normal 0 0 1
    outer loop
      vertex 13.793155889099049 -21.104420953776042 2
      vertex 16.206844110900953 -21.104420953776042 2
      vertex 16.2 -21 2
    endloop
  endfacet
  facet normal 0 0 1
    outer loop
      vertex 13.772740661031255 -21.207055236082017 2
      vertex 16.227259338968747 -21.207055236082017 2
      vertex 16.206844110900953 -21.104420953776042 2
    endloop
  endfacet
  facet normal 0 0 1
    outer loop
      vertex 16.227259338968747 -21.207055236082017 2
      vertex 13.73910362600903 -21.30614674589207 2
      vertex 16.26089637399097 -21.30614674589207 2
    endloop
  endfacet
  facet normal 0 0 1
    outer loop
      vertex 13.69282032302755 -21.4 2
      vertex 16.30717967697245 -21.4 2
      vertex 16.26089637399097 -21.30614674589207 2
    endloop
  endfacet
  facet normal 0 0 1
    outer loop
      vertex 13.634682672232987 -21.487009143206976 2
      vertex 16.365317327767013 -21.487009143206976 2
      vertex 16.30717967697245 -21.4 2
    endloop
  endfacet
  facet normal 0 0 1
    outer loop
      vertex 16.365317327767013 -21.487009143206976 2
      vertex 13.565685424949239 -21.565685424949237 2
      vertex 16.434314575050763 -21.565685424949237 2
    endloop
  endfacet
  facet normal 0 0 1
    outer loop
      vertex 13.487009143206976 -21.634682672232987 2
      vertex 16.512990856793024 -21.634682672232987 2
      vertex 16.434314575050763 -21.565685424949237 2
    endloop
  endfacet
  facet normal 0 0 1
    outer loop
      vertex 13.4 -21.69282032302755 2
      vertex 16.512990856793024 -21.634682672232987 2
      vertex 13.487009143206976 -21.634682672232987 2
    endloop
  endfacet
  facet normal 0 0 1
    outer loop
      vertex 16.6 -21.69282032302755 2
      vertex 13.4 -21.69282032302755 2
      vertex 13.306146745892072 -21.73910362600903 2
    endloop
  endfacet
  facet normal 0 0 1
    outer loop
      vertex 13.4 -21.69282032302755 2
      vertex 16.6 -21.69282032302755 2
      vertex 16.512990856793024 -21.634682672232987 2
    endloop
  endfacet
  facet normal 0 0 1
    outer loop
      vertex 16.6 -21.69282032302755 2
      vertex 13.306146745892072 -21.73910362600903 2
      vertex 16.69385325410793 -21.73910362600903 2
    endloop
  endfacet
  facet normal -1 0 0
    outer loop
      vertex -2 -1 2
      vertex -2 -1 0
      vertex -2 -49 0
    endloop
  endfacet
  facet normal 0 0 -1
    outer loop
      vertex -0.826284287026162 1.3800600208737057 0
      vertex -2 -49 0
      vertex -2 -1 0
    endloop
  endfacet
  facet normal 0 0 -1
    outer loop
      vertex -0.826284287026162 1.3800600208737057 0
      vertex 0.30000000000000004 -2 0
      vertex -0.826284287026162 -51.38006002087371 0
    endloop
  endfacet
  facet normal 0 0 -1
    outer loop
      vertex 5.8 -9 0
      vertex 8.2 -21 0
      vertex 5.8 -21 0
    endloop
  endfacet
  facet normal 0 0 -1
    outer loop
      vertex -0.826284287026162 -51.38006002087371 0
      vertex 0.30000000000000004 -2 0
      vertex 0.31454373566452243 -2.2218945267740877 0
    endloop
  endfacet
  facet normal 0 0 -1
    outer loop
      vertex -0.826284287026162 -51.38006002087371 0
      vertex 0.31454373566452243 -2.2218945267740877 0
      vertex 0.3579260953085839 -2.4399923766742853 0
    endloop
  endfacet
  facet normal 0 0 -1
    outer loop
      vertex -0.826284287026162 -51.38006002087371 0
      vertex 0.3579260953085839 -2.4399923766742853 0
      vertex 0.4294047947308126 -2.6505618350206523 0
    endloop
  endfacet
  facet normal 0 0 -1
    outer loop
      vertex -0.826284287026162 -51.38006002087371 0
      vertex 0.4294047947308126 -2.6505618350206523 0
      vertex 0.5277568135664543 -2.85 0
    endloop
  endfacet
  facet normal 0 0 -1
    outer loop
      vertex 5.793155889099048 -21.104420953776042 0
      vertex 5.8 -21 0
      vertex 8.206844110900951 -21.104420953776042 0
    endloop
  endfacet
  facet normal 0 0 -1
    outer loop
      vertex 5.793155889099048 -21.104420953776042 0
      vertex 8.227259338968745 -21.207055236082017 0
      vertex 5.772740661031254 -21.207055236082017 0
    endloop
  endfacet
  facet normal 0 0 -1
    outer loop
      vertex 5.73910362600903 -21.30614674589207 0
      vertex 5.772740661031254 -21.207055236082017 0
      vertex 8.26089637399097 -21.30614674589207 0
    endloop
  endfacet
  facet normal 0 0 -1
    outer loop
      vertex 5.73910362600903 -21.30614674589207 0
      vertex 8.30717967697245 -21.4 0
      vertex 5.692820323027551 -21.4 0
    endloop
  endfacet
  facet normal 0 0 -1
    outer loop
      vertex 5.8 -9 0
      vertex 8.2 -9 0
      vertex 8.2 -21 0
    endloop
  endfacet
  facet normal 0 0 -1
    outer loop
      vertex 9.8 -9 0
      vertex 12.2 -9 0
      vertex 12.2 -21 0
    endloop
  endfacet
  facet normal 0 0 -1
    outer loop
      vertex 9.8 -9 0
      vertex 12.2 -21 0
      vertex 9.8 -21 0
    endloop
  endfacet
  facet normal 0 0 -1
    outer loop
      vertex 16.2 -21 0
      vertex 13.8 -9 0
      vertex 16.2 -9 0
    endloop
  endfacet
  facet normal 0 0 -1
    outer loop
      vertex 16.2 -21 0
      vertex 13.8 -21 0
      vertex 13.8 -9 0
    endloop
  endfacet
  facet normal 0 0 -1
    outer loop
      vertex 5.8 -21 0
      vertex 8.2 -21 0
      vertex 8.206844110900951 -21.104420953776042 0
    endloop
  endfacet
  facet normal 0 0 -1
    outer loop
      vertex 5.793155889099048 -21.104420953776042 0
      vertex 8.206844110900951 -21.104420953776042 0
      vertex 8.227259338968745 -21.207055236082017 0
    endloop
  endfacet
  facet normal 0 0 -1
    outer loop
      vertex 8.26089637399097 -21.30614674589207 0
      vertex 5.772740661031254 -21.207055236082017 0
      vertex 8.227259338968745 -21.207055236082017 0
    endloop
  endfacet
  facet normal 0 0 -1
    outer loop
      vertex 5.73910362600903 -21.30614674589207 0
      vertex 8.26089637399097 -21.30614674589207 0
      vertex 8.30717967697245 -21.4 0
    endloop
  endfacet
  facet normal 0 0 -1
    outer loop
      vertex 8.30717967697245 -21.4 0
      vertex 8.365317327767013 -21.487009143206976 0
      vertex 5.692820323027551 -21.4 0
    endloop
  endfacet
  facet normal 0 0 -1
    outer loop
      vertex 9.793155889099049 -21.104420953776042 0
      vertex 9.8 -21 0
      vertex 12.206844110900951 -21.104420953776042 0
    endloop
  endfacet
  facet normal 0 0 -1
    outer loop
      vertex 9.793155889099049 -21.104420953776042 0
      vertex 12.227259338968745 -21.207055236082017 0
      vertex 9.772740661031255 -21.207055236082017 0
    endloop
  endfacet
  facet normal 0 0 -1
    outer loop
      vertex 9.73910362600903 -21.30614674589207 0
      vertex 9.772740661031255 -21.207055236082017 0
      vertex 12.26089637399097 -21.30614674589207 0
    endloop
  endfacet
  facet normal 0 0 -1
    outer loop
      vertex 9.73910362600903 -21.30614674589207 0
      vertex 12.30717967697245 -21.4 0
      vertex 9.69282032302755 -21.4 0
    endloop
  endfacet
  facet normal 0 0 -1
    outer loop
      vertex 9.8 -21 0
      vertex 12.2 -21 0
      vertex 12.206844110900951 -21.104420953776042 0
    endloop
  endfacet
  facet normal 0 0 -1
    outer loop
      vertex 9.793155889099049 -21.104420953776042 0
      vertex 12.206844110900951 -21.104420953776042 0
      vertex 12.227259338968745 -21.207055236082017 0
    endloop
  endfacet
  facet normal 0 0 -1
    outer loop
      vertex 12.26089637399097 -21.30614674589207 0
      vertex 9.772740661031255 -21.207055236082017 0
      vertex 12.227259338968745 -21.207055236082017 0
    endloop
  endfacet
  facet normal 0 0 -1
    outer loop
      vertex 9.73910362600903 -21.30614674589207 0
      vertex 12.26089637399097 -21.30614674589207 0
      vertex 12.30717967697245 -21.4 0
    endloop
  endfacet
  facet normal 0 0 -1
    outer loop
      vertex 13.793155889099049 -21.104420953776042 0
      vertex 13.8 -21 0
      vertex 16.206844110900953 -21.104420953776042 0
    endloop
  endfacet
  facet normal 0 0 -1
    outer loop
      vertex 13.793155889099049 -21.104420953776042 0
      vertex 16.227259338968747 -21.207055236082017 0
      vertex 13.772740661031255 -21.207055236082017 0
    endloop
  endfacet
  facet normal 0 0 -1
    outer loop
      vertex 13.73910362600903 -21.30614674589207 0
      vertex 13.772740661031255 -21.207055236082017 0
      vertex 16.26089637399097 -21.30614674589207 0
    endloop
  endfacet
  facet normal 0 0 -1
    outer loop
      vertex 13.73910362600903 -21.30614674589207 0
      vertex 16.30717967697245 -21.4 0
      vertex 13.69282032302755 -21.4 0
    endloop
  endfacet
  facet normal 0 0 -1
    outer loop
      vertex 16.2 -21 0
      vertex 16.206844110900953 -21.104420953776042 0
      vertex 13.8 -21 0
    endloop
  endfacet
  facet normal 0 0 -1
    outer loop
      vertex 13.793155889099049 -21.104420953776042 0
      vertex 16.206844110900953 -21.104420953776042 0
      vertex 16.227259338968747 -21.207055236082017 0
    endloop
  endfacet
  facet normal 0 0 -1
    outer loop
      vertex 16.26089637399097 -21.30614674589207 0
      vertex 13.772740661031255 -21.207055236082017 0
      vertex 16.227259338968747 -21.207055236082017 0
    endloop
  endfacet
  facet normal 0 0 -1
    outer loop
      vertex 13.73910362600903 -21.30614674589207 0
      vertex 16.26089637399097 -21.30614674589207 0
      vertex 16.30717967697245 -21.4 0
    endloop
  endfacet
  facet normal 0 0 1
    outer loop
      vertex -0.826284287026162 1.3800600208737057 2
      vertex 5.5873879716455805 -0.25 2
      vertex 65.41261202835442 -0.25 2
    endloop
  endfacet
  facet normal 0 0 1
    outer loop
      vertex -0.826284287026162 1.3800600208737057 2
      vertex 71.82628428702616 1.3800600208737057 2
      vertex 1 2 2
    endloop
  endfacet
  facet normal 0 0 1
    outer loop
      vertex 5.960230739034601 -1.45 2
      vertex 1.45 -5.960230739034601 2
      vertex 65.0397692609654 -1.45 2
    endloop
  endfacet
  facet normal 0 1 0
    outer loop
      vertex 1 2 2
      vertex 70 2 2
      vertex 1 2 0
    endloop
  endfacet
  facet normal 0 0 1
    outer loop
      vertex 1.45 -5.960230739034601 2
      vertex 4.895579046223959 -8.206844110900951 2
      vertex 65.0397692609654 -1.45 2
    endloop
  endfacet
  facet normal 0 0 1
    outer loop
      vertex 65.0397692609654 -1.45 2
      vertex 4.895579046223959 -8.206844110900951 2
      vertex 5 -8.2 2
    endloop
  endfacet
  facet normal 0 0 1
    outer loop
      vertex 65.0397692609654 -1.45 2
      vertex 5 -8.2 2
      vertex 5.104420953776041 -8.206844110900951 2
    endloop
  endfacet
  facet normal 0 0 1
    outer loop
      vertex 65.0397692609654 -1.45 2
      vertex 5.104420953776041 -8.206844110900951 2
      vertex 5.207055236082017 -8.227259338968745 2
    endloop
  endfacet
  facet normal 0 0 1
    outer loop
      vertex 65.0397692609654 -1.45 2
      vertex 5.207055236082017 -8.227259338968745 2
      vertex 5.306146745892072 -8.26089637399097 2
    endloop
  endfacet
  facet normal 0 0 1
    outer loop
      vertex 65.0397692609654 -1.45 2
      vertex 5.306146745892072 -8.26089637399097 2
      vertex 5.4 -8.30717967697245 2
    endloop
  endfacet
  facet normal 0 0 1
    outer loop
      vertex 65.0397692609654 -1.45 2
      vertex 5.4 -8.30717967697245 2
      vertex 5.4870091432069765 -8.365317327767013 2
    endloop
  endfacet
  facet normal 0 0 1
    outer loop
      vertex 65.0397692609654 -1.45 2
      vertex 5.4870091432069765 -8.365317327767013 2
      vertex 5.565685424949238 -8.434314575050761 2
    endloop
  endfacet
  facet normal 0 0 1
    outer loop
      vertex 65.0397692609654 -1.45 2
      vertex 5.565685424949238 -8.434314575050761 2
      vertex 8.89557904622396 -8.206844110900951 2
    endloop
  endfacet
  facet normal 0 0 1
    outer loop
      vertex 65.0397692609654 -1.45 2
      vertex 8.89557904622396 -8.206844110900951 2
      vertex 9 -8.2 2
    endloop
  endfacet
  facet normal 0 0 1
    outer loop
      vertex 65.0397692609654 -1.45 2
      vertex 9 -8.2 2
      vertex 9.10442095377604 -8.206844110900951 2
    endloop
  endfacet
  facet normal 0 0 1
    outer loop
      vertex 65.0397692609654 -1.45 2
      vertex 9.10442095377604 -8.206844110900951 2
      vertex 12.89557904622396 -8.206844110900951 2
    endloop
  endfacet
  facet normal 0 0 1
    outer loop
      vertex 65.0397692609654 -1.45 2
      vertex 12.89557904622396 -8.206844110900951 2
      vertex 13 -8.2 2
    endloop
  endfacet
  facet normal 0 0 1
    outer loop
      vertex 65.0397692609654 -1.45 2
      vertex 13 -8.2 2
      vertex 17 -8.2 2
    endloop
  endfacet
  facet normal 0 0 1
    outer loop
      vertex 65.0397692609654 -1.45 2
      vertex 17 -8.2 2
      vertex 17.104420953776042 -8.206844110900951 2
    endloop
  endfacet
  facet normal 0 0 1
    outer loop
      vertex 65.0397692609654 -1.45 2
      vertex 17.104420953776042 -8.206844110900951 2
      vertex 17.207055236082017 -8.227259338968745 2
    endloop
  endfacet
  facet normal 0 0 1
    outer loop
      vertex 65.0397692609654 -1.45 2
      vertex 17.207055236082017 -8.227259338968745 2
      vertex 17.30614674589207 -8.26089637399097 2
    endloop
  endfacet
  facet normal 0 0 1
    outer loop
      vertex 65.0397692609654 -1.45 2
      vertex 17.30614674589207 -8.26089637399097 2
      vertex 17.4 -8.30717967697245 2
    endloop
  endfacet
  facet normal 0 0 1
    outer loop
      vertex 65.0397692609654 -1.45 2
      vertex 17.4 -8.30717967697245 2
      vertex 17.487009143206976 -8.365317327767013 2
    endloop
  endfacet
  facet normal 0 0 1
    outer loop
      vertex 65.0397692609654 -1.45 2
      vertex 17.487009143206976 -8.365317327767013 2
      vertex 17.565685424949237 -8.434314575050761 2
    endloop
  endfacet
  facet normal 0 0 1
    outer loop
      vertex 65.0397692609654 -1.45 2
      vertex 17.565685424949237 -8.434314575050761 2
      vertex 17.634682672232987 -8.512990856793024 2
    endloop
  endfacet
  facet normal 0 0 1
    outer loop
      vertex 65.0397692609654 -1.45 2
      vertex 17.634682672232987 -8.512990856793024 2
      vertex 17.69282032302755 -8.6 2
    endloop
  endfacet
  facet normal 0 0 1
    outer loop
      vertex 65.0397692609654 -1.45 2
      vertex 17.69282032302755 -8.6 2
      vertex 17.73910362600903 -8.693853254107928 2
    endloop
  endfacet
  facet normal 0 0 1
    outer loop
      vertex 65.0397692609654 -1.45 2
      vertex 17.73910362600903 -8.693853254107928 2
      vertex 17.772740661031253 -8.792944763917983 2
    endloop
  endfacet
  facet normal 0 0 1
    outer loop
      vertex 65.0397692609654 -1.45 2
      vertex 17.772740661031253 -8.792944763917983 2
      vertex 17.793155889099047 -8.89557904622396 2
    endloop
  endfacet
  facet normal 0 0 1
    outer loop
      vertex 65.0397692609654 -1.45 2
      vertex 17.793155889099047 -8.89557904622396 2
      vertex 17.8 -9 2
    endloop
  endfacet
  facet normal 0 0 1
    outer loop
      vertex 65.0397692609654 -1.45 2
      vertex 17.8 -9 2
      vertex 17.8 -21 2
    endloop
  endfacet
  facet normal 0 0 -1
    outer loop
      vertex -0.826284287026162 1.3800600208737057 0
      vertex 67.6512993215049 -3.034894429314825 0
      vertex 2 -0.30000000000000004 0
    endloop
  endfacet
  facet normal 0 0 -1
    outer loop
      vertex -0.826284287026162 1.3800600208737057 0
      vertex 1 2 0
      vertex 71.82628428702616 1.3800600208737057 0
    endloop
  endfacet
  facet normal 0 0 -1
    outer loop
      vertex 2.2218945267740877 -0.31454373566452243 0
      vertex 2 -0.30000000000000004 0
      vertex 67.6512993215049 -3.034894429314825 0
    endloop
  endfacet
  facet normal 0 0 -1
    outer loop
      vertex 2.4399923766742853 -0.3579260953085839 0
      vertex 2.2218945267740877 -0.31454373566452243 0
      vertex 67.6512993215049 -3.034894429314825 0
    endloop
  endfacet
  facet normal 0 0 -1
    outer loop
      vertex 2.6505618350206523 -0.4294047947308126 0
      vertex 2.4399923766742853 -0.3579260953085839 0
      vertex 67.6512993215049 -3.034894429314825 0
    endloop
  endfacet
  facet normal 0 0 -1
    outer loop
      vertex 2.85 -0.5277568135664543 0
      vertex 2.6505618350206523 -0.4294047947308126 0
      vertex 67.6512993215049 -3.034894429314825 0
    endloop
  endfacet
  facet normal 0 0 -1
    outer loop
      vertex 3.034894429314825 -0.6512993215049003 0
      vertex 2.85 -0.5277568135664543 0
      vertex 67.6512993215049 -3.034894429314825 0
    endloop
  endfacet
  facet normal 0 0 -1
    outer loop
      vertex 3.202081528017131 -0.7979184719828691 0
      vertex 3.034894429314825 -0.6512993215049003 0
      vertex 67.6512993215049 -3.034894429314825 0
    endloop
  endfacet
  facet normal 0 0 -1
    outer loop
      vertex 3.202081528017131 -0.7979184719828691 0
      vertex 67.6512993215049 -3.034894429314825 0
      vertex 3.3487006784950997 -0.965105570685175 0
    endloop
  endfacet
  facet normal 0 0 -1
    outer loop
      vertex 3.3487006784950997 -0.965105570685175 0
      vertex 67.6512993215049 -3.034894429314825 0
      vertex 3.4722431864335457 -1.15 0
    endloop
  endfacet
  facet normal 0 0 -1
    outer loop
      vertex 3.4722431864335457 -1.15 0
      vertex 67.6512993215049 -3.034894429314825 0
      vertex 3.5705952052691874 -1.3494381649793474 0
    endloop
  endfacet
  facet normal 0 0 -1
    outer loop
      vertex 3.5705952052691874 -1.3494381649793474 0
      vertex 67.6512993215049 -3.034894429314825 0
      vertex 13 -8.2 0
    endloop
  endfacet
  facet normal 0 0 -1
    outer loop
      vertex 13 -8.2 0
      vertex 67.6512993215049 -3.034894429314825 0
      vertex 13.10442095377604 -8.206844110900951 0
    endloop
  endfacet
  facet normal 0 0 -1
    outer loop
      vertex 13.207055236082017 -8.227259338968745 0
      vertex 13.10442095377604 -8.206844110900951 0
      vertex 67.6512993215049 -3.034894429314825 0
    endloop
  endfacet
  facet normal 0 0 -1
    outer loop
      vertex 13.306146745892072 -8.26089637399097 0
      vertex 13.207055236082017 -8.227259338968745 0
      vertex 67.6512993215049 -3.034894429314825 0
    endloop
  endfacet
  facet normal 0 0 -1
    outer loop
      vertex 13.4 -8.30717967697245 0
      vertex 13.306146745892072 -8.26089637399097 0
      vertex 67.6512993215049 -3.034894429314825 0
    endloop
  endfacet
  facet normal 0 0 -1
    outer loop
      vertex 13.4 -8.30717967697245 0
      vertex 67.6512993215049 -3.034894429314825 0
      vertex 13.487009143206976 -8.365317327767013 0
    endloop
  endfacet
  facet normal 0 0 -1
    outer loop
      vertex 17 -8.2 0
      vertex 13.487009143206976 -8.365317327767013 0
      vertex 67.6512993215049 -3.034894429314825 0
    endloop
  endfacet
  facet normal 0 0 -1
    outer loop
      vertex 17 -8.2 0
      vertex 67.6512993215049 -3.034894429314825 0
      vertex 17.104420953776042 -8.206844110900951 0
    endloop
  endfacet
  facet normal 0 0 -1
    outer loop
      vertex 17.207055236082017 -8.227259338968745 0
      vertex 17.104420953776042 -8.206844110900951 0
      vertex 67.6512993215049 -3.034894429314825 0
    endloop
  endfacet
  facet normal 0 0 -1
    outer loop
      vertex 17.30614674589207 -8.26089637399097 0
      vertex 17.207055236082017 -8.227259338968745 0
      vertex 67.6512993215049 -3.034894429314825 0
    endloop
  endfacet
  facet normal 0 0 -1
    outer loop
      vertex 17.4 -8.30717967697245 0
      vertex 17.30614674589207 -8.26089637399097 0
      vertex 67.6512993215049 -3.034894429314825 0
    endloop
  endfacet
  facet normal 0 0 -1
    outer loop
      vertex 17.4 -8.30717967697245 0
      vertex 67.6512993215049 -3.034894429314825 0
      vertex 17.487009143206976 -8.365317327767013 0
    endloop
  endfacet
  facet normal 0 0 -1
    outer loop
      vertex 17.565685424949237 -8.434314575050761 0
      vertex 17.487009143206976 -8.365317327767013 0
      vertex 67.6512993215049 -3.034894429314825 0
    endloop
  endfacet
  facet normal 0 0 -1
    outer loop
      vertex 17.565685424949237 -8.434314575050761 0
      vertex 67.6512993215049 -3.034894429314825 0
      vertex 17.634682672232987 -8.512990856793024 0
    endloop
  endfacet
  facet normal 0 0 1
    outer loop
      vertex 65.0397692609654 -1.45 2
      vertex 17.634682672232987 -21.487009143206976 2
      vertex 17.565685424949237 -21.565685424949237 2
    endloop
  endfacet
  facet normal 0 0 1
    outer loop
      vertex 65.0397692609654 -1.45 2
      vertex 17.8 -21 2
      vertex 17.793155889099047 -21.104420953776042 2
    endloop
  endfacet
  facet normal 0 0 1
    outer loop
      vertex 65.0397692609654 -1.45 2
      vertex 17.772740661031253 -21.207055236082017 2
      vertex 17.73910362600903 -21.30614674589207 2
    endloop
  endfacet
  facet normal 0 0 1
    outer loop
      vertex 65.0397692609654 -1.45 2
      vertex 17.793155889099047 -21.104420953776042 2
      vertex 17.772740661031253 -21.207055236082017 2
    endloop
  endfacet
  facet normal 0 0 1
    outer loop
      vertex 65.0397692609654 -1.45 2
      vertex 17.73910362600903 -21.30614674589207 2
      vertex 17.69282032302755 -21.4 2
    endloop
  endfacet
  facet normal 0 0 1
    outer loop
      vertex 65.0397692609654 -1.45 2
      vertex 17.69282032302755 -21.4 2
      vertex 17.634682672232987 -21.487009143206976 2
    endloop
  endfacet
  facet normal 0 0 1
    outer loop
      vertex 65.0397692609654 -1.45 2
      vertex 17.4 -21.69282032302755 2
      vertex 17.30614674589207 -21.73910362600903 2
    endloop
  endfacet
  facet normal 0 0 1
    outer loop
      vertex 65.0397692609654 -1.45 2
      vertex 17.487009143206976 -21.634682672232987 2
      vertex 17.4 -21.69282032302755 2
    endloop
  endfacet
  facet normal 0 0 1
    outer loop
      vertex 65.0397692609654 -1.45 2
      vertex 17.565685424949237 -21.565685424949237 2
      vertex 17.487009143206976 -21.634682672232987 2
    endloop
  endfacet
  facet normal 0 0 1
    outer loop
      vertex 1.45 -33 2
      vertex 65.0397692609654 -1.45 2
      vertex 17.30614674589207 -21.73910362600903 2
    endloop
  endfacet
  facet normal 0 0 -1
    outer loop
      vertex 17.73910362600903 -8.693853254107928 0
      vertex 17.69282032302755 -8.6 0
      vertex 69.2218945267741 -46.31454373566452 0
    endloop
  endfacet
  facet normal 0 0 -1
    outer loop
      vertex 17.772740661031253 -8.792944763917983 0
      vertex 17.73910362600903 -8.693853254107928 0
      vertex 69 -46.3 0
    endloop
  endfacet
  facet normal 0 0 -1
    outer loop
      vertex 17.772740661031253 -8.792944763917983 0
      vertex 68.7781054732259 -46.31454373566452 0
      vertex 17.793155889099047 -8.89557904622396 0
    endloop
  endfacet
  facet normal 0 0 -1
    outer loop
      vertex 17.8 -9 0
      vertex 17.793155889099047 -8.89557904622396 0
      vertex 68.56000762332572 -46.357926095308585 0
    endloop
  endfacet
  facet normal 0 0 -1
    outer loop
      vertex 17.634682672232987 -8.512990856793024 0
      vertex 69.43999237667428 -46.357926095308585 0
      vertex 17.69282032302755 -8.6 0
    endloop
  endfacet
  facet normal 0 0 1
    outer loop
      vertex -2 -1 2
      vertex -2 -49 2
      vertex -1.8 -33 2
    endloop
  endfacet
  facet normal 0 0 1
    outer loop
      vertex 1.45 -33 2
      vertex 4.206844110900952 -21.104420953776042 2
      vertex 4.2 -21 2
    endloop
  endfacet
  facet normal 0 0 1
    outer loop
      vertex 1.45 -33 2
      vertex 4.227259338968746 -21.207055236082017 2
      vertex 4.206844110900952 -21.104420953776042 2
    endloop
  endfacet
  facet normal 0 0 1
    outer loop
      vertex 1.45 -33 2
      vertex 4.26089637399097 -21.30614674589207 2
      vertex 4.227259338968746 -21.207055236082017 2
    endloop
  endfacet
  facet normal 0 0 1
    outer loop
      vertex 1.45 -33 2
      vertex 4.307179676972449 -21.4 2
      vertex 4.26089637399097 -21.30614674589207 2
    endloop
  endfacet
  facet normal 0 0 1
    outer loop
      vertex 1.45 -33 2
      vertex 4.365317327767012 -21.487009143206976 2
      vertex 4.307179676972449 -21.4 2
    endloop
  endfacet
  facet normal 0 0 1
    outer loop
      vertex 1.45 -33 2
      vertex 4.434314575050762 -21.565685424949237 2
      vertex 4.365317327767012 -21.487009143206976 2
    endloop
  endfacet
  facet normal 0 0 1
    outer loop
      vertex 1.45 -33 2
      vertex 4.5129908567930235 -21.634682672232987 2
      vertex 4.434314575050762 -21.565685424949237 2
    endloop
  endfacet
  facet normal 0 0 1
    outer loop
      vertex 1.45 -33 2
      vertex 4.6 -21.69282032302755 2
      vertex 4.5129908567930235 -21.634682672232987 2
    endloop
  endfacet
  facet normal 0 0 1
    outer loop
      vertex 1.45 -33 2
      vertex 4.693853254107928 -21.73910362600903 2
      vertex 4.6 -21.69282032302755 2
    endloop
  endfacet
  facet normal 0 0 1
    outer loop
      vertex 1.45 -33 2
      vertex 4.792944763917983 -21.772740661031257 2
      vertex 4.693853254107928 -21.73910362600903 2
    endloop
  endfacet
  facet normal 0 0 1
    outer loop
      vertex 1.45 -33 2
      vertex 4.895579046223959 -21.793155889099047 2
      vertex 4.792944763917983 -21.772740661031257 2
    endloop
  endfacet
  facet normal 0 0 1
    outer loop
      vertex 1.45 -33 2
      vertex 5 -21.8 2
      vertex 4.895579046223959 -21.793155889099047 2
    endloop
  endfacet
  facet normal 0 0 1
    outer loop
      vertex 1.45 -33 2
      vertex 5.104420953776041 -21.793155889099047 2
      vertex 5 -21.8 2
    endloop
  endfacet
  facet normal 0 0 1
    outer loop
      vertex 1.45 -33 2
      vertex 5.207055236082017 -21.772740661031257 2
      vertex 5.104420953776041 -21.793155889099047 2
    endloop
  endfacet
  facet normal 0 0 1
    outer loop
      vertex 1.45 -33 2
      vertex 5.306146745892072 -21.73910362600903 2
      vertex 5.207055236082017 -21.772740661031257 2
    endloop
  endfacet
  facet normal 0 0 1
    outer loop
      vertex 1.45 -33 2
      vertex 5.4 -21.69282032302755 2
      vertex 5.306146745892072 -21.73910362600903 2
    endloop
  endfacet
  facet normal 0 0 1
    outer loop
      vertex 1.45 -33 2
      vertex 5.4870091432069765 -21.634682672232987 2
      vertex 5.4 -21.69282032302755 2
    endloop
  endfacet
  facet normal 0 0 1
    outer loop
      vertex 1.45 -33 2
      vertex 8.512990856793024 -21.634682672232987 2
      vertex 5.4870091432069765 -21.634682672232987 2
    endloop
  endfacet
  facet normal 0 0 1
    outer loop
      vertex 1.45 -33 2
      vertex 8.6 -21.69282032302755 2
      vertex 8.512990856793024 -21.634682672232987 2
    endloop
  endfacet
  facet normal 0 0 1
    outer loop
      vertex 1.45 -33 2
      vertex 8.693853254107928 -21.73910362600903 2
      vertex 8.6 -21.69282032302755 2
    endloop
  endfacet
  facet normal 0 0 1
    outer loop
      vertex 1.45 -33 2
      vertex 8.792944763917983 -21.772740661031257 2
      vertex 8.693853254107928 -21.73910362600903 2
    endloop
  endfacet
  facet normal 0 0 1
    outer loop
      vertex 1.45 -33 2
      vertex 8.89557904622396 -21.793155889099047 2
      vertex 8.792944763917983 -21.772740661031257 2
    endloop
  endfacet
  facet normal 0 0 1
    outer loop
      vertex 1.45 -33 2
      vertex 9 -21.8 2
      vertex 8.89557904622396 -21.793155889099047 2
    endloop
  endfacet
  facet normal 0 0 1
    outer loop
      vertex 1.45 -33 2
      vertex 9.207055236082017 -21.772740661031257 2
      vertex 9.10442095377604 -21.793155889099047 2
    endloop
  endfacet
  facet normal 0 0 1
    outer loop
      vertex 1.45 -33 2
      vertex 9.10442095377604 -21.793155889099047 2
      vertex 9 -21.8 2
    endloop
  endfacet
  facet normal 0 0 1
    outer loop
      vertex 1.45 -33 2
      vertex 9.306146745892072 -21.73910362600903 2
      vertex 9.207055236082017 -21.772740661031257 2
    endloop
  endfacet
  facet normal 0 0 1
    outer loop
      vertex 1.45 -33 2
      vertex 9.4 -21.69282032302755 2
      vertex 9.306146745892072 -21.73910362600903 2
    endloop
  endfacet
  facet normal -1 0 0
    outer loop
      vertex -2 -1 2
      vertex -2 -49 0
      vertex -2 -49 2
    endloop
  endfacet
  facet normal 0 0 1
    outer loop
      vertex 1.45 -33 2
      vertex 12.6 -21.69282032302755 2
      vertex 9.4 -21.69282032302755 2
    endloop
  endfacet
  facet normal 0 0 1
    outer loop
      vertex 1.45 -33 2
      vertex 12.693853254107928 -21.73910362600903 2
      vertex 12.6 -21.69282032302755 2
    endloop
  endfacet
  facet normal 0 0 1
    outer loop
      vertex 1.45 -33 2
      vertex 12.792944763917983 -21.772740661031257 2
      vertex 12.693853254107928 -21.73910362600903 2
    endloop
  endfacet
  facet normal 0 0 1
    outer loop
      vertex 1.45 -33 2
      vertex 12.89557904622396 -21.793155889099047 2
      vertex 12.792944763917983 -21.772740661031257 2
    endloop
  endfacet
  facet normal 0 0 1
    outer loop
      vertex 1.45 -33 2
      vertex 13 -21.8 2
      vertex 12.89557904622396 -21.793155889099047 2
    endloop
  endfacet
  facet normal 0 0 1
    outer loop
      vertex 1.45 -33 2
      vertex 13.207055236082017 -21.772740661031257 2
      vertex 13.10442095377604 -21.793155889099047 2
    endloop
  endfacet
  facet normal 0 0 1
    outer loop
      vertex 1.45 -33 2
      vertex 13.10442095377604 -21.793155889099047 2
      vertex 13 -21.8 2
    endloop
  endfacet
  facet normal 0 0 1
    outer loop
      vertex 1.45 -33 2
      vertex 13.306146745892072 -21.73910362600903 2
      vertex 13.207055236082017 -21.772740661031257 2
    endloop
  endfacet
  facet normal 0 0 1
    outer loop
      vertex 1.45 -33 2
      vertex 16.69385325410793 -21.73910362600903 2
      vertex 13.306146745892072 -21.73910362600903 2
    endloop
  endfacet
  facet normal 0 0 1
    outer loop
      vertex 1.45 -33 2
      vertex 16.792944763917983 -21.772740661031257 2
      vertex 16.69385325410793 -21.73910362600903 2
    endloop
  endfacet
  facet normal 0 0 1
    outer loop
      vertex 1.45 -33 2
      vertex 16.895579046223958 -21.793155889099047 2
      vertex 16.792944763917983 -21.772740661031257 2
    endloop
  endfacet
  facet normal 0 0 1
    outer loop
      vertex 1.45 -33 2
      vertex 17 -21.8 2
      vertex 16.895579046223958 -21.793155889099047 2
    endloop
  endfacet
  facet normal 0 0 1
    outer loop
      vertex 1.45 -33 2
      vertex 17.104420953776042 -21.793155889099047 2
      vertex 17 -21.8 2
    endloop
  endfacet
  facet normal 0 0 1
    outer loop
      vertex 1.45 -33 2
      vertex 17.207055236082017 -21.772740661031257 2
      vertex 17.104420953776042 -21.793155889099047 2
    endloop
  endfacet
  facet normal 0 0 1
    outer loop
      vertex 1.45 -33 2
      vertex 17.30614674589207 -21.73910362600903 2
      vertex 17.207055236082017 -21.772740661031257 2
    endloop
  endfacet
  facet normal 0 0 -1
    outer loop
      vertex -0.826284287026162 -51.38006002087371 0
      vertex 0.5277568135664543 -2.85 0
      vertex 4.2 -21 0
    endloop
  endfacet
  facet normal 0 0 -1
    outer loop
      vertex -0.826284287026162 -51.38006002087371 0
      vertex 4.2 -21 0
      vertex 4.206844110900952 -21.104420953776042 0
    endloop
  endfacet
  facet normal 0 0 -1
    outer loop
      vertex -0.826284287026162 -51.38006002087371 0
      vertex 4.206844110900952 -21.104420953776042 0
      vertex 4.227259338968746 -21.207055236082017 0
    endloop
  endfacet
  facet normal 0 0 -1
    outer loop
      vertex 4.26089637399097 -21.30614674589207 0
      vertex 0.6512993215049003 -46.965105570685175 0
      vertex 4.227259338968746 -21.207055236082017 0
    endloop
  endfacet
  facet normal 0 0 -1
    outer loop
      vertex 4.26089637399097 -21.30614674589207 0
      vertex 4.307179676972449 -21.4 0
      vertex 0.7979184719828691 -46.79791847198287 0
    endloop
  endfacet
  facet normal 0 0 -1
    outer loop
      vertex 4.307179676972449 -21.4 0
      vertex 4.365317327767012 -21.487009143206976 0
      vertex 0.965105570685175 -46.6512993215049 0
    endloop
  endfacet
  facet normal 0 0 -1
    outer loop
      vertex 4.434314575050762 -21.565685424949237 0
      vertex 0.965105570685175 -46.6512993215049 0
      vertex 4.365317327767012 -21.487009143206976 0
    endloop
  endfacet
  facet normal 0 0 -1
    outer loop
      vertex 4.434314575050762 -21.565685424949237 0
      vertex 4.5129908567930235 -21.634682672232987 0
      vertex 1.15 -46.527756813566455 0
    endloop
  endfacet
  facet normal 0 0 -1
    outer loop
      vertex 4.6 -21.69282032302755 0
      vertex 1.3494381649793474 -46.429404794730814 0
      vertex 4.5129908567930235 -21.634682672232987 0
    endloop
  endfacet
  facet normal 0 0 -1
    outer loop
      vertex 4.693853254107928 -21.73910362600903 0
      vertex 1.5600076233257147 -46.357926095308585 0
      vertex 4.6 -21.69282032302755 0
    endloop
  endfacet
  facet normal 0 0 -1
    outer loop
      vertex 4.693853254107928 -21.73910362600903 0
      vertex 4.792944763917983 -21.772740661031257 0
      vertex 1.5600076233257147 -46.357926095308585 0
    endloop
  endfacet
  facet normal 0 0 -1
    outer loop
      vertex 4.792944763917983 -21.772740661031257 0
      vertex 4.895579046223959 -21.793155889099047 0
      vertex 1.5600076233257147 -46.357926095308585 0
    endloop
  endfacet
  facet normal 0 0 -1
    outer loop
      vertex 5 -21.8 0
      vertex 1.5600076233257147 -46.357926095308585 0
      vertex 4.895579046223959 -21.793155889099047 0
    endloop
  endfacet
  facet normal 0 0 -1
    outer loop
      vertex 5.104420953776041 -21.793155889099047 0
      vertex 1.5600076233257147 -46.357926095308585 0
      vertex 5 -21.8 0
    endloop
  endfacet
  facet normal 0 0 -1
    outer loop
      vertex 5.104420953776041 -21.793155889099047 0
      vertex 5.207055236082017 -21.772740661031257 0
      vertex 1.5600076233257147 -46.357926095308585 0
    endloop
  endfacet
  facet normal 0 0 -1
    outer loop
      vertex 5.306146745892072 -21.73910362600903 0
      vertex 1.5600076233257147 -46.357926095308585 0
      vertex 5.207055236082017 -21.772740661031257 0
    endloop
  endfacet
  facet normal 0 0 -1
    outer loop
      vertex 5.4870091432069765 -21.634682672232987 0
      vertex 1.5600076233257147 -46.357926095308585 0
      vertex 5.4 -21.69282032302755 0
    endloop
  endfacet
  facet normal 0 0 -1
    outer loop
      vertex 5.306146745892072 -21.73910362600903 0
      vertex 5.4 -21.69282032302755 0
      vertex 1.5600076233257147 -46.357926095308585 0
    endloop
  endfacet
  facet normal 0 0 -1
    outer loop
      vertex 5.634682672232988 -21.487009143206976 0
      vertex 5.692820323027551 -21.4 0
      vertex 1.5600076233257147 -46.357926095308585 0
    endloop
  endfacet
  facet normal 0 0 -1
    outer loop
      vertex 5.565685424949238 -21.565685424949237 0
      vertex 5.634682672232988 -21.487009143206976 0
      vertex 1.5600076233257147 -46.357926095308585 0
    endloop
  endfacet
  facet normal 0 0 -1
    outer loop
      vertex 5.4870091432069765 -21.634682672232987 0
      vertex 5.565685424949238 -21.565685424949237 0
      vertex 1.5600076233257147 -46.357926095308585 0
    endloop
  endfacet
  facet normal 0 0 -1
    outer loop
      vertex 5.692820323027551 -21.4 0
      vertex 8.365317327767013 -21.487009143206976 0
      vertex 1.5600076233257147 -46.357926095308585 0
    endloop
  endfacet
  facet normal 0 0 -1
    outer loop
      vertex 8.434314575050761 -21.565685424949237 0
      vertex 1.5600076233257147 -46.357926095308585 0
      vertex 8.365317327767013 -21.487009143206976 0
    endloop
  endfacet
  facet normal 0 0 -1
    outer loop
      vertex 8.434314575050761 -21.565685424949237 0
      vertex 8.512990856793024 -21.634682672232987 0
      vertex 1.7781054732259123 -46.31454373566452 0
    endloop
  endfacet
  facet normal 0 0 -1
    outer loop
      vertex 8.6 -21.69282032302755 0
      vertex 1.7781054732259123 -46.31454373566452 0
      vertex 8.512990856793024 -21.634682672232987 0
    endloop
  endfacet
  facet normal 0 0 -1
    outer loop
      vertex 8.693853254107928 -21.73910362600903 0
      vertex 8.792944763917983 -21.772740661031257 0
      vertex 1.7781054732259123 -46.31454373566452 0
    endloop
  endfacet
  facet normal 0 0 -1
    outer loop
      vertex 8.693853254107928 -21.73910362600903 0
      vertex 1.7781054732259123 -46.31454373566452 0
      vertex 8.6 -21.69282032302755 0
    endloop
  endfacet
  facet normal 0 0 -1
    outer loop
      vertex 8.792944763917983 -21.772740661031257 0
      vertex 8.89557904622396 -21.793155889099047 0
      vertex 1.7781054732259123 -46.31454373566452 0
    endloop
  endfacet
  facet normal 0 0 -1
    outer loop
      vertex 9 -21.8 0
      vertex 1.7781054732259123 -46.31454373566452 0
      vertex 8.89557904622396 -21.793155889099047 0
    endloop
  endfacet
  facet normal 0 0 -1
    outer loop
      vertex 9.10442095377604 -21.793155889099047 0
      vertex 1.7781054732259123 -46.31454373566452 0
      vertex 9 -21.8 0
    endloop
  endfacet
  facet normal 0 0 -1
    outer loop
      vertex 9.306146745892072 -21.73910362600903 0
      vertex 1.7781054732259123 -46.31454373566452 0
      vertex 9.207055236082017 -21.772740661031257 0
    endloop
  endfacet
  facet normal 0 0 -1
    outer loop
      vertex 9.10442095377604 -21.793155889099047 0
      vertex 9.207055236082017 -21.772740661031257 0
      vertex 1.7781054732259123 -46.31454373566452 0
    endloop
  endfacet
  facet normal 0 0 -1
    outer loop
      vertex 9.634682672232987 -21.487009143206976 0
      vertex 9.69282032302755 -21.4 0
      vertex 1.7781054732259123 -46.31454373566452 0
    endloop
  endfacet
  facet normal 0 0 -1
    outer loop
      vertex 9.565685424949239 -21.565685424949237 0
      vertex 9.634682672232987 -21.487009143206976 0
      vertex 1.7781054732259123 -46.31454373566452 0
    endloop
  endfacet
  facet normal 0 0 -1
    outer loop
      vertex 9.487009143206976 -21.634682672232987 0
      vertex 9.565685424949239 -21.565685424949237 0
      vertex 1.7781054732259123 -46.31454373566452 0
    endloop
  endfacet
  facet normal 0 0 -1
    outer loop
      vertex 9.306146745892072 -21.73910362600903 0
      vertex 9.4 -21.69282032302755 0
      vertex 1.7781054732259123 -46.31454373566452 0
    endloop
  endfacet
  facet normal 0 0 -1
    outer loop
      vertex 9.487009143206976 -21.634682672232987 0
      vertex 1.7781054732259123 -46.31454373566452 0
      vertex 9.4 -21.69282032302755 0
    endloop
  endfacet
  facet normal 0 0 -1
    outer loop
      vertex -0.826284287026162 1.3800600208737057 0
      vertex -0.826284287026162 -51.38006002087371 0
      vertex -2 -49 0
    endloop
  endfacet
  facet normal 0 0 -1
    outer loop
      vertex 4.227259338968746 -21.207055236082017 0
      vertex 0.6512993215049003 -46.965105570685175 0
      vertex 0.5277568135664543 -47.15 0
    endloop
  endfacet
  facet normal 0 0 -1
    outer loop
      vertex 4.307179676972449 -21.4 0
      vertex 0.965105570685175 -46.6512993215049 0
      vertex 0.7979184719828691 -46.79791847198287 0
    endloop
  endfacet
  facet normal 0 0 -1
    outer loop
      vertex 4.26089637399097 -21.30614674589207 0
      vertex 0.7979184719828691 -46.79791847198287 0
      vertex 0.6512993215049003 -46.965105570685175 0
    endloop
  endfacet
  facet normal 0 0 -1
    outer loop
      vertex 4.434314575050762 -21.565685424949237 0
      vertex 1.15 -46.527756813566455 0
      vertex 0.965105570685175 -46.6512993215049 0
    endloop
  endfacet
  facet normal 0 0 -1
    outer loop
      vertex 4.5129908567930235 -21.634682672232987 0
      vertex 1.3494381649793474 -46.429404794730814 0
      vertex 1.15 -46.527756813566455 0
    endloop
  endfacet
  facet normal 0 0 -1
    outer loop
      vertex 4.6 -21.69282032302755 0
      vertex 1.5600076233257147 -46.357926095308585 0
      vertex 1.3494381649793474 -46.429404794730814 0
    endloop
  endfacet
  facet normal 0 0 -1
    outer loop
      vertex 8.434314575050761 -21.565685424949237 0
      vertex 1.7781054732259123 -46.31454373566452 0
      vertex 1.5600076233257147 -46.357926095308585 0
    endloop
  endfacet
  facet normal 0 0 -1
    outer loop
      vertex 12.365317327767013 -21.487009143206976 0
      vertex 2 -46.3 0
      vertex 1.7781054732259123 -46.31454373566452 0
    endloop
  endfacet
  facet normal 0 0 -1
    outer loop
      vertex 16.365317327767013 -21.487009143206976 0
      vertex 2.2218945267740877 -46.31454373566452 0
      vertex 2 -46.3 0
    endloop
  endfacet
  facet normal 0 0 -1
    outer loop
      vertex 16.434314575050763 -21.565685424949237 0
      vertex 2.4399923766742853 -46.357926095308585 0
      vertex 2.2218945267740877 -46.31454373566452 0
    endloop
  endfacet
  facet normal 0 0 -1
    outer loop
      vertex 16.434314575050763 -21.565685424949237 0
      vertex 2.6505618350206523 -46.429404794730814 0
      vertex 2.4399923766742853 -46.357926095308585 0
    endloop
  endfacet
  facet normal 0 0 -1
    outer loop
      vertex 16.434314575050763 -21.565685424949237 0
      vertex 2.85 -46.527756813566455 0
      vertex 2.6505618350206523 -46.429404794730814 0
    endloop
  endfacet
  facet normal 0 0 -1
    outer loop
      vertex 12.30717967697245 -21.4 0
      vertex 1.7781054732259123 -46.31454373566452 0
      vertex 9.69282032302755 -21.4 0
    endloop
  endfacet
  facet normal 0 0 -1
    outer loop
      vertex 12.30717967697245 -21.4 0
      vertex 12.365317327767013 -21.487009143206976 0
      vertex 1.7781054732259123 -46.31454373566452 0
    endloop
  endfacet
  facet normal 0 0 -1
    outer loop
      vertex 12.434314575050761 -21.565685424949237 0
      vertex 2 -46.3 0
      vertex 12.365317327767013 -21.487009143206976 0
    endloop
  endfacet
  facet normal 0 0 -1
    outer loop
      vertex 12.434314575050761 -21.565685424949237 0
      vertex 12.512990856793024 -21.634682672232987 0
      vertex 2 -46.3 0
    endloop
  endfacet
  facet normal 0 0 -1
    outer loop
      vertex 12.6 -21.69282032302755 0
      vertex 2 -46.3 0
      vertex 12.512990856793024 -21.634682672232987 0
    endloop
  endfacet
  facet normal 0 0 -1
    outer loop
      vertex 12.693853254107928 -21.73910362600903 0
      vertex 2 -46.3 0
      vertex 12.6 -21.69282032302755 0
    endloop
  endfacet
  facet normal 0 0 -1
    outer loop
      vertex 12.693853254107928 -21.73910362600903 0
      vertex 12.792944763917983 -21.772740661031257 0
      vertex 2 -46.3 0
    endloop
  endfacet
  facet normal 0 0 -1
    outer loop
      vertex 12.792944763917983 -21.772740661031257 0
      vertex 12.89557904622396 -21.793155889099047 0
      vertex 2 -46.3 0
    endloop
  endfacet
  facet normal 0 0 -1
    outer loop
      vertex 13 -21.8 0
      vertex 2 -46.3 0
      vertex 12.89557904622396 -21.793155889099047 0
    endloop
  endfacet
  facet normal 0 0 -1
    outer loop
      vertex 13.10442095377604 -21.793155889099047 0
      vertex 2 -46.3 0
      vertex 13 -21.8 0
    endloop
  endfacet
  facet normal 0 0 -1
    outer loop
      vertex 13.487009143206976 -21.634682672232987 0
      vertex 13.565685424949239 -21.565685424949237 0
      vertex 2 -46.3 0
    endloop
  endfacet
  facet normal 0 0 -1
    outer loop
      vertex 13.10442095377604 -21.793155889099047 0
      vertex 13.207055236082017 -21.772740661031257 0
      vertex 2 -46.3 0
    endloop
  endfacet
  facet normal 0 0 -1
    outer loop
      vertex 13.306146745892072 -21.73910362600903 0
      vertex 13.4 -21.69282032302755 0
      vertex 2 -46.3 0
    endloop
  endfacet
  facet normal 0 0 -1
    outer loop
      vertex 13.306146745892072 -21.73910362600903 0
      vertex 2 -46.3 0
      vertex 13.207055236082017 -21.772740661031257 0
    endloop
  endfacet
  facet normal 0 0 -1
    outer loop
      vertex 13.487009143206976 -21.634682672232987 0
      vertex 2 -46.3 0
      vertex 13.4 -21.69282032302755 0
    endloop
  endfacet
  facet normal 0 0 -1
    outer loop
      vertex 13.634682672232987 -21.487009143206976 0
      vertex 13.69282032302755 -21.4 0
      vertex 2 -46.3 0
    endloop
  endfacet
  facet normal 0 0 -1
    outer loop
      vertex 13.565685424949239 -21.565685424949237 0
      vertex 13.634682672232987 -21.487009143206976 0
      vertex 2 -46.3 0
    endloop
  endfacet
  facet normal 0 0 -1
    outer loop
      vertex 16.30717967697245 -21.4 0
      vertex 2 -46.3 0
      vertex 13.69282032302755 -21.4 0
    endloop
  endfacet
  facet normal 0 0 -1
    outer loop
      vertex 16.30717967697245 -21.4 0
      vertex 16.365317327767013 -21.487009143206976 0
      vertex 2 -46.3 0
    endloop
  endfacet
  facet normal 0 0 -1
    outer loop
      vertex 16.434314575050763 -21.565685424949237 0
      vertex 2.2218945267740877 -46.31454373566452 0
      vertex 16.365317327767013 -21.487009143206976 0
    endloop
  endfacet
  facet normal 0 0 -1
    outer loop
      vertex 16.434314575050763 -21.565685424949237 0
      vertex 16.512990856793024 -21.634682672232987 0
      vertex 2.85 -46.527756813566455 0
    endloop
  endfacet
  facet normal 0 0 -1
    outer loop
      vertex 16.6 -21.69282032302755 0
      vertex 3.4722431864335457 -47.15 0
      vertex 16.512990856793024 -21.634682672232987 0
    endloop
  endfacet
  facet normal 0 0 -1
    outer loop
      vertex 16.69385325410793 -21.73910362600903 0
      vertex 3.642073904691416 -47.56000762332572 0
      vertex 16.6 -21.69282032302755 0
    endloop
  endfacet
  facet normal 0 0 -1
    outer loop
      vertex 16.69385325410793 -21.73910362600903 0
      vertex 16.792944763917983 -21.772740661031257 0
      vertex 3.642073904691416 -47.56000762332572 0
    endloop
  endfacet
  facet normal 0 0 -1
    outer loop
      vertex 16.792944763917983 -21.772740661031257 0
      vertex 16.895579046223958 -21.793155889099047 0
      vertex 3.642073904691416 -47.56000762332572 0
    endloop
  endfacet
  facet normal 0 0 -1
    outer loop
      vertex 17 -21.8 0
      vertex 3.642073904691416 -47.56000762332572 0
      vertex 16.895579046223958 -21.793155889099047 0
    endloop
  endfacet
  facet normal 0 0 -1
    outer loop
      vertex 17.104420953776042 -21.793155889099047 0
      vertex 3.642073904691416 -47.56000762332572 0
      vertex 17 -21.8 0
    endloop
  endfacet
  facet normal 0 0 -1
    outer loop
      vertex 17.487009143206976 -21.634682672232987 0
      vertex 17.565685424949237 -21.565685424949237 0
      vertex 3.642073904691416 -47.56000762332572 0
    endloop
  endfacet
  facet normal 0 0 -1
    outer loop
      vertex 17.30614674589207 -21.73910362600903 0
      vertex 3.642073904691416 -47.56000762332572 0
      vertex 17.207055236082017 -21.772740661031257 0
    endloop
  endfacet
  facet normal 0 0 -1
    outer loop
      vertex 17.104420953776042 -21.793155889099047 0
      vertex 17.207055236082017 -21.772740661031257 0
      vertex 3.642073904691416 -47.56000762332572 0
    endloop
  endfacet
  facet normal 0 0 -1
    outer loop
      vertex 17.30614674589207 -21.73910362600903 0
      vertex 17.4 -21.69282032302755 0
      vertex 3.642073904691416 -47.56000762332572 0
    endloop
  endfacet
  facet normal 0 0 -1
    outer loop
      vertex 17.487009143206976 -21.634682672232987 0
      vertex 3.642073904691416 -47.56000762332572 0
      vertex 17.4 -21.69282032302755 0
    endloop
  endfacet
  facet normal 0 0 -1
    outer loop
      vertex 16.512990856793024 -21.634682672232987 0
      vertex 3.034894429314825 -46.6512993215049 0
      vertex 2.85 -46.527756813566455 0
    endloop
  endfacet
  facet normal 0 0 -1
    outer loop
      vertex 16.512990856793024 -21.634682672232987 0
      vertex 3.202081528017131 -46.79791847198287 0
      vertex 3.034894429314825 -46.6512993215049 0
    endloop
  endfacet
  facet normal 0 0 -1
    outer loop
      vertex 16.512990856793024 -21.634682672232987 0
      vertex 3.3487006784950997 -46.965105570685175 0
      vertex 3.202081528017131 -46.79791847198287 0
    endloop
  endfacet
  facet normal 0 0 1
    outer loop
      vertex -1.8 -33 2
      vertex -2 -49 2
      vertex -1.8 -43 2
    endloop
  endfacet
  facet normal 0 0 1
    outer loop
      vertex -1.8 -43 2
      vertex 0.25 -44.41261202835442 2
      vertex 0.25 -43 2
    endloop
  endfacet
  facet normal 0 0 1
    outer loop
      vertex 0.4692662705396409 -44.304481869954856 2
      vertex 1.15 -46.527756813566455 2
      vertex 0.964723819589917 -44.13629669484373 2
    endloop
  endfacet
  facet normal 0 0 1
    outer loop
      vertex 0.964723819589917 -44.13629669484373 2
      vertex 1.3494381649793474 -46.429404794730814 2
      vertex 1.45 -44.0397692609654 2
    endloop
  endfacet
  facet normal 0 0 1
    outer loop
      vertex -1.8 -43 2
      vertex -2 -49 2
      vertex 0.25 -44.41261202835442 2
    endloop
  endfacet
  facet normal 0 0 1
    outer loop
      vertex 0.25 -44.41261202835442 2
      vertex -2 -49 2
      vertex 0.4692662705396409 -44.304481869954856 2
    endloop
  endfacet
  facet normal 0 0 1
    outer loop
      vertex 0.4692662705396409 -44.304481869954856 2
      vertex -2 -49 2
      vertex 0.3579260953085839 -47.56000762332572 2
    endloop
  endfacet
  facet normal 0 0 1
    outer loop
      vertex -2 -49 2
      vertex 0.31454373566452243 -47.778105473225914 2
      vertex 0.3579260953085839 -47.56000762332572 2
    endloop
  endfacet
  facet normal 0 0 1
    outer loop
      vertex -2 -49 2
      vertex 0.30000000000000004 -48 2
      vertex 0.31454373566452243 -47.778105473225914 2
    endloop
  endfacet
  facet normal 0 0 1
    outer loop
      vertex -2 -49 2
      vertex 0.31454373566452243 -48.221894526774086 2
      vertex 0.30000000000000004 -48 2
    endloop
  endfacet
  facet normal 0 0 1
    outer loop
      vertex -2 -49 2
      vertex 0.3579260953085839 -48.43999237667428 2
      vertex 0.31454373566452243 -48.221894526774086 2
    endloop
  endfacet
  facet normal 0 0 1
    outer loop
      vertex 0.4692662705396409 -44.304481869954856 2
      vertex 0.965105570685175 -46.6512993215049 2
      vertex 1.15 -46.527756813566455 2
    endloop
  endfacet
  facet normal 0 0 1
    outer loop
      vertex 0.4692662705396409 -44.304481869954856 2
      vertex 0.7979184719828691 -46.79791847198287 2
      vertex 0.965105570685175 -46.6512993215049 2
    endloop
  endfacet
  facet normal 0 0 1
    outer loop
      vertex 0.4692662705396409 -44.304481869954856 2
      vertex 0.6512993215049003 -46.965105570685175 2
      vertex 0.7979184719828691 -46.79791847198287 2
    endloop
  endfacet
  facet normal 0 0 1
    outer loop
      vertex 1.45 -44.0397692609654 2
      vertex 1.3494381649793474 -46.429404794730814 2
      vertex 1.5600076233257147 -46.357926095308585 2
    endloop
  endfacet
  facet normal 0 0 1
    outer loop
      vertex 0.964723819589917 -44.13629669484373 2
      vertex 1.15 -46.527756813566455 2
      vertex 1.3494381649793474 -46.429404794730814 2
    endloop
  endfacet
  facet normal 0 0 1
    outer loop
      vertex 0.4692662705396409 -44.304481869954856 2
      vertex 0.4294047947308126 -47.34943816497935 2
      vertex 0.5277568135664543 -47.15 2
    endloop
  endfacet
  facet normal 0 0 1
    outer loop
      vertex 0.4692662705396409 -44.304481869954856 2
      vertex 0.5277568135664543 -47.15 2
      vertex 0.6512993215049003 -46.965105570685175 2
    endloop
  endfacet
  facet normal 0 0 1
    outer loop
      vertex 0.4692662705396409 -44.304481869954856 2
      vertex 0.3579260953085839 -47.56000762332572 2
      vertex 0.4294047947308126 -47.34943816497935 2
    endloop
  endfacet
  facet normal 0 0 1
    outer loop
      vertex 1.45 -44.0397692609654 2
      vertex 1.5600076233257147 -46.357926095308585 2
      vertex 1.7781054732259123 -46.31454373566452 2
    endloop
  endfacet
  facet normal 0 0 1
    outer loop
      vertex 1.45 -44.0397692609654 2
      vertex 1.7781054732259123 -46.31454373566452 2
      vertex 2 -46.3 2
    endloop
  endfacet
  facet normal 0 0 1
    outer loop
      vertex -2 -49 2
      vertex -1.974334584121431 -49.39157857666015 2
      vertex -1.897777478867205 -49.77645713530756 2
    endloop
  endfacet
  facet normal 0 0 1
    outer loop
      vertex -2 -49 2
      vertex -1.897777478867205 -49.77645713530756 2
      vertex -1.77163859753386 -50.14805029709527 2
    endloop
  endfacet
  facet normal 0 0 1
    outer loop
      vertex -2 -49 2
      vertex -1.77163859753386 -50.14805029709527 2
      vertex -1.1213203435596428 -51.121320343559645 2
    endloop
  endfacet
  facet normal 0 0 1
    outer loop
      vertex -2 -49 2
      vertex 0.4294047947308126 -48.65056183502065 2
      vertex 0.3579260953085839 -48.43999237667428 2
    endloop
  endfacet
  facet normal 0 0 1
    outer loop
      vertex -2 -49 2
      vertex 0.5277568135664543 -48.85 2
      vertex 0.4294047947308126 -48.65056183502065 2
    endloop
  endfacet
  facet normal 0 0 1
    outer loop
      vertex -2 -49 2
      vertex 0.6512993215049003 -49.034894429314825 2
      vertex 0.5277568135664543 -48.85 2
    endloop
  endfacet
  facet normal 0 0 1
    outer loop
      vertex -2 -49 2
      vertex 0.7979184719828691 -49.20208152801713 2
      vertex 0.6512993215049003 -49.034894429314825 2
    endloop
  endfacet
  facet normal 0 0 1
    outer loop
      vertex -2 -49 2
      vertex 1 -52 2
      vertex 0.7979184719828691 -49.20208152801713 2
    endloop
  endfacet
  facet normal 0 0 1
    outer loop
      vertex -1.77163859753386 -50.14805029709527 2
      vertex -1.598076211353316 -50.5 2
      vertex -1.1213203435596428 -51.121320343559645 2
    endloop
  endfacet
  facet normal 0 0 1
    outer loop
      vertex -1.598076211353316 -50.5 2
      vertex -1.3800600208737057 -50.82628428702616 2
      vertex -1.1213203435596428 -51.121320343559645 2
    endloop
  endfacet
  facet normal 0 0 1
    outer loop
      vertex -2 -49 2
      vertex -1.1213203435596428 -51.121320343559645 2
      vertex 1 -52 2
    endloop
  endfacet
  facet normal 0 0 1
    outer loop
      vertex -1.1213203435596428 -51.121320343559645 2
      vertex -0.826284287026162 -51.38006002087371 2
      vertex -0.1480502970952693 -51.77163859753386 2
    endloop
  endfacet
  facet normal 0 0 1
    outer loop
      vertex -0.826284287026162 -51.38006002087371 2
      vertex -0.5 -51.598076211353316 2
      vertex -0.1480502970952693 -51.77163859753386 2
    endloop
  endfacet
  facet normal 0 0 1
    outer loop
      vertex -1.1213203435596428 -51.121320343559645 2
      vertex -0.1480502970952693 -51.77163859753386 2
      vertex 1 -52 2
    endloop
  endfacet
  facet normal 0 0 1
    outer loop
      vertex 1 -52 2
      vertex 0.965105570685175 -49.3487006784951 2
      vertex 0.7979184719828691 -49.20208152801713 2
    endloop
  endfacet
  facet normal 0 0 1
    outer loop
      vertex 1 -52 2
      vertex 1.15 -49.472243186433545 2
      vertex 0.965105570685175 -49.3487006784951 2
    endloop
  endfacet
  facet normal 0 0 1
    outer loop
      vertex 1 -52 2
      vertex 3.034894429314825 -49.3487006784951 2
      vertex 2.85 -49.472243186433545 2
    endloop
  endfacet
  facet normal 0 0 1
    outer loop
      vertex 1 -52 2
      vertex 3.3487006784950997 -49.034894429314825 2
      vertex 3.202081528017131 -49.20208152801713 2
    endloop
  endfacet
  facet normal 0 0 1
    outer loop
      vertex 1 -52 2
      vertex 3.202081528017131 -49.20208152801713 2
      vertex 3.034894429314825 -49.3487006784951 2
    endloop
  endfacet
  facet normal 0 0 1
    outer loop
      vertex 1 -52 2
      vertex 1.3494381649793474 -49.570595205269186 2
      vertex 1.15 -49.472243186433545 2
    endloop
  endfacet
  facet normal 0 0 1
    outer loop
      vertex 1 -52 2
      vertex 1.5600076233257147 -49.642073904691415 2
      vertex 1.3494381649793474 -49.570595205269186 2
    endloop
  endfacet
  facet normal 0 0 1
    outer loop
      vertex 1 -52 2
      vertex 1.7781054732259123 -49.68545626433548 2
      vertex 1.5600076233257147 -49.642073904691415 2
    endloop
  endfacet
  facet normal 0 0 1
    outer loop
      vertex -0.1480502970952693 -51.77163859753386 2
      vertex 0.22354286469243778 -51.897777478867205 2
      vertex 1 -52 2
    endloop
  endfacet
  facet normal 0 0 1
    outer loop
      vertex 0.22354286469243778 -51.897777478867205 2
      vertex 0.6084214233398453 -51.97433458412143 2
      vertex 1 -52 2
    endloop
  endfacet
  facet normal 0 0 1
    outer loop
      vertex 1 -52 2
      vertex 2 -49.7 2
      vertex 1.7781054732259123 -49.68545626433548 2
    endloop
  endfacet
  facet normal 0 0 1
    outer loop
      vertex 1 -52 2
      vertex 2.2218945267740877 -49.68545626433548 2
      vertex 2 -49.7 2
    endloop
  endfacet
  facet normal 0 0 1
    outer loop
      vertex 1 -52 2
      vertex 2.4399923766742853 -49.642073904691415 2
      vertex 2.2218945267740877 -49.68545626433548 2
    endloop
  endfacet
  facet normal 0 0 1
    outer loop
      vertex 1 -52 2
      vertex 2.6505618350206523 -49.570595205269186 2
      vertex 2.4399923766742853 -49.642073904691415 2
    endloop
  endfacet
  facet normal 0 0 1
    outer loop
      vertex 1 -52 2
      vertex 2.85 -49.472243186433545 2
      vertex 2.6505618350206523 -49.570595205269186 2
    endloop
  endfacet
  facet normal 0 0 1
    outer loop
      vertex 1 -52 2
      vertex 5.863703305156273 -49.03527618041008 2
      vertex 5.9602307390346 -48.550000000000004 2
    endloop
  endfacet
  facet normal 0 0 1
    outer loop
      vertex 1 -52 2
      vertex 5.695518130045147 -49.53073372946036 2
      vertex 5.863703305156273 -49.03527618041008 2
    endloop
  endfacet
  facet normal 0 0 1
    outer loop
      vertex 1 -52 2
      vertex 5.5873879716455805 -49.75 2
      vertex 5.695518130045147 -49.53073372946036 2
    endloop
  endfacet
  facet normal -0.9978589232386035 -0.0654031292301441 0
    outer loop
      vertex -2 -49 2
      vertex -2 -49 0
      vertex -1.974334584121431 -49.39157857666015 2
    endloop
  endfacet
  facet normal -0.9807852804032308 -0.1950903220161271 3.0463989007162507e-20
    outer loop
      vertex -1.974334584121431 -49.39157857666015 2
      vertex -1.897777478867205 -49.77645713530756 0
      vertex -1.897777478867205 -49.77645713530756 2
    endloop
  endfacet
  facet normal -0.9469301294951055 -0.32143946530316225 0
    outer loop
      vertex -1.897777478867205 -49.77645713530756 2
      vertex -1.897777478867205 -49.77645713530756 0
      vertex -1.77163859753386 -50.14805029709527 2
    endloop
  endfacet
  facet normal -0.8968727415326897 -0.44228869021899825 2.1695919280389396e-18
    outer loop
      vertex -1.77163859753386 -50.14805029709527 2
      vertex -1.598076211353316 -50.5 0
      vertex -1.598076211353316 -50.5 2
    endloop
  endfacet
  facet normal -0.8314696123025457 -0.5555702330196017 -2.12525421781206e-18
    outer loop
      vertex -1.598076211353316 -50.5 2
      vertex -1.3800600208737057 -50.82628428702616 0
      vertex -1.3800600208737057 -50.82628428702616 2
    endloop
  endfacet
  facet normal -0.7518398074789803 -0.6593458151000654 4.290238486495286e-18
    outer loop
      vertex -1.3800600208737057 -50.82628428702616 2
      vertex -1.1213203435596428 -51.121320343559645 0
      vertex -1.1213203435596428 -51.121320343559645 2
    endloop
  endfacet
  facet normal -0.6593458151000661 -0.7518398074789799 0
    outer loop
      vertex -1.1213203435596428 -51.121320343559645 2
      vertex -1.1213203435596428 -51.121320343559645 0
      vertex -0.826284287026162 -51.38006002087371 2
    endloop
  endfacet
  facet normal -0.5555702330196004 -0.8314696123025466 4.4252401025061644e-18
    outer loop
      vertex -0.826284287026162 -51.38006002087371 2
      vertex -0.5 -51.598076211353316 0
      vertex -0.5 -51.598076211353316 2
    endloop
  endfacet
  facet normal -0.4422886902189969 -0.8968727415326906 0
    outer loop
      vertex -0.5 -51.598076211353316 2
      vertex -0.5 -51.598076211353316 0
      vertex -0.1480502970952693 -51.77163859753386 2
    endloop
  endfacet
  facet normal -0.3214394653031667 -0.946930129495104 2.999643395649511e-18
    outer loop
      vertex -0.1480502970952693 -51.77163859753386 2
      vertex 0.22354286469243778 -51.897777478867205 0
      vertex 0.22354286469243778 -51.897777478867205 2
    endloop
  endfacet
  facet normal -0.19509032201612297 -0.9807852804032315 -6.010994234812539e-19
    outer loop
      vertex 0.22354286469243778 -51.897777478867205 2
      vertex 0.6084214233398453 -51.97433458412143 0
      vertex 0.6084214233398453 -51.97433458412143 2
    endloop
  endfacet
  facet normal -0.06540312923014809 -0.9978589232386031 0
    outer loop
      vertex 0.6084214233398453 -51.97433458412143 2
      vertex 0.6084214233398453 -51.97433458412143 0
      vertex 1 -52 2
    endloop
  endfacet
  facet normal 0 0 -1
    outer loop
      vertex -0.826284287026162 -51.38006002087371 0
      vertex 4.227259338968746 -21.207055236082017 0
      vertex 0.31454373566452243 -47.778105473225914 0
    endloop
  endfacet
  facet normal 0 0 -1
    outer loop
      vertex 4.227259338968746 -21.207055236082017 0
      vertex 0.5277568135664543 -47.15 0
      vertex 0.4294047947308126 -47.34943816497935 0
    endloop
  endfacet
  facet normal 0 0 -1
    outer loop
      vertex 4.227259338968746 -21.207055236082017 0
      vertex 0.4294047947308126 -47.34943816497935 0
      vertex 0.3579260953085839 -47.56000762332572 0
    endloop
  endfacet
  facet normal 0 0 -1
    outer loop
      vertex 4.227259338968746 -21.207055236082017 0
      vertex 0.3579260953085839 -47.56000762332572 0
      vertex 0.31454373566452243 -47.778105473225914 0
    endloop
  endfacet
  facet normal -0.9978589232386035 -0.0654031292301441 0
    outer loop
      vertex -1.974334584121431 -49.39157857666015 2
      vertex -2 -49 0
      vertex -1.974334584121431 -49.39157857666015 0
    endloop
  endfacet
  facet normal -0.9807852804032308 -0.1950903220161271 0
    outer loop
      vertex -1.974334584121431 -49.39157857666015 2
      vertex -1.974334584121431 -49.39157857666015 0
      vertex -1.897777478867205 -49.77645713530756 0
    endloop
  endfacet
  facet normal -0.9469301294951055 -0.32143946530316225 0
    outer loop
      vertex -1.77163859753386 -50.14805029709527 2
      vertex -1.897777478867205 -49.77645713530756 0
      vertex -1.77163859753386 -50.14805029709527 0
    endloop
  endfacet
  facet normal -0.8968727415326897 -0.44228869021899825 0
    outer loop
      vertex -1.77163859753386 -50.14805029709527 2
      vertex -1.77163859753386 -50.14805029709527 0
      vertex -1.598076211353316 -50.5 0
    endloop
  endfacet
  facet normal -0.8314696123025457 -0.5555702330196017 0
    outer loop
      vertex -1.598076211353316 -50.5 2
      vertex -1.598076211353316 -50.5 0
      vertex -1.3800600208737057 -50.82628428702616 0
    endloop
  endfacet
  facet normal -0.7518398074789803 -0.6593458151000654 0
    outer loop
      vertex -1.3800600208737057 -50.82628428702616 2
      vertex -1.3800600208737057 -50.82628428702616 0
      vertex -1.1213203435596428 -51.121320343559645 0
    endloop
  endfacet
  facet normal -0.6593458151000661 -0.7518398074789799 0
    outer loop
      vertex -0.826284287026162 -51.38006002087371 2
      vertex -1.1213203435596428 -51.121320343559645 0
      vertex -0.826284287026162 -51.38006002087371 0
    endloop
  endfacet
  facet normal -0.5555702330196004 -0.8314696123025466 0
    outer loop
      vertex -0.826284287026162 -51.38006002087371 2
      vertex -0.826284287026162 -51.38006002087371 0
      vertex -0.5 -51.598076211353316 0
    endloop
  endfacet
  facet normal -0.4422886902189969 -0.8968727415326906 0
    outer loop
      vertex -0.1480502970952693 -51.77163859753386 2
      vertex -0.5 -51.598076211353316 0
      vertex -0.1480502970952693 -51.77163859753386 0
    endloop
  endfacet
  facet normal -0.3214394653031667 -0.946930129495104 0
    outer loop
      vertex -0.1480502970952693 -51.77163859753386 2
      vertex -0.1480502970952693 -51.77163859753386 0
      vertex 0.22354286469243778 -51.897777478867205 0
    endloop
  endfacet
  facet normal -0.19509032201612297 -0.9807852804032315 0
    outer loop
      vertex 0.22354286469243778 -51.897777478867205 2
      vertex 0.22354286469243778 -51.897777478867205 0
      vertex 0.6084214233398453 -51.97433458412143 0
    endloop
  endfacet
  facet normal -0.06540312923014809 -0.9978589232386031 0
    outer loop
      vertex 1 -52 2
      vertex 0.6084214233398453 -51.97433458412143 0
      vertex 1 -52 0
    endloop
  endfacet
  facet normal 0 0 -1
    outer loop
      vertex -2 -49 0
      vertex -1.897777478867205 -49.77645713530756 0
      vertex -1.974334584121431 -49.39157857666015 0
    endloop
  endfacet
  facet normal 0 0 -1
    outer loop
      vertex -2 -49 0
      vertex -1.598076211353316 -50.5 0
      vertex -1.897777478867205 -49.77645713530756 0
    endloop
  endfacet
  facet normal 0 0 -1
    outer loop
      vertex -1.897777478867205 -49.77645713530756 0
      vertex -1.598076211353316 -50.5 0
      vertex -1.77163859753386 -50.14805029709527 0
    endloop
  endfacet
  facet normal 0 0 -1
    outer loop
      vertex -2 -49 0
      vertex -0.826284287026162 -51.38006002087371 0
      vertex -1.598076211353316 -50.5 0
    endloop
  endfacet
  facet normal 0 0 -1
    outer loop
      vertex -0.826284287026162 -51.38006002087371 0
      vertex 0.31454373566452243 -47.778105473225914 0
      vertex 0.30000000000000004 -48 0
    endloop
  endfacet
  facet normal 0 0 -1
    outer loop
      vertex -0.826284287026162 -51.38006002087371 0
      vertex 0.30000000000000004 -48 0
      vertex 0.31454373566452243 -48.221894526774086 0
    endloop
  endfacet
  facet normal 0 0 -1
    outer loop
      vertex -0.826284287026162 -51.38006002087371 0
      vertex 0.31454373566452243 -48.221894526774086 0
      vertex 0.3579260953085839 -48.43999237667428 0
    endloop
  endfacet
  facet normal 0 0 -1
    outer loop
      vertex -0.826284287026162 -51.38006002087371 0
      vertex 0.3579260953085839 -48.43999237667428 0
      vertex 0.4294047947308126 -48.65056183502065 0
    endloop
  endfacet
  facet normal 0 0 -1
    outer loop
      vertex -0.826284287026162 -51.38006002087371 0
      vertex 0.4294047947308126 -48.65056183502065 0
      vertex 0.5277568135664543 -48.85 0
    endloop
  endfacet
  facet normal 0 0 -1
    outer loop
      vertex -0.826284287026162 -51.38006002087371 0
      vertex 0.5277568135664543 -48.85 0
      vertex 0.6512993215049003 -49.034894429314825 0
    endloop
  endfacet
  facet normal 0 0 -1
    outer loop
      vertex -0.826284287026162 -51.38006002087371 0
      vertex 0.6512993215049003 -49.034894429314825 0
      vertex 0.7979184719828691 -49.20208152801713 0
    endloop
  endfacet
  facet normal 0 0 -1
    outer loop
      vertex -0.826284287026162 -51.38006002087371 0
      vertex 0.7979184719828691 -49.20208152801713 0
      vertex 0.965105570685175 -49.3487006784951 0
    endloop
  endfacet
  facet normal 0 0 -1
    outer loop
      vertex -1.598076211353316 -50.5 0
      vertex -0.826284287026162 -51.38006002087371 0
      vertex -1.3800600208737057 -50.82628428702616 0
    endloop
  endfacet
  facet normal 0 0 -1
    outer loop
      vertex -1.3800600208737057 -50.82628428702616 0
      vertex -0.826284287026162 -51.38006002087371 0
      vertex -1.1213203435596428 -51.121320343559645 0
    endloop
  endfacet
  facet normal 0 0 -1
    outer loop
      vertex -0.826284287026162 -51.38006002087371 0
      vertex -0.1480502970952693 -51.77163859753386 0
      vertex -0.5 -51.598076211353316 0
    endloop
  endfacet
  facet normal 0 0 -1
    outer loop
      vertex -0.826284287026162 -51.38006002087371 0
      vertex 1 -52 0
      vertex -0.1480502970952693 -51.77163859753386 0
    endloop
  endfacet
  facet normal 0 0 -1
    outer loop
      vertex -0.826284287026162 -51.38006002087371 0
      vertex 0.965105570685175 -49.3487006784951 0
      vertex 1.15 -49.472243186433545 0
    endloop
  endfacet
  facet normal 0 0 -1
    outer loop
      vertex -0.826284287026162 -51.38006002087371 0
      vertex 1.15 -49.472243186433545 0
      vertex 1.3494381649793474 -49.570595205269186 0
    endloop
  endfacet
  facet normal 0 0 -1
    outer loop
      vertex -0.826284287026162 -51.38006002087371 0
      vertex 1.3494381649793474 -49.570595205269186 0
      vertex 1.5600076233257147 -49.642073904691415 0
    endloop
  endfacet
  facet normal 0 0 -1
    outer loop
      vertex -0.826284287026162 -51.38006002087371 0
      vertex 1.5600076233257147 -49.642073904691415 0
      vertex 1.7781054732259123 -49.68545626433548 0
    endloop
  endfacet
  facet normal 0 0 -1
    outer loop
      vertex -0.826284287026162 -51.38006002087371 0
      vertex 1.7781054732259123 -49.68545626433548 0
      vertex 2 -49.7 0
    endloop
  endfacet
  facet normal 0 0 -1
    outer loop
      vertex -0.826284287026162 -51.38006002087371 0
      vertex 2 -49.7 0
      vertex 2.2218945267740877 -49.68545626433548 0
    endloop
  endfacet
  facet normal 0 0 -1
    outer loop
      vertex -0.826284287026162 -51.38006002087371 0
      vertex 2.2218945267740877 -49.68545626433548 0
      vertex 2.4399923766742853 -49.642073904691415 0
    endloop
  endfacet
  facet normal 0 0 -1
    outer loop
      vertex -0.826284287026162 -51.38006002087371 0
      vertex 2.4399923766742853 -49.642073904691415 0
      vertex 2.6505618350206523 -49.570595205269186 0
    endloop
  endfacet
  facet normal 0 0 -1
    outer loop
      vertex -0.826284287026162 -51.38006002087371 0
      vertex 2.6505618350206523 -49.570595205269186 0
      vertex 2.85 -49.472243186433545 0
    endloop
  endfacet
  facet normal 0 0 -1
    outer loop
      vertex -0.1480502970952693 -51.77163859753386 0
      vertex 1 -52 0
      vertex 0.22354286469243778 -51.897777478867205 0
    endloop
  endfacet
  facet normal 0 0 -1
    outer loop
      vertex 0.22354286469243778 -51.897777478867205 0
      vertex 1 -52 0
      vertex 0.6084214233398453 -51.97433458412143 0
    endloop
  endfacet
  facet normal 0 0 -1
    outer loop
      vertex 16.512990856793024 -21.634682672232987 0
      vertex 3.4722431864335457 -47.15 0
      vertex 3.3487006784950997 -46.965105570685175 0
    endloop
  endfacet
  facet normal 0 0 -1
    outer loop
      vertex 16.6 -21.69282032302755 0
      vertex 3.5705952052691874 -47.34943816497935 0
      vertex 3.4722431864335457 -47.15 0
    endloop
  endfacet
  facet normal 0 0 -1
    outer loop
      vertex 16.6 -21.69282032302755 0
      vertex 3.642073904691416 -47.56000762332572 0
      vertex 3.5705952052691874 -47.34943816497935 0
    endloop
  endfacet
  facet normal 0 0 1
    outer loop
      vertex 1.45 -33 2
      vertex 1.45 -43 2
      vertex 65.0397692609654 -1.45 2
    endloop
  endfacet
  facet normal 0 0 1
    outer loop
      vertex 1.45 -43 2
      vertex 1.45 -44.0397692609654 2
      vertex 65.0397692609654 -1.45 2
    endloop
  endfacet
  facet normal 0 0 1
    outer loop
      vertex 1.45 -44.0397692609654 2
      vertex 2 -46.3 2
      vertex 68.56000762332572 -3.642073904691416 2
    endloop
  endfacet
  facet normal 0 0 1
    outer loop
      vertex 68.56000762332572 -3.642073904691416 2
      vertex 2 -46.3 2
      vertex 2.2218945267740877 -46.31454373566452 2
    endloop
  endfacet
  facet normal 0 0 1
    outer loop
      vertex 68.56000762332572 -3.642073904691416 2
      vertex 2.2218945267740877 -46.31454373566452 2
      vertex 2.4399923766742853 -46.357926095308585 2
    endloop
  endfacet
  facet normal 0 0 1
    outer loop
      vertex 68.56000762332572 -3.642073904691416 2
      vertex 2.4399923766742853 -46.357926095308585 2
      vertex 2.6505618350206523 -46.429404794730814 2
    endloop
  endfacet
  facet normal 0 0 1
    outer loop
      vertex 68.56000762332572 -3.642073904691416 2
      vertex 2.6505618350206523 -46.429404794730814 2
      vertex 2.85 -46.527756813566455 2
    endloop
  endfacet
  facet normal 0 0 1
    outer loop
      vertex 68.56000762332572 -3.642073904691416 2
      vertex 2.85 -46.527756813566455 2
      vertex 3.034894429314825 -46.6512993215049 2
    endloop
  endfacet
  facet normal 0 0 1
    outer loop
      vertex 68.56000762332572 -3.642073904691416 2
      vertex 3.034894429314825 -46.6512993215049 2
      vertex 3.202081528017131 -46.79791847198287 2
    endloop
  endfacet
  facet normal 0 0 1
    outer loop
      vertex 68.56000762332572 -3.642073904691416 2
      vertex 3.202081528017131 -46.79791847198287 2
      vertex 3.3487006784950997 -46.965105570685175 2
    endloop
  endfacet
  facet normal 0 0 1
    outer loop
      vertex 68.56000762332572 -3.642073904691416 2
      vertex 3.3487006784950997 -46.965105570685175 2
      vertex 3.4722431864335457 -47.15 2
    endloop
  endfacet
  facet normal 0 0 1
    outer loop
      vertex 68.56000762332572 -3.642073904691416 2
      vertex 3.4722431864335457 -47.15 2
      vertex 3.5705952052691874 -47.34943816497935 2
    endloop
  endfacet
  facet normal 0 0 1
    outer loop
      vertex 68.56000762332572 -3.642073904691416 2
      vertex 3.5705952052691874 -47.34943816497935 2
      vertex 3.642073904691416 -47.56000762332572 2
    endloop
  endfacet
  facet normal 0 0 1
    outer loop
      vertex 68.56000762332572 -3.642073904691416 2
      vertex 3.642073904691416 -47.56000762332572 2
      vertex 3.6854562643354773 -47.778105473225914 2
    endloop
  endfacet
  facet normal 0 0 1
    outer loop
      vertex 68.56000762332572 -3.642073904691416 2
      vertex 3.6854562643354773 -47.778105473225914 2
      vertex 3.7 -48 2
    endloop
  endfacet
  facet normal 0 0 1
    outer loop
      vertex 68.56000762332572 -3.642073904691416 2
      vertex 3.7 -48 2
      vertex 3.6854562643354773 -48.221894526774086 2
    endloop
  endfacet
  facet normal 0 0 1
    outer loop
      vertex 68.56000762332572 -3.642073904691416 2
      vertex 3.6854562643354773 -48.221894526774086 2
      vertex 3.642073904691416 -48.43999237667428 2
    endloop
  endfacet
  facet normal 0 0 1
    outer loop
      vertex 1 -52 2
      vertex 68.56000762332572 -3.642073904691416 2
      vertex 3.3487006784950997 -49.034894429314825 2
    endloop
  endfacet
  facet normal 0 0 1
    outer loop
      vertex 68.56000762332572 -3.642073904691416 2
      vertex 3.5705952052691874 -48.65056183502065 2
      vertex 3.4722431864335457 -48.85 2
    endloop
  endfacet
  facet normal 0 0 1
    outer loop
      vertex 68.56000762332572 -3.642073904691416 2
      vertex 3.4722431864335457 -48.85 2
      vertex 3.3487006784950997 -49.034894429314825 2
    endloop
  endfacet
  facet normal 0 0 1
    outer loop
      vertex 68.56000762332572 -3.642073904691416 2
      vertex 3.642073904691416 -48.43999237667428 2
      vertex 3.5705952052691874 -48.65056183502065 2
    endloop
  endfacet
  facet normal 0 0 1
    outer loop
      vertex 1 -52 2
      vertex 5.9602307390346 -48.550000000000004 2
      vertex 69 -3.7 2
    endloop
  endfacet
  facet normal 0 0 -1
    outer loop
      vertex 17.8 -9 0
      vertex 67.31454373566453 -48.221894526774086 0
      vertex 17.8 -21 0
    endloop
  endfacet
  facet normal 0 0 -1
    outer loop
      vertex 67.31454373566453 -48.221894526774086 0
      vertex 17.793155889099047 -21.104420953776042 0
      vertex 17.8 -21 0
    endloop
  endfacet
  facet normal 0 0 -1
    outer loop
      vertex 67.31454373566453 -48.221894526774086 0
      vertex 17.772740661031253 -21.207055236082017 0
      vertex 17.793155889099047 -21.104420953776042 0
    endloop
  endfacet
  facet normal 0 0 -1
    outer loop
      vertex 67.31454373566453 -48.221894526774086 0
      vertex 17.73910362600903 -21.30614674589207 0
      vertex 17.772740661031253 -21.207055236082017 0
    endloop
  endfacet
  facet normal 0 0 -1
    outer loop
      vertex 67.31454373566453 -48.221894526774086 0
      vertex 17.565685424949237 -21.565685424949237 0
      vertex 17.634682672232987 -21.487009143206976 0
    endloop
  endfacet
  facet normal 0 0 -1
    outer loop
      vertex 67.31454373566453 -48.221894526774086 0
      vertex 17.69282032302755 -21.4 0
      vertex 17.73910362600903 -21.30614674589207 0
    endloop
  endfacet
  facet normal 0 0 -1
    outer loop
      vertex 67.31454373566453 -48.221894526774086 0
      vertex 17.634682672232987 -21.487009143206976 0
      vertex 17.69282032302755 -21.4 0
    endloop
  endfacet
  facet normal 0 -1 0
    outer loop
      vertex 1 -52 2
      vertex 1 -52 0
      vertex 70 -52 2
    endloop
  endfacet
  facet normal 0 0 1
    outer loop
      vertex 1 -52 2
      vertex 71.82628428702616 -51.38006002087371 2
      vertex 5.5873879716455805 -49.75 2
    endloop
  endfacet
  facet normal 0 0 -1
    outer loop
      vertex 67.31454373566453 -48.221894526774086 0
      vertex 3.6854562643354773 -47.778105473225914 0
      vertex 3.642073904691416 -47.56000762332572 0
    endloop
  endfacet
  facet normal 0 0 -1
    outer loop
      vertex 67.31454373566453 -48.221894526774086 0
      vertex 3.7 -48 0
      vertex 3.6854562643354773 -47.778105473225914 0
    endloop
  endfacet
  facet normal 0 0 -1
    outer loop
      vertex 67.31454373566453 -48.221894526774086 0
      vertex 3.6854562643354773 -48.221894526774086 0
      vertex 3.7 -48 0
    endloop
  endfacet
  facet normal 0 0 -1
    outer loop
      vertex 3.6854562643354773 -48.221894526774086 0
      vertex 67.35792609530858 -48.43999237667428 0
      vertex 3.642073904691416 -48.43999237667428 0
    endloop
  endfacet
  facet normal 0 0 -1
    outer loop
      vertex 3.642073904691416 -48.43999237667428 0
      vertex 67.42940479473081 -48.65056183502065 0
      vertex 3.5705952052691874 -48.65056183502065 0
    endloop
  endfacet
  facet normal 0 0 -1
    outer loop
      vertex -0.826284287026162 -51.38006002087371 0
      vertex 2.85 -49.472243186433545 0
      vertex 67.96510557068518 -49.3487006784951 0
    endloop
  endfacet
  facet normal 0 0 -1
    outer loop
      vertex 3.5705952052691874 -48.65056183502065 0
      vertex 67.52775681356646 -48.85 0
      vertex 3.4722431864335457 -48.85 0
    endloop
  endfacet
  facet normal 0 0 -1
    outer loop
      vertex 3.4722431864335457 -48.85 0
      vertex 67.6512993215049 -49.034894429314825 0
      vertex 3.3487006784950997 -49.034894429314825 0
    endloop
  endfacet
  facet normal 0 0 -1
    outer loop
      vertex 2.85 -49.472243186433545 0
      vertex 3.034894429314825 -49.3487006784951 0
      vertex 67.96510557068518 -49.3487006784951 0
    endloop
  endfacet
  facet normal 0 0 -1
    outer loop
      vertex 3.3487006784950997 -49.034894429314825 0
      vertex 67.79791847198287 -49.20208152801713 0
      vertex 3.202081528017131 -49.20208152801713 0
    endloop
  endfacet
  facet normal 0 0 -1
    outer loop
      vertex 3.034894429314825 -49.3487006784951 0
      vertex 3.202081528017131 -49.20208152801713 0
      vertex 67.96510557068518 -49.3487006784951 0
    endloop
  endfacet
  facet normal 0 0 -1
    outer loop
      vertex -0.826284287026162 -51.38006002087371 0
      vertex 71.82628428702616 -51.38006002087371 0
      vertex 1 -52 0
    endloop
  endfacet
  facet normal 0 0 -1
    outer loop
      vertex 67.31454373566453 -48.221894526774086 0
      vertex 3.642073904691416 -47.56000762332572 0
      vertex 17.565685424949237 -21.565685424949237 0
    endloop
  endfacet
  facet normal 0 0 1
    outer loop
      vertex -0.826284287026162 1.3800600208737057 2
      vertex 65.41261202835442 -0.25 2
      vertex 71.82628428702616 1.3800600208737057 2
    endloop
  endfacet
  facet normal 0 0 1
    outer loop
      vertex 1 2 2
      vertex 71.82628428702616 1.3800600208737057 2
      vertex 70 2 2
    endloop
  endfacet
  facet normal 0 0 -1
    outer loop
      vertex -0.826284287026162 1.3800600208737057 0
      vertex 67.79791847198287 -0.7979184719828691 0
      vertex 67.6512993215049 -0.965105570685175 0
    endloop
  endfacet
  facet normal 0 0 -1
    outer loop
      vertex -0.826284287026162 1.3800600208737057 0
      vertex 67.6512993215049 -0.965105570685175 0
      vertex 67.52775681356646 -1.15 0
    endloop
  endfacet
  facet normal 0 0 -1
    outer loop
      vertex -0.826284287026162 1.3800600208737057 0
      vertex 67.52775681356646 -1.15 0
      vertex 67.42940479473081 -1.3494381649793474 0
    endloop
  endfacet
  facet normal 0 0 -1
    outer loop
      vertex -0.826284287026162 1.3800600208737057 0
      vertex 67.42940479473081 -1.3494381649793474 0
      vertex 67.35792609530858 -1.5600076233257147 0
    endloop
  endfacet
  facet normal 0 0 -1
    outer loop
      vertex -0.826284287026162 1.3800600208737057 0
      vertex 67.35792609530858 -1.5600076233257147 0
      vertex 67.31454373566453 -1.7781054732259123 0
    endloop
  endfacet
  facet normal 0 0 -1
    outer loop
      vertex -0.826284287026162 1.3800600208737057 0
      vertex 67.31454373566453 -1.7781054732259123 0
      vertex 67.3 -2 0
    endloop
  endfacet
  facet normal 0 0 -1
    outer loop
      vertex -0.826284287026162 1.3800600208737057 0
      vertex 67.3 -2 0
      vertex 67.31454373566453 -2.2218945267740877 0
    endloop
  endfacet
  facet normal 0 0 -1
    outer loop
      vertex -0.826284287026162 1.3800600208737057 0
      vertex 67.31454373566453 -2.2218945267740877 0
      vertex 67.35792609530858 -2.4399923766742853 0
    endloop
  endfacet
  facet normal 0 0 -1
    outer loop
      vertex -0.826284287026162 1.3800600208737057 0
      vertex 67.35792609530858 -2.4399923766742853 0
      vertex 67.42940479473081 -2.6505618350206523 0
    endloop
  endfacet
  facet normal 0 0 -1
    outer loop
      vertex -0.826284287026162 1.3800600208737057 0
      vertex 67.42940479473081 -2.6505618350206523 0
      vertex 67.52775681356646 -2.85 0
    endloop
  endfacet
  facet normal 0 0 -1
    outer loop
      vertex -0.826284287026162 1.3800600208737057 0
      vertex 67.52775681356646 -2.85 0
      vertex 67.6512993215049 -3.034894429314825 0
    endloop
  endfacet
  facet normal 0 1 0
    outer loop
      vertex 1 2 0
      vertex 70 2 2
      vertex 70 2 0
    endloop
  endfacet
  facet normal 0 0 -1
    outer loop
      vertex -0.826284287026162 1.3800600208737057 0
      vertex 71.82628428702616 1.3800600208737057 0
      vertex 69 -0.30000000000000004 0
    endloop
  endfacet
  facet normal 0 0 -1
    outer loop
      vertex -0.826284287026162 1.3800600208737057 0
      vertex 67.96510557068518 -0.6512993215049003 0
      vertex 67.79791847198287 -0.7979184719828691 0
    endloop
  endfacet
  facet normal 0 0 -1
    outer loop
      vertex -0.826284287026162 1.3800600208737057 0
      vertex 68.15 -0.5277568135664543 0
      vertex 67.96510557068518 -0.6512993215049003 0
    endloop
  endfacet
  facet normal 0 0 -1
    outer loop
      vertex -0.826284287026162 1.3800600208737057 0
      vertex 68.34943816497935 -0.4294047947308126 0
      vertex 68.15 -0.5277568135664543 0
    endloop
  endfacet
  facet normal 0 0 -1
    outer loop
      vertex -0.826284287026162 1.3800600208737057 0
      vertex 68.56000762332572 -0.3579260953085839 0
      vertex 68.34943816497935 -0.4294047947308126 0
    endloop
  endfacet
  facet normal 0 0 -1
    outer loop
      vertex -0.826284287026162 1.3800600208737057 0
      vertex 68.7781054732259 -0.31454373566452243 0
      vertex 68.56000762332572 -0.3579260953085839 0
    endloop
  endfacet
  facet normal 0 0 -1
    outer loop
      vertex -0.826284287026162 1.3800600208737057 0
      vertex 69 -0.30000000000000004 0
      vertex 68.7781054732259 -0.31454373566452243 0
    endloop
  endfacet
  facet normal 0 0 -1
    outer loop
      vertex 1 2 0
      vertex 70 2 0
      vertex 71.82628428702616 1.3800600208737057 0
    endloop
  endfacet
  facet normal 0 0 1
    outer loop
      vertex 1.45 -44.0397692609654 2
      vertex 67.35792609530858 -2.4399923766742853 2
      vertex 65.0397692609654 -1.45 2
    endloop
  endfacet
  facet normal 0 0 1
    outer loop
      vertex 1.45 -44.0397692609654 2
      vertex 67.42940479473081 -2.6505618350206523 2
      vertex 67.35792609530858 -2.4399923766742853 2
    endloop
  endfacet
  facet normal 0 0 1
    outer loop
      vertex 1.45 -44.0397692609654 2
      vertex 67.52775681356646 -2.85 2
      vertex 67.42940479473081 -2.6505618350206523 2
    endloop
  endfacet
  facet normal 0 0 1
    outer loop
      vertex 1.45 -44.0397692609654 2
      vertex 67.6512993215049 -3.034894429314825 2
      vertex 67.52775681356646 -2.85 2
    endloop
  endfacet
  facet normal 0 0 1
    outer loop
      vertex 1.45 -44.0397692609654 2
      vertex 67.79791847198287 -3.202081528017131 2
      vertex 67.6512993215049 -3.034894429314825 2
    endloop
  endfacet
  facet normal 0 0 1
    outer loop
      vertex 1.45 -44.0397692609654 2
      vertex 67.96510557068518 -3.3487006784950997 2
      vertex 67.79791847198287 -3.202081528017131 2
    endloop
  endfacet
  facet normal 0 0 1
    outer loop
      vertex 1.45 -44.0397692609654 2
      vertex 68.15 -3.4722431864335457 2
      vertex 67.96510557068518 -3.3487006784950997 2
    endloop
  endfacet
  facet normal 0 0 1
    outer loop
      vertex 1.45 -44.0397692609654 2
      vertex 68.34943816497935 -3.5705952052691874 2
      vertex 68.15 -3.4722431864335457 2
    endloop
  endfacet
  facet normal 0 0 1
    outer loop
      vertex 1.45 -44.0397692609654 2
      vertex 68.56000762332572 -3.642073904691416 2
      vertex 68.34943816497935 -3.5705952052691874 2
    endloop
  endfacet
  facet normal 0 0 1
    outer loop
      vertex 1 -52 2
      vertex 68.7781054732259 -3.6854562643354773 2
      vertex 68.56000762332572 -3.642073904691416 2
    endloop
  endfacet
  facet normal 0 0 1
    outer loop
      vertex 1 -52 2
      vertex 69 -3.7 2
      vertex 68.7781054732259 -3.6854562643354773 2
    endloop
  endfacet
  facet normal 0 0 1
    outer loop
      vertex 5.9602307390346 -48.550000000000004 2
      vertex 69.55 -5.9602307390346025 2
      vertex 69 -3.7 2
    endloop
  endfacet
  facet normal 0 0 -1
    outer loop
      vertex 17.634682672232987 -8.512990856793024 0
      vertex 67.6512993215049 -3.034894429314825 0
      vertex 69.65056183502065 -46.429404794730814 0
    endloop
  endfacet
  facet normal 0 0 1
    outer loop
      vertex 65.13629669484372 -0.964723819589917 2
      vertex 65.0397692609654 -1.45 2
      vertex 67.52775681356646 -1.15 2
    endloop
  endfacet
  facet normal 0 0 1
    outer loop
      vertex 65.13629669484372 -0.964723819589917 2
      vertex 67.96510557068518 -0.6512993215049003 2
      vertex 68.15 -0.5277568135664543 2
    endloop
  endfacet
  facet normal 0 0 1
    outer loop
      vertex 65.13629669484372 -0.964723819589917 2
      vertex 67.79791847198287 -0.7979184719828691 2
      vertex 67.96510557068518 -0.6512993215049003 2
    endloop
  endfacet
  facet normal 0 0 1
    outer loop
      vertex 65.13629669484372 -0.964723819589917 2
      vertex 67.6512993215049 -0.965105570685175 2
      vertex 67.79791847198287 -0.7979184719828691 2
    endloop
  endfacet
  facet normal 0 0 1
    outer loop
      vertex 65.13629669484372 -0.964723819589917 2
      vertex 67.52775681356646 -1.15 2
      vertex 67.6512993215049 -0.965105570685175 2
    endloop
  endfacet
  facet normal 0 0 1
    outer loop
      vertex 65.0397692609654 -1.45 2
      vertex 67.42940479473081 -1.3494381649793474 2
      vertex 67.52775681356646 -1.15 2
    endloop
  endfacet
  facet normal 0 0 1
    outer loop
      vertex 65.30448186995486 -0.4692662705396409 2
      vertex 65.13629669484372 -0.964723819589917 2
      vertex 71.82628428702616 1.3800600208737057 2
    endloop
  endfacet
  facet normal 0 0 1
    outer loop
      vertex 65.30448186995486 -0.4692662705396409 2
      vertex 71.82628428702616 1.3800600208737057 2
      vertex 65.41261202835442 -0.25 2
    endloop
  endfacet
  facet normal 0 0 1
    outer loop
      vertex 65.0397692609654 -1.45 2
      vertex 67.3 -2 2
      vertex 67.31454373566453 -1.7781054732259123 2
    endloop
  endfacet
  facet normal 0 0 1
    outer loop
      vertex 65.0397692609654 -1.45 2
      vertex 67.31454373566453 -2.2218945267740877 2
      vertex 67.3 -2 2
    endloop
  endfacet
  facet normal 0 0 1
    outer loop
      vertex 65.0397692609654 -1.45 2
      vertex 67.35792609530858 -1.5600076233257147 2
      vertex 67.42940479473081 -1.3494381649793474 2
    endloop
  endfacet
  facet normal 0 0 1
    outer loop
      vertex 65.0397692609654 -1.45 2
      vertex 67.31454373566453 -1.7781054732259123 2
      vertex 67.35792609530858 -1.5600076233257147 2
    endloop
  endfacet
  facet normal 0 0 1
    outer loop
      vertex 65.0397692609654 -1.45 2
      vertex 67.35792609530858 -2.4399923766742853 2
      vertex 67.31454373566453 -2.2218945267740877 2
    endloop
  endfacet
  facet normal 0 0 1
    outer loop
      vertex 70 2 2
      vertex 70.77645713530757 1.897777478867205 2
      vertex 70.39157857666015 1.974334584121431 2
    endloop
  endfacet
  facet normal 0 0 1
    outer loop
      vertex 65.13629669484372 -0.964723819589917 2
      vertex 68.15 -0.5277568135664543 2
      vertex 71.82628428702616 1.3800600208737057 2
    endloop
  endfacet
  facet normal 0 0 1
    outer loop
      vertex 71.82628428702616 1.3800600208737057 2
      vertex 68.15 -0.5277568135664543 2
      vertex 68.34943816497935 -0.4294047947308126 2
    endloop
  endfacet
  facet normal 0 0 1
    outer loop
      vertex 71.82628428702616 1.3800600208737057 2
      vertex 68.34943816497935 -0.4294047947308126 2
      vertex 68.56000762332572 -0.3579260953085839 2
    endloop
  endfacet
  facet normal 0 0 1
    outer loop
      vertex 71.82628428702616 1.3800600208737057 2
      vertex 68.56000762332572 -0.3579260953085839 2
      vertex 68.7781054732259 -0.31454373566452243 2
    endloop
  endfacet
  facet normal 0 0 1
    outer loop
      vertex 71.82628428702616 1.3800600208737057 2
      vertex 68.7781054732259 -0.31454373566452243 2
      vertex 69 -0.30000000000000004 2
    endloop
  endfacet
  facet normal 0 0 1
    outer loop
      vertex 71.82628428702616 1.3800600208737057 2
      vertex 69 -0.30000000000000004 2
      vertex 69.2218945267741 -0.31454373566452243 2
    endloop
  endfacet
  facet normal 0 0 1
    outer loop
      vertex 71.82628428702616 1.3800600208737057 2
      vertex 69.2218945267741 -0.31454373566452243 2
      vertex 69.43999237667428 -0.3579260953085839 2
    endloop
  endfacet
  facet normal 0 0 1
    outer loop
      vertex 71.82628428702616 1.3800600208737057 2
      vertex 69.43999237667428 -0.3579260953085839 2
      vertex 69.65056183502065 -0.4294047947308126 2
    endloop
  endfacet
  facet normal 0 0 1
    outer loop
      vertex 71.82628428702616 1.3800600208737057 2
      vertex 69.65056183502065 -0.4294047947308126 2
      vertex 69.85 -0.5277568135664543 2
    endloop
  endfacet
  facet normal 0 0 1
    outer loop
      vertex 71.82628428702616 1.3800600208737057 2
      vertex 69.85 -0.5277568135664543 2
      vertex 70.03489442931482 -0.6512993215049003 2
    endloop
  endfacet
  facet normal 0 0 1
    outer loop
      vertex 70 2 2
      vertex 71.82628428702616 1.3800600208737057 2
      vertex 70.77645713530757 1.897777478867205 2
    endloop
  endfacet
  facet normal 0 0 1
    outer loop
      vertex 70.77645713530757 1.897777478867205 2
      vertex 71.82628428702616 1.3800600208737057 2
      vertex 71.14805029709527 1.77163859753386 2
    endloop
  endfacet
  facet normal 0 0 1
    outer loop
      vertex 71.14805029709527 1.77163859753386 2
      vertex 71.82628428702616 1.3800600208737057 2
      vertex 71.5 1.598076211353316 2
    endloop
  endfacet
  facet normal 0 0 1
    outer loop
      vertex 71.82628428702616 1.3800600208737057 2
      vertex 72.59807621135332 0.5 2
      vertex 72.12132034355965 1.1213203435596428 2
    endloop
  endfacet
  facet normal 0 0 1
    outer loop
      vertex 72.12132034355965 1.1213203435596428 2
      vertex 72.59807621135332 0.5 2
      vertex 72.3800600208737 0.826284287026162 2
    endloop
  endfacet
  facet normal 0 0 1
    outer loop
      vertex 71.82628428702616 1.3800600208737057 2
      vertex 70.03489442931482 -0.6512993215049003 2
      vertex 70.20208152801713 -0.7979184719828691 2
    endloop
  endfacet
  facet normal 0 0 1
    outer loop
      vertex 71.82628428702616 1.3800600208737057 2
      vertex 70.20208152801713 -0.7979184719828691 2
      vertex 70.3487006784951 -0.965105570685175 2
    endloop
  endfacet
  facet normal 0 0 1
    outer loop
      vertex 71.82628428702616 1.3800600208737057 2
      vertex 70.3487006784951 -0.965105570685175 2
      vertex 70.47224318643354 -1.15 2
    endloop
  endfacet
  facet normal 0 0 1
    outer loop
      vertex 71.82628428702616 1.3800600208737057 2
      vertex 70.47224318643354 -1.15 2
      vertex 73 -1 2
    endloop
  endfacet
  facet normal 0 0 1
    outer loop
      vertex 73 -1 2
      vertex 70.47224318643354 -1.15 2
      vertex 70.57059520526919 -1.3494381649793474 2
    endloop
  endfacet
  facet normal 0 0 1
    outer loop
      vertex 73 -1 2
      vertex 70.57059520526919 -1.3494381649793474 2
      vertex 70.64207390469142 -1.5600076233257147 2
    endloop
  endfacet
  facet normal 0 0 1
    outer loop
      vertex 71.82628428702616 1.3800600208737057 2
      vertex 73 -1 2
      vertex 72.59807621135332 0.5 2
    endloop
  endfacet
  facet normal 0 0 1
    outer loop
      vertex 72.59807621135332 0.5 2
      vertex 72.8977774788672 -0.22354286469243778 2
      vertex 72.77163859753387 0.1480502970952693 2
    endloop
  endfacet
  facet normal 0 0 1
    outer loop
      vertex 72.59807621135332 0.5 2
      vertex 73 -1 2
      vertex 72.8977774788672 -0.22354286469243778 2
    endloop
  endfacet
  facet normal 0 0 1
    outer loop
      vertex 72.8977774788672 -0.22354286469243778 2
      vertex 73 -1 2
      vertex 72.97433458412144 -0.6084214233398453 2
    endloop
  endfacet
  facet normal 0 0 1
    outer loop
      vertex 69.55 -5.9602307390346025 2
      vertex 69.2218945267741 -3.6854562643354773 2
      vertex 69 -3.7 2
    endloop
  endfacet
  facet normal 0 0 1
    outer loop
      vertex 69.55 -5.9602307390346025 2
      vertex 69.43999237667428 -3.642073904691416 2
      vertex 69.2218945267741 -3.6854562643354773 2
    endloop
  endfacet
  facet normal 0 0 1
    outer loop
      vertex 69.55 -5.9602307390346025 2
      vertex 70.03489442931482 -3.3487006784950997 2
      vertex 69.85 -3.4722431864335457 2
    endloop
  endfacet
  facet normal 0 0 1
    outer loop
      vertex 69.55 -5.9602307390346025 2
      vertex 69.65056183502065 -3.5705952052691874 2
      vertex 69.43999237667428 -3.642073904691416 2
    endloop
  endfacet
  facet normal 0 0 1
    outer loop
      vertex 69.55 -5.9602307390346025 2
      vertex 69.85 -3.4722431864335457 2
      vertex 69.65056183502065 -3.5705952052691874 2
    endloop
  endfacet
  facet normal 0 0 1
    outer loop
      vertex 73 -1 2
      vertex 70.64207390469142 -1.5600076233257147 2
      vertex 70.68545626433547 -1.7781054732259123 2
    endloop
  endfacet
  facet normal 0 0 1
    outer loop
      vertex 73 -1 2
      vertex 70.68545626433547 -1.7781054732259123 2
      vertex 70.7 -2 2
    endloop
  endfacet
  facet normal 0 0 1
    outer loop
      vertex 73 -1 2
      vertex 70.7 -2 2
      vertex 70.68545626433547 -2.2218945267740877 2
    endloop
  endfacet
  facet normal 0 0 1
    outer loop
      vertex 73 -1 2
      vertex 70.68545626433547 -2.2218945267740877 2
      vertex 70.64207390469142 -2.4399923766742853 2
    endloop
  endfacet
  facet normal 0 0 1
    outer loop
      vertex 73 -1 2
      vertex 70.57059520526919 -2.6505618350206523 2
      vertex 70.47224318643354 -2.85 2
    endloop
  endfacet
  facet normal 0 0 1
    outer loop
      vertex 73 -1 2
      vertex 70.64207390469142 -2.4399923766742853 2
      vertex 70.57059520526919 -2.6505618350206523 2
    endloop
  endfacet
  facet normal 0 0 1
    outer loop
      vertex 73 -1 2
      vertex 70.3487006784951 -3.034894429314825 2
      vertex 70.20208152801713 -3.202081528017131 2
    endloop
  endfacet
  facet normal 0 0 1
    outer loop
      vertex 73 -1 2
      vertex 70.20208152801713 -3.202081528017131 2
      vertex 70.03489442931482 -3.3487006784950997 2
    endloop
  endfacet
  facet normal 0 0 1
    outer loop
      vertex 73 -1 2
      vertex 70.47224318643354 -2.85 2
      vertex 70.3487006784951 -3.034894429314825 2
    endloop
  endfacet
  facet normal 0 0 1
    outer loop
      vertex 73 -1 2
      vertex 70.03489442931482 -3.3487006784950997 2
      vertex 69.55 -5.9602307390346025 2
    endloop
  endfacet
  facet normal 0 0 1
    outer loop
      vertex 73 -1 2
      vertex 69.55 -5.9602307390346025 2
      vertex 70.03527618041008 -5.863703305156273 2
    endloop
  endfacet
  facet normal 0 0 1
    outer loop
      vertex 73 -1 2
      vertex 70.03527618041008 -5.863703305156273 2
      vertex 70.75 -5.587387971645582 2
    endloop
  endfacet
  facet normal 0.0654031292301441 0.9978589232386035 0
    outer loop
      vertex 70 2 2
      vertex 70.39157857666015 1.974334584121431 2
      vertex 70 2 0
    endloop
  endfacet
  facet normal 0.19509032201612364 0.9807852804032313 9.634231267166502e-19
    outer loop
      vertex 70.39157857666015 1.974334584121431 2
      vertex 70.77645713530757 1.897777478867205 2
      vertex 70.77645713530757 1.897777478867205 0
    endloop
  endfacet
  facet normal 0.32143946530316775 0.9469301294951036 0
    outer loop
      vertex 70.77645713530757 1.897777478867205 2
      vertex 71.14805029709527 1.77163859753386 2
      vertex 70.77645713530757 1.897777478867205 0
    endloop
  endfacet
  facet normal 0.44228869021899825 0.8968727415326897 0
    outer loop
      vertex 71.14805029709527 1.77163859753386 2
      vertex 71.5 1.598076211353316 2
      vertex 71.14805029709527 1.77163859753386 0
    endloop
  endfacet
  facet normal 0.5555702330196101 0.83146961230254 -8.768705765695768e-18
    outer loop
      vertex 71.5 1.598076211353316 2
      vertex 71.82628428702616 1.3800600208737057 2
      vertex 71.82628428702616 1.3800600208737057 0
    endloop
  endfacet
  facet normal 0.6593458151000565 0.7518398074789883 -4.10384388927212e-18
    outer loop
      vertex 71.82628428702616 1.3800600208737057 2
      vertex 72.12132034355965 1.1213203435596428 2
      vertex 72.12132034355965 1.1213203435596428 0
    endloop
  endfacet
  facet normal 0.7518398074789889 0.6593458151000557 -7.004209210627327e-18
    outer loop
      vertex 72.12132034355965 1.1213203435596428 2
      vertex 72.3800600208737 0.826284287026162 2
      vertex 72.3800600208737 0.826284287026162 0
    endloop
  endfacet
  facet normal 0.8314696123025381 0.5555702330196128 0
    outer loop
      vertex 72.3800600208737 0.826284287026162 2
      vertex 72.59807621135332 0.5 2
      vertex 72.3800600208737 0.826284287026162 0
    endloop
  endfacet
  facet normal 0.8968727415326833 0.44228869021901146 4.31439041831581e-18
    outer loop
      vertex 72.59807621135332 0.5 2
      vertex 72.77163859753387 0.1480502970952693 2
      vertex 72.77163859753387 0.1480502970952693 0
    endloop
  endfacet
  facet normal 0.946930129495115 0.3214394653031342 0
    outer loop
      vertex 72.77163859753387 0.1480502970952693 2
      vertex 72.8977774788672 -0.22354286469243778 2
      vertex 72.77163859753387 0.1480502970952693 0
    endloop
  endfacet
  facet normal 0.9807852804032245 0.1950903220161578 1.7746320822018843e-18
    outer loop
      vertex 72.8977774788672 -0.22354286469243778 2
      vertex 72.97433458412144 -0.6084214233398453 2
      vertex 72.97433458412144 -0.6084214233398453 0
    endloop
  endfacet
  facet normal 0.9978589232386043 0.06540312923013004 0
    outer loop
      vertex 72.97433458412144 -0.6084214233398453 2
      vertex 73 -1 2
      vertex 72.97433458412144 -0.6084214233398453 0
    endloop
  endfacet
  facet normal 0 0 1
    outer loop
      vertex 70.03527618041008 -5.863703305156273 2
      vertex 70.53073372946037 -5.695518130045147 2
      vertex 70.75 -5.587387971645582 2
    endloop
  endfacet
  facet normal 0.0654031292301441 0.9978589232386035 0
    outer loop
      vertex 70.39157857666015 1.974334584121431 2
      vertex 70.39157857666015 1.974334584121431 0
      vertex 70 2 0
    endloop
  endfacet
  facet normal 0.19509032201612364 0.9807852804032313 0
    outer loop
      vertex 70.39157857666015 1.974334584121431 2
      vertex 70.77645713530757 1.897777478867205 0
      vertex 70.39157857666015 1.974334584121431 0
    endloop
  endfacet
  facet normal 0.32143946530316775 0.9469301294951036 0
    outer loop
      vertex 71.14805029709527 1.77163859753386 2
      vertex 71.14805029709527 1.77163859753386 0
      vertex 70.77645713530757 1.897777478867205 0
    endloop
  endfacet
  facet normal 0.44228869021899825 0.8968727415326897 0
    outer loop
      vertex 71.5 1.598076211353316 2
      vertex 71.5 1.598076211353316 0
      vertex 71.14805029709527 1.77163859753386 0
    endloop
  endfacet
  facet normal 0.5555702330196101 0.83146961230254 0
    outer loop
      vertex 71.5 1.598076211353316 2
      vertex 71.82628428702616 1.3800600208737057 0
      vertex 71.5 1.598076211353316 0
    endloop
  endfacet
  facet normal 0.6593458151000565 0.7518398074789883 0
    outer loop
      vertex 71.82628428702616 1.3800600208737057 2
      vertex 72.12132034355965 1.1213203435596428 0
      vertex 71.82628428702616 1.3800600208737057 0
    endloop
  endfacet
  facet normal 0.7518398074789889 0.6593458151000557 0
    outer loop
      vertex 72.12132034355965 1.1213203435596428 2
      vertex 72.3800600208737 0.826284287026162 0
      vertex 72.12132034355965 1.1213203435596428 0
    endloop
  endfacet
  facet normal 0.8314696123025381 0.5555702330196128 0
    outer loop
      vertex 72.59807621135332 0.5 2
      vertex 72.59807621135332 0.5 0
      vertex 72.3800600208737 0.826284287026162 0
    endloop
  endfacet
  facet normal 0.8968727415326833 0.44228869021901146 0
    outer loop
      vertex 72.59807621135332 0.5 2
      vertex 72.77163859753387 0.1480502970952693 0
      vertex 72.59807621135332 0.5 0
    endloop
  endfacet
  facet normal 0.946930129495115 0.3214394653031342 0
    outer loop
      vertex 72.8977774788672 -0.22354286469243778 2
      vertex 72.8977774788672 -0.22354286469243778 0
      vertex 72.77163859753387 0.1480502970952693 0
    endloop
  endfacet
  facet normal 0.9807852804032245 0.1950903220161578 0
    outer loop
      vertex 72.8977774788672 -0.22354286469243778 2
      vertex 72.97433458412144 -0.6084214233398453 0
      vertex 72.8977774788672 -0.22354286469243778 0
    endloop
  endfacet
  facet normal 0.9978589232386043 0.06540312923013004 0
    outer loop
      vertex 73 -1 2
      vertex 73 -1 0
      vertex 72.97433458412144 -0.6084214233398453 0
    endloop
  endfacet
  facet normal 0 0 -1
    outer loop
      vertex 70 2 0
      vertex 70.39157857666015 1.974334584121431 0
      vertex 70.77645713530757 1.897777478867205 0
    endloop
  endfacet
  facet normal 0 0 -1
    outer loop
      vertex 71.82628428702616 1.3800600208737057 0
      vertex 69.2218945267741 -0.31454373566452243 0
      vertex 69 -0.30000000000000004 0
    endloop
  endfacet
  facet normal 0 0 -1
    outer loop
      vertex 71.82628428702616 1.3800600208737057 0
      vertex 69.43999237667428 -0.3579260953085839 0
      vertex 69.2218945267741 -0.31454373566452243 0
    endloop
  endfacet
  facet normal 0 0 -1
    outer loop
      vertex 71.82628428702616 1.3800600208737057 0
      vertex 69.65056183502065 -0.4294047947308126 0
      vertex 69.43999237667428 -0.3579260953085839 0
    endloop
  endfacet
  facet normal 0 0 -1
    outer loop
      vertex 71.82628428702616 1.3800600208737057 0
      vertex 69.85 -0.5277568135664543 0
      vertex 69.65056183502065 -0.4294047947308126 0
    endloop
  endfacet
  facet normal 0 0 -1
    outer loop
      vertex 71.82628428702616 1.3800600208737057 0
      vertex 70.03489442931482 -0.6512993215049003 0
      vertex 69.85 -0.5277568135664543 0
    endloop
  endfacet
  facet normal 0 0 -1
    outer loop
      vertex 70 2 0
      vertex 70.77645713530757 1.897777478867205 0
      vertex 71.82628428702616 1.3800600208737057 0
    endloop
  endfacet
  facet normal 0 0 -1
    outer loop
      vertex 70.77645713530757 1.897777478867205 0
      vertex 71.14805029709527 1.77163859753386 0
      vertex 71.82628428702616 1.3800600208737057 0
    endloop
  endfacet
  facet normal 0 0 -1
    outer loop
      vertex 71.14805029709527 1.77163859753386 0
      vertex 71.5 1.598076211353316 0
      vertex 71.82628428702616 1.3800600208737057 0
    endloop
  endfacet
  facet normal 0 0 -1
    outer loop
      vertex 71.82628428702616 1.3800600208737057 0
      vertex 72.12132034355965 1.1213203435596428 0
      vertex 72.59807621135332 0.5 0
    endloop
  endfacet
  facet normal 0 0 -1
    outer loop
      vertex 72.12132034355965 1.1213203435596428 0
      vertex 72.3800600208737 0.826284287026162 0
      vertex 72.59807621135332 0.5 0
    endloop
  endfacet
  facet normal 0 0 -1
    outer loop
      vertex 71.82628428702616 1.3800600208737057 0
      vertex 70.20208152801713 -0.7979184719828691 0
      vertex 70.03489442931482 -0.6512993215049003 0
    endloop
  endfacet
  facet normal 0 0 -1
    outer loop
      vertex 71.82628428702616 1.3800600208737057 0
      vertex 70.3487006784951 -0.965105570685175 0
      vertex 70.20208152801713 -0.7979184719828691 0
    endloop
  endfacet
  facet normal 0 0 -1
    outer loop
      vertex 71.82628428702616 1.3800600208737057 0
      vertex 70.47224318643354 -1.15 0
      vertex 70.3487006784951 -0.965105570685175 0
    endloop
  endfacet
  facet normal 0 0 -1
    outer loop
      vertex 71.82628428702616 1.3800600208737057 0
      vertex 70.57059520526919 -1.3494381649793474 0
      vertex 70.47224318643354 -1.15 0
    endloop
  endfacet
  facet normal 0 0 -1
    outer loop
      vertex 71.82628428702616 1.3800600208737057 0
      vertex 70.64207390469142 -1.5600076233257147 0
      vertex 70.57059520526919 -1.3494381649793474 0
    endloop
  endfacet
  facet normal 0 0 -1
    outer loop
      vertex 71.82628428702616 1.3800600208737057 0
      vertex 70.68545626433547 -1.7781054732259123 0
      vertex 70.64207390469142 -1.5600076233257147 0
    endloop
  endfacet
  facet normal 0 0 -1
    outer loop
      vertex 71.82628428702616 1.3800600208737057 0
      vertex 70.7 -2 0
      vertex 70.68545626433547 -1.7781054732259123 0
    endloop
  endfacet
  facet normal 0 0 -1
    outer loop
      vertex 71.82628428702616 1.3800600208737057 0
      vertex 72.59807621135332 0.5 0
      vertex 73 -1 0
    endloop
  endfacet
  facet normal 0 0 -1
    outer loop
      vertex 72.59807621135332 0.5 0
      vertex 72.77163859753387 0.1480502970952693 0
      vertex 72.8977774788672 -0.22354286469243778 0
    endloop
  endfacet
  facet normal 0 0 -1
    outer loop
      vertex 72.59807621135332 0.5 0
      vertex 72.8977774788672 -0.22354286469243778 0
      vertex 73 -1 0
    endloop
  endfacet
  facet normal 0 0 -1
    outer loop
      vertex 72.8977774788672 -0.22354286469243778 0
      vertex 72.97433458412144 -0.6084214233398453 0
      vertex 73 -1 0
    endloop
  endfacet
  facet normal 0 0 1
    outer loop
      vertex 73 -1 2
      vertex 70.75 -5.587387971645582 2
      vertex 70.75 -44.41261202835442 2
    endloop
  endfacet
  facet normal 1 0 0
    outer loop
      vertex 73 -1 2
      vertex 73 -49 2
      vertex 73 -1 0
    endloop
  endfacet
  facet normal 0 0 -1
    outer loop
      vertex 71.82628428702616 1.3800600208737057 0
      vertex 71.82628428702616 -51.38006002087371 0
      vertex 70.7 -2 0
    endloop
  endfacet
  facet normal 0 0 -1
    outer loop
      vertex 71.82628428702616 1.3800600208737057 0
      vertex 73 -1 0
      vertex 71.82628428702616 -51.38006002087371 0
    endloop
  endfacet
  facet normal 0 0 -1
    outer loop
      vertex 71.82628428702616 -51.38006002087371 0
      vertex 67.6512993215049 -3.034894429314825 0
      vertex 67.79791847198287 -3.202081528017131 0
    endloop
  endfacet
  facet normal 0 0 -1
    outer loop
      vertex 71.82628428702616 -51.38006002087371 0
      vertex 67.79791847198287 -3.202081528017131 0
      vertex 67.96510557068518 -3.3487006784950997 0
    endloop
  endfacet
  facet normal 0 0 -1
    outer loop
      vertex 71.82628428702616 -51.38006002087371 0
      vertex 67.96510557068518 -3.3487006784950997 0
      vertex 68.15 -3.4722431864335457 0
    endloop
  endfacet
  facet normal 0 0 -1
    outer loop
      vertex 71.82628428702616 -51.38006002087371 0
      vertex 68.15 -3.4722431864335457 0
      vertex 68.34943816497935 -3.5705952052691874 0
    endloop
  endfacet
  facet normal 0 0 -1
    outer loop
      vertex 71.82628428702616 -51.38006002087371 0
      vertex 68.34943816497935 -3.5705952052691874 0
      vertex 68.56000762332572 -3.642073904691416 0
    endloop
  endfacet
  facet normal 0 0 -1
    outer loop
      vertex 71.82628428702616 -51.38006002087371 0
      vertex 68.56000762332572 -3.642073904691416 0
      vertex 68.7781054732259 -3.6854562643354773 0
    endloop
  endfacet
  facet normal 0 0 -1
    outer loop
      vertex 71.82628428702616 -51.38006002087371 0
      vertex 68.7781054732259 -3.6854562643354773 0
      vertex 69 -3.7 0
    endloop
  endfacet
  facet normal 0 0 -1
    outer loop
      vertex 71.82628428702616 -51.38006002087371 0
      vertex 69 -3.7 0
      vertex 69.2218945267741 -3.6854562643354773 0
    endloop
  endfacet
  facet normal 0 0 -1
    outer loop
      vertex 71.82628428702616 -51.38006002087371 0
      vertex 69.65056183502065 -3.5705952052691874 0
      vertex 69.85 -3.4722431864335457 0
    endloop
  endfacet
  facet normal 0 0 -1
    outer loop
      vertex 71.82628428702616 -51.38006002087371 0
      vertex 69.85 -3.4722431864335457 0
      vertex 70.03489442931482 -3.3487006784950997 0
    endloop
  endfacet
  facet normal 0 0 -1
    outer loop
      vertex 71.82628428702616 -51.38006002087371 0
      vertex 69.2218945267741 -3.6854562643354773 0
      vertex 69.43999237667428 -3.642073904691416 0
    endloop
  endfacet
  facet normal 0 0 -1
    outer loop
      vertex 71.82628428702616 -51.38006002087371 0
      vertex 69.43999237667428 -3.642073904691416 0
      vertex 69.65056183502065 -3.5705952052691874 0
    endloop
  endfacet
  facet normal 0 0 -1
    outer loop
      vertex 71.82628428702616 -51.38006002087371 0
      vertex 70.68545626433547 -2.2218945267740877 0
      vertex 70.7 -2 0
    endloop
  endfacet
  facet normal 0 0 -1
    outer loop
      vertex 71.82628428702616 -51.38006002087371 0
      vertex 70.3487006784951 -3.034894429314825 0
      vertex 70.47224318643354 -2.85 0
    endloop
  endfacet
  facet normal 0 0 -1
    outer loop
      vertex 71.82628428702616 -51.38006002087371 0
      vertex 70.64207390469142 -2.4399923766742853 0
      vertex 70.68545626433547 -2.2218945267740877 0
    endloop
  endfacet
  facet normal 0 0 -1
    outer loop
      vertex 71.82628428702616 -51.38006002087371 0
      vertex 70.57059520526919 -2.6505618350206523 0
      vertex 70.64207390469142 -2.4399923766742853 0
    endloop
  endfacet
  facet normal 0 0 -1
    outer loop
      vertex 71.82628428702616 -51.38006002087371 0
      vertex 70.47224318643354 -2.85 0
      vertex 70.57059520526919 -2.6505618350206523 0
    endloop
  endfacet
  facet normal 0 0 -1
    outer loop
      vertex 71.82628428702616 -51.38006002087371 0
      vertex 70.20208152801713 -3.202081528017131 0
      vertex 70.3487006784951 -3.034894429314825 0
    endloop
  endfacet
  facet normal 0 0 -1
    outer loop
      vertex 71.82628428702616 -51.38006002087371 0
      vertex 70.03489442931482 -3.3487006784950997 0
      vertex 70.20208152801713 -3.202081528017131 0
    endloop
  endfacet
  facet normal 0 0 1
    outer loop
      vertex 5.9602307390346 -48.550000000000004 2
      vertex 69.55 -44.03976926096539 2
      vertex 69.55 -5.9602307390346025 2
    endloop
  endfacet
  facet normal 0 0 -1
    outer loop
      vertex 17.8 -9 0
      vertex 68.15 -46.527756813566455 0
      vertex 67.96510557068518 -46.6512993215049 0
    endloop
  endfacet
  facet normal 0 0 -1
    outer loop
      vertex 17.8 -9 0
      vertex 67.79791847198287 -46.79791847198287 0
      vertex 67.6512993215049 -46.965105570685175 0
    endloop
  endfacet
  facet normal 0 0 -1
    outer loop
      vertex 17.8 -9 0
      vertex 67.96510557068518 -46.6512993215049 0
      vertex 67.79791847198287 -46.79791847198287 0
    endloop
  endfacet
  facet normal 0 0 -1
    outer loop
      vertex 17.793155889099047 -8.89557904622396 0
      vertex 68.7781054732259 -46.31454373566452 0
      vertex 68.56000762332572 -46.357926095308585 0
    endloop
  endfacet
  facet normal 0 0 -1
    outer loop
      vertex 17.772740661031253 -8.792944763917983 0
      vertex 69 -46.3 0
      vertex 68.7781054732259 -46.31454373566452 0
    endloop
  endfacet
  facet normal 0 0 -1
    outer loop
      vertex 17.8 -9 0
      vertex 68.34943816497935 -46.429404794730814 0
      vertex 68.15 -46.527756813566455 0
    endloop
  endfacet
  facet normal 0 0 -1
    outer loop
      vertex 17.8 -9 0
      vertex 68.56000762332572 -46.357926095308585 0
      vertex 68.34943816497935 -46.429404794730814 0
    endloop
  endfacet
  facet normal 0 0 -1
    outer loop
      vertex 17.8 -9 0
      vertex 67.6512993215049 -46.965105570685175 0
      vertex 67.52775681356646 -47.15 0
    endloop
  endfacet
  facet normal 0 0 -1
    outer loop
      vertex 17.8 -9 0
      vertex 67.42940479473081 -47.34943816497935 0
      vertex 67.35792609530858 -47.56000762332572 0
    endloop
  endfacet
  facet normal 0 0 -1
    outer loop
      vertex 17.8 -9 0
      vertex 67.52775681356646 -47.15 0
      vertex 67.42940479473081 -47.34943816497935 0
    endloop
  endfacet
  facet normal 0 0 -1
    outer loop
      vertex 17.8 -9 0
      vertex 67.35792609530858 -47.56000762332572 0
      vertex 67.31454373566453 -47.778105473225914 0
    endloop
  endfacet
  facet normal 0 0 -1
    outer loop
      vertex 17.8 -9 0
      vertex 67.31454373566453 -47.778105473225914 0
      vertex 67.3 -48 0
    endloop
  endfacet
  facet normal 0 0 -1
    outer loop
      vertex 17.8 -9 0
      vertex 67.3 -48 0
      vertex 67.31454373566453 -48.221894526774086 0
    endloop
  endfacet
  facet normal 0 0 -1
    outer loop
      vertex 17.73910362600903 -8.693853254107928 0
      vertex 69.2218945267741 -46.31454373566452 0
      vertex 69 -46.3 0
    endloop
  endfacet
  facet normal 0 0 -1
    outer loop
      vertex 17.69282032302755 -8.6 0
      vertex 69.43999237667428 -46.357926095308585 0
      vertex 69.2218945267741 -46.31454373566452 0
    endloop
  endfacet
  facet normal 0 0 -1
    outer loop
      vertex 17.634682672232987 -8.512990856793024 0
      vertex 69.65056183502065 -46.429404794730814 0
      vertex 69.43999237667428 -46.357926095308585 0
    endloop
  endfacet
  facet normal 0 0 1
    outer loop
      vertex 5.9602307390346 -48.550000000000004 2
      vertex 65.0397692609654 -48.550000000000004 2
      vertex 69.55 -44.03976926096539 2
    endloop
  endfacet
  facet normal 0 0 1
    outer loop
      vertex 5.5873879716455805 -49.75 2
      vertex 71.82628428702616 -51.38006002087371 2
      vertex 65.41261202835442 -49.75 2
    endloop
  endfacet
  facet normal 0 0 1
    outer loop
      vertex 1 -52 2
      vertex 70 -52 2
      vertex 71.82628428702616 -51.38006002087371 2
    endloop
  endfacet
  facet normal 0 -1 0
    outer loop
      vertex 1 -52 0
      vertex 70 -52 0
      vertex 70 -52 2
    endloop
  endfacet
  facet normal 0 0 -1
    outer loop
      vertex 3.6854562643354773 -48.221894526774086 0
      vertex 67.31454373566453 -48.221894526774086 0
      vertex 67.35792609530858 -48.43999237667428 0
    endloop
  endfacet
  facet normal 0 0 -1
    outer loop
      vertex 3.642073904691416 -48.43999237667428 0
      vertex 67.35792609530858 -48.43999237667428 0
      vertex 67.42940479473081 -48.65056183502065 0
    endloop
  endfacet
  facet normal 0 0 -1
    outer loop
      vertex -0.826284287026162 -51.38006002087371 0
      vertex 67.96510557068518 -49.3487006784951 0
      vertex 68.15 -49.472243186433545 0
    endloop
  endfacet
  facet normal 0 0 -1
    outer loop
      vertex -0.826284287026162 -51.38006002087371 0
      vertex 68.15 -49.472243186433545 0
      vertex 68.34943816497935 -49.570595205269186 0
    endloop
  endfacet
  facet normal 0 0 -1
    outer loop
      vertex -0.826284287026162 -51.38006002087371 0
      vertex 68.34943816497935 -49.570595205269186 0
      vertex 68.56000762332572 -49.642073904691415 0
    endloop
  endfacet
  facet normal 0 0 -1
    outer loop
      vertex -0.826284287026162 -51.38006002087371 0
      vertex 68.56000762332572 -49.642073904691415 0
      vertex 68.7781054732259 -49.68545626433548 0
    endloop
  endfacet
  facet normal 0 0 -1
    outer loop
      vertex -0.826284287026162 -51.38006002087371 0
      vertex 68.7781054732259 -49.68545626433548 0
      vertex 69 -49.7 0
    endloop
  endfacet
  facet normal 0 0 -1
    outer loop
      vertex 3.5705952052691874 -48.65056183502065 0
      vertex 67.42940479473081 -48.65056183502065 0
      vertex 67.52775681356646 -48.85 0
    endloop
  endfacet
  facet normal 0 0 -1
    outer loop
      vertex 3.4722431864335457 -48.85 0
      vertex 67.52775681356646 -48.85 0
      vertex 67.6512993215049 -49.034894429314825 0
    endloop
  endfacet
  facet normal 0 0 -1
    outer loop
      vertex 3.3487006784950997 -49.034894429314825 0
      vertex 67.6512993215049 -49.034894429314825 0
      vertex 67.79791847198287 -49.20208152801713 0
    endloop
  endfacet
  facet normal 0 0 -1
    outer loop
      vertex 3.202081528017131 -49.20208152801713 0
      vertex 67.79791847198287 -49.20208152801713 0
      vertex 67.96510557068518 -49.3487006784951 0
    endloop
  endfacet
  facet normal 0 0 -1
    outer loop
      vertex -0.826284287026162 -51.38006002087371 0
      vertex 69 -49.7 0
      vertex 71.82628428702616 -51.38006002087371 0
    endloop
  endfacet
  facet normal 0 0 -1
    outer loop
      vertex 1 -52 0
      vertex 71.82628428702616 -51.38006002087371 0
      vertex 70 -52 0
    endloop
  endfacet
  facet normal 0 0 1
    outer loop
      vertex 73 -1 2
      vertex 70.75 -44.41261202835442 2
      vertex 71.82628428702616 -51.38006002087371 2
    endloop
  endfacet
  facet normal 0 0 1
    outer loop
      vertex 73 -1 2
      vertex 71.82628428702616 -51.38006002087371 2
      vertex 73 -49 2
    endloop
  endfacet
  facet normal 1 0 0
    outer loop
      vertex 73 -1 0
      vertex 73 -49 2
      vertex 73 -49 0
    endloop
  endfacet
  facet normal 0 0 -1
    outer loop
      vertex 67.6512993215049 -3.034894429314825 0
      vertex 69.85 -46.527756813566455 0
      vertex 69.65056183502065 -46.429404794730814 0
    endloop
  endfacet
  facet normal 0 0 -1
    outer loop
      vertex 67.6512993215049 -3.034894429314825 0
      vertex 70.03489442931482 -46.6512993215049 0
      vertex 69.85 -46.527756813566455 0
    endloop
  endfacet
  facet normal 0 0 -1
    outer loop
      vertex 67.6512993215049 -3.034894429314825 0
      vertex 70.20208152801713 -46.79791847198287 0
      vertex 70.03489442931482 -46.6512993215049 0
    endloop
  endfacet
  facet normal 0 0 -1
    outer loop
      vertex 67.6512993215049 -3.034894429314825 0
      vertex 70.3487006784951 -46.965105570685175 0
      vertex 70.20208152801713 -46.79791847198287 0
    endloop
  endfacet
  facet normal 0 0 -1
    outer loop
      vertex 67.6512993215049 -3.034894429314825 0
      vertex 70.47224318643354 -47.15 0
      vertex 70.3487006784951 -46.965105570685175 0
    endloop
  endfacet
  facet normal 0 0 -1
    outer loop
      vertex 67.6512993215049 -3.034894429314825 0
      vertex 70.57059520526919 -47.34943816497935 0
      vertex 70.47224318643354 -47.15 0
    endloop
  endfacet
  facet normal 0 0 -1
    outer loop
      vertex 67.6512993215049 -3.034894429314825 0
      vertex 70.64207390469142 -47.56000762332572 0
      vertex 70.57059520526919 -47.34943816497935 0
    endloop
  endfacet
  facet normal 0 0 -1
    outer loop
      vertex 67.6512993215049 -3.034894429314825 0
      vertex 70.68545626433547 -47.778105473225914 0
      vertex 70.64207390469142 -47.56000762332572 0
    endloop
  endfacet
  facet normal 0 0 -1
    outer loop
      vertex 71.82628428702616 -51.38006002087371 0
      vertex 70.68545626433547 -47.778105473225914 0
      vertex 67.6512993215049 -3.034894429314825 0
    endloop
  endfacet
  facet normal 0 0 -1
    outer loop
      vertex 73 -1 0
      vertex 73 -49 0
      vertex 71.82628428702616 -51.38006002087371 0
    endloop
  endfacet
  facet normal 0 0 1
    outer loop
      vertex 70.53073372946037 -44.304481869954856 2
      vertex 68.34943816497935 -46.429404794730814 2
      vertex 70.75 -44.41261202835442 2
    endloop
  endfacet
  facet normal 0 0 1
    outer loop
      vertex 69.55 -44.03976926096539 2
      vertex 65.13629669484372 -49.03527618041008 2
      vertex 70.03527618041008 -44.13629669484373 2
    endloop
  endfacet
  facet normal 0 0 1
    outer loop
      vertex 70.53073372946037 -44.304481869954856 2
      vertex 65.13629669484372 -49.03527618041008 2
      vertex 67.96510557068518 -46.6512993215049 2
    endloop
  endfacet
  facet normal 0 0 1
    outer loop
      vertex 69.55 -44.03976926096539 2
      vertex 65.0397692609654 -48.550000000000004 2
      vertex 65.13629669484372 -49.03527618041008 2
    endloop
  endfacet
  facet normal 0 0 1
    outer loop
      vertex 65.13629669484372 -49.03527618041008 2
      vertex 67.52775681356646 -47.15 2
      vertex 67.6512993215049 -46.965105570685175 2
    endloop
  endfacet
  facet normal 0 0 1
    outer loop
      vertex 65.13629669484372 -49.03527618041008 2
      vertex 67.79791847198287 -46.79791847198287 2
      vertex 67.96510557068518 -46.6512993215049 2
    endloop
  endfacet
  facet normal 0 0 1
    outer loop
      vertex 65.13629669484372 -49.03527618041008 2
      vertex 67.6512993215049 -46.965105570685175 2
      vertex 67.79791847198287 -46.79791847198287 2
    endloop
  endfacet
  facet normal 0 0 1
    outer loop
      vertex 65.13629669484372 -49.03527618041008 2
      vertex 67.42940479473081 -47.34943816497935 2
      vertex 67.52775681356646 -47.15 2
    endloop
  endfacet
  facet normal 0 0 1
    outer loop
      vertex 65.13629669484372 -49.03527618041008 2
      vertex 67.35792609530858 -47.56000762332572 2
      vertex 67.42940479473081 -47.34943816497935 2
    endloop
  endfacet
  facet normal 0 0 1
    outer loop
      vertex 65.30448186995486 -49.53073372946036 2
      vertex 67.31454373566453 -47.778105473225914 2
      vertex 67.35792609530858 -47.56000762332572 2
    endloop
  endfacet
  facet normal 0 0 1
    outer loop
      vertex 65.41261202835442 -49.75 2
      vertex 67.3 -48 2
      vertex 67.31454373566453 -47.778105473225914 2
    endloop
  endfacet
  facet normal 0 0 1
    outer loop
      vertex 65.13629669484372 -49.03527618041008 2
      vertex 65.30448186995486 -49.53073372946036 2
      vertex 67.35792609530858 -47.56000762332572 2
    endloop
  endfacet
  facet normal 0 0 1
    outer loop
      vertex 65.30448186995486 -49.53073372946036 2
      vertex 65.41261202835442 -49.75 2
      vertex 67.31454373566453 -47.778105473225914 2
    endloop
  endfacet
  facet normal 0 0 1
    outer loop
      vertex 65.41261202835442 -49.75 2
      vertex 67.31454373566453 -48.221894526774086 2
      vertex 67.3 -48 2
    endloop
  endfacet
  facet normal 0 0 1
    outer loop
      vertex 65.41261202835442 -49.75 2
      vertex 67.35792609530858 -48.43999237667428 2
      vertex 67.31454373566453 -48.221894526774086 2
    endloop
  endfacet
  facet normal 0 0 1
    outer loop
      vertex 65.41261202835442 -49.75 2
      vertex 67.42940479473081 -48.65056183502065 2
      vertex 67.35792609530858 -48.43999237667428 2
    endloop
  endfacet
  facet normal 0 0 1
    outer loop
      vertex 65.41261202835442 -49.75 2
      vertex 67.52775681356646 -48.85 2
      vertex 67.42940479473081 -48.65056183502065 2
    endloop
  endfacet
  facet normal 0 0 1
    outer loop
      vertex 65.41261202835442 -49.75 2
      vertex 67.6512993215049 -49.034894429314825 2
      vertex 67.52775681356646 -48.85 2
    endloop
  endfacet
  facet normal 0 0 1
    outer loop
      vertex 65.41261202835442 -49.75 2
      vertex 67.79791847198287 -49.20208152801713 2
      vertex 67.6512993215049 -49.034894429314825 2
    endloop
  endfacet
  facet normal 0 0 1
    outer loop
      vertex 65.41261202835442 -49.75 2
      vertex 67.96510557068518 -49.3487006784951 2
      vertex 67.79791847198287 -49.20208152801713 2
    endloop
  endfacet
  facet normal 0 0 1
    outer loop
      vertex 65.41261202835442 -49.75 2
      vertex 68.15 -49.472243186433545 2
      vertex 67.96510557068518 -49.3487006784951 2
    endloop
  endfacet
  facet normal 0 0 1
    outer loop
      vertex 70.03527618041008 -44.13629669484373 2
      vertex 65.13629669484372 -49.03527618041008 2
      vertex 70.53073372946037 -44.304481869954856 2
    endloop
  endfacet
  facet normal 0 0 1
    outer loop
      vertex 70.53073372946037 -44.304481869954856 2
      vertex 67.96510557068518 -46.6512993215049 2
      vertex 68.15 -46.527756813566455 2
    endloop
  endfacet
  facet normal 0 0 1
    outer loop
      vertex 70.53073372946037 -44.304481869954856 2
      vertex 68.15 -46.527756813566455 2
      vertex 68.34943816497935 -46.429404794730814 2
    endloop
  endfacet
  facet normal 0 0 1
    outer loop
      vertex 70.75 -44.41261202835442 2
      vertex 68.34943816497935 -46.429404794730814 2
      vertex 68.56000762332572 -46.357926095308585 2
    endloop
  endfacet
  facet normal 0 0 1
    outer loop
      vertex 70.75 -44.41261202835442 2
      vertex 68.56000762332572 -46.357926095308585 2
      vertex 68.7781054732259 -46.31454373566452 2
    endloop
  endfacet
  facet normal 0 0 1
    outer loop
      vertex 70.75 -44.41261202835442 2
      vertex 68.7781054732259 -46.31454373566452 2
      vertex 69 -46.3 2
    endloop
  endfacet
  facet normal 0 0 1
    outer loop
      vertex 70.75 -44.41261202835442 2
      vertex 69 -46.3 2
      vertex 69.2218945267741 -46.31454373566452 2
    endloop
  endfacet
  facet normal 0 0 1
    outer loop
      vertex 70.75 -44.41261202835442 2
      vertex 69.2218945267741 -46.31454373566452 2
      vertex 69.43999237667428 -46.357926095308585 2
    endloop
  endfacet
  facet normal 0 0 1
    outer loop
      vertex 70.75 -44.41261202835442 2
      vertex 69.43999237667428 -46.357926095308585 2
      vertex 69.65056183502065 -46.429404794730814 2
    endloop
  endfacet
  facet normal 0 0 1
    outer loop
      vertex 70.75 -44.41261202835442 2
      vertex 69.65056183502065 -46.429404794730814 2
      vertex 69.85 -46.527756813566455 2
    endloop
  endfacet
  facet normal 0 0 1
    outer loop
      vertex 70.75 -44.41261202835442 2
      vertex 69.85 -46.527756813566455 2
      vertex 70.03489442931482 -46.6512993215049 2
    endloop
  endfacet
  facet normal 0 0 1
    outer loop
      vertex 70.75 -44.41261202835442 2
      vertex 70.03489442931482 -46.6512993215049 2
      vertex 70.20208152801713 -46.79791847198287 2
    endloop
  endfacet
  facet normal 0 0 1
    outer loop
      vertex 70.75 -44.41261202835442 2
      vertex 70.20208152801713 -46.79791847198287 2
      vertex 70.3487006784951 -46.965105570685175 2
    endloop
  endfacet
  facet normal 0 0 1
    outer loop
      vertex 70.75 -44.41261202835442 2
      vertex 70.3487006784951 -46.965105570685175 2
      vertex 70.47224318643354 -47.15 2
    endloop
  endfacet
  facet normal 0 0 1
    outer loop
      vertex 70.75 -44.41261202835442 2
      vertex 70.47224318643354 -47.15 2
      vertex 70.57059520526919 -47.34943816497935 2
    endloop
  endfacet
  facet normal 0 0 1
    outer loop
      vertex 70.75 -44.41261202835442 2
      vertex 70.57059520526919 -47.34943816497935 2
      vertex 70.64207390469142 -47.56000762332572 2
    endloop
  endfacet
  facet normal 0 0 1
    outer loop
      vertex 70.75 -44.41261202835442 2
      vertex 70.64207390469142 -47.56000762332572 2
      vertex 70.68545626433547 -47.778105473225914 2
    endloop
  endfacet
  facet normal 0 0 1
    outer loop
      vertex 70.75 -44.41261202835442 2
      vertex 70.68545626433547 -47.778105473225914 2
      vertex 70.7 -48 2
    endloop
  endfacet
  facet normal 0 0 1
    outer loop
      vertex 70.75 -44.41261202835442 2
      vertex 70.7 -48 2
      vertex 71.82628428702616 -51.38006002087371 2
    endloop
  endfacet
  facet normal 0 0 1
    outer loop
      vertex 65.41261202835442 -49.75 2
      vertex 71.82628428702616 -51.38006002087371 2
      vertex 68.15 -49.472243186433545 2
    endloop
  endfacet
  facet normal 0 0 1
    outer loop
      vertex 71.82628428702616 -51.38006002087371 2
      vertex 68.34943816497935 -49.570595205269186 2
      vertex 68.15 -49.472243186433545 2
    endloop
  endfacet
  facet normal 0 0 1
    outer loop
      vertex 71.82628428702616 -51.38006002087371 2
      vertex 68.56000762332572 -49.642073904691415 2
      vertex 68.34943816497935 -49.570595205269186 2
    endloop
  endfacet
  facet normal 0 0 1
    outer loop
      vertex 71.82628428702616 -51.38006002087371 2
      vertex 68.7781054732259 -49.68545626433548 2
      vertex 68.56000762332572 -49.642073904691415 2
    endloop
  endfacet
  facet normal 0 0 1
    outer loop
      vertex 71.82628428702616 -51.38006002087371 2
      vertex 69 -49.7 2
      vertex 68.7781054732259 -49.68545626433548 2
    endloop
  endfacet
  facet normal 0 0 1
    outer loop
      vertex 71.82628428702616 -51.38006002087371 2
      vertex 69.2218945267741 -49.68545626433548 2
      vertex 69 -49.7 2
    endloop
  endfacet
  facet normal 0 0 1
    outer loop
      vertex 71.82628428702616 -51.38006002087371 2
      vertex 69.43999237667428 -49.642073904691415 2
      vertex 69.2218945267741 -49.68545626433548 2
    endloop
  endfacet
  facet normal 0 0 1
    outer loop
      vertex 71.82628428702616 -51.38006002087371 2
      vertex 69.65056183502065 -49.570595205269186 2
      vertex 69.43999237667428 -49.642073904691415 2
    endloop
  endfacet
  facet normal 0 0 1
    outer loop
      vertex 71.82628428702616 -51.38006002087371 2
      vertex 70.03489442931482 -49.3487006784951 2
      vertex 69.85 -49.472243186433545 2
    endloop
  endfacet
  facet normal 0 0 1
    outer loop
      vertex 71.82628428702616 -51.38006002087371 2
      vertex 69.85 -49.472243186433545 2
      vertex 69.65056183502065 -49.570595205269186 2
    endloop
  endfacet
  facet normal 0 0 1
    outer loop
      vertex 70 -52 2
      vertex 70.39157857666015 -51.97433458412143 2
      vertex 70.77645713530757 -51.897777478867205 2
    endloop
  endfacet
  facet normal 0 0 1
    outer loop
      vertex 71.82628428702616 -51.38006002087371 2
      vertex 70.7 -48 2
      vertex 70.68545626433547 -48.221894526774086 2
    endloop
  endfacet
  facet normal 0 0 1
    outer loop
      vertex 71.82628428702616 -51.38006002087371 2
      vertex 70.68545626433547 -48.221894526774086 2
      vertex 70.64207390469142 -48.43999237667428 2
    endloop
  endfacet
  facet normal 0 0 1
    outer loop
      vertex 71.82628428702616 -51.38006002087371 2
      vertex 70.3487006784951 -49.034894429314825 2
      vertex 70.20208152801713 -49.20208152801713 2
    endloop
  endfacet
  facet normal 0 0 1
    outer loop
      vertex 71.82628428702616 -51.38006002087371 2
      vertex 70.47224318643354 -48.85 2
      vertex 70.3487006784951 -49.034894429314825 2
    endloop
  endfacet
  facet normal 0 0 1
    outer loop
      vertex 71.82628428702616 -51.38006002087371 2
      vertex 70.64207390469142 -48.43999237667428 2
      vertex 70.57059520526919 -48.65056183502065 2
    endloop
  endfacet
  facet normal 0 0 1
    outer loop
      vertex 71.82628428702616 -51.38006002087371 2
      vertex 70.57059520526919 -48.65056183502065 2
      vertex 70.47224318643354 -48.85 2
    endloop
  endfacet
  facet normal 0 0 1
    outer loop
      vertex 71.82628428702616 -51.38006002087371 2
      vertex 70.20208152801713 -49.20208152801713 2
      vertex 70.03489442931482 -49.3487006784951 2
    endloop
  endfacet
  facet normal 0 0 1
    outer loop
      vertex 73 -49 2
      vertex 72.77163859753387 -50.14805029709527 2
      vertex 72.97433458412144 -49.39157857666015 2
    endloop
  endfacet
  facet normal 0 0 1
    outer loop
      vertex 72.97433458412144 -49.39157857666015 2
      vertex 72.77163859753387 -50.14805029709527 2
      vertex 72.8977774788672 -49.77645713530756 2
    endloop
  endfacet
  facet normal 0 0 1
    outer loop
      vertex 73 -49 2
      vertex 71.82628428702616 -51.38006002087371 2
      vertex 72.77163859753387 -50.14805029709527 2
    endloop
  endfacet
  facet normal 0 0 1
    outer loop
      vertex 70 -52 2
      vertex 70.77645713530757 -51.897777478867205 2
      vertex 71.82628428702616 -51.38006002087371 2
    endloop
  endfacet
  facet normal 0 0 1
    outer loop
      vertex 70.77645713530757 -51.897777478867205 2
      vertex 71.14805029709527 -51.77163859753386 2
      vertex 71.82628428702616 -51.38006002087371 2
    endloop
  endfacet
  facet normal 0 0 1
    outer loop
      vertex 71.14805029709527 -51.77163859753386 2
      vertex 71.5 -51.598076211353316 2
      vertex 71.82628428702616 -51.38006002087371 2
    endloop
  endfacet
  facet normal 0 0 1
    outer loop
      vertex 71.82628428702616 -51.38006002087371 2
      vertex 72.12132034355965 -51.121320343559645 2
      vertex 72.3800600208737 -50.82628428702616 2
    endloop
  endfacet
  facet normal 0 0 1
    outer loop
      vertex 72.77163859753387 -50.14805029709527 2
      vertex 71.82628428702616 -51.38006002087371 2
      vertex 72.3800600208737 -50.82628428702616 2
    endloop
  endfacet
  facet normal 0 0 1
    outer loop
      vertex 72.77163859753387 -50.14805029709527 2
      vertex 72.3800600208737 -50.82628428702616 2
      vertex 72.59807621135332 -50.5 2
    endloop
  endfacet
  facet normal 0.0654031292301486 -0.997858923238603 0
    outer loop
      vertex 70 -52 2
      vertex 70 -52 0
      vertex 70.39157857666015 -51.97433458412143 2
    endloop
  endfacet
  facet normal 0.1950903220161193 -0.9807852804032323 -1.2190307448656965e-18
    outer loop
      vertex 70.39157857666015 -51.97433458412143 2
      vertex 70.77645713530757 -51.897777478867205 0
      vertex 70.77645713530757 -51.897777478867205 2
    endloop
  endfacet
  facet normal 0.9978589232386044 -0.06540312923013057 -4.7201927267883e-19
    outer loop
      vertex 73 -49 2
      vertex 72.97433458412144 -49.39157857666015 2
      vertex 72.97433458412144 -49.39157857666015 0
    endloop
  endfacet
  facet normal 0.9807852804032247 -0.19509032201615759 0
    outer loop
      vertex 72.97433458412144 -49.39157857666015 2
      vertex 72.8977774788672 -49.77645713530756 2
      vertex 72.97433458412144 -49.39157857666015 0
    endloop
  endfacet
  facet normal 0.9469301294951151 -0.32143946530313383 -2.5567613535784767e-18
    outer loop
      vertex 72.8977774788672 -49.77645713530756 2
      vertex 72.77163859753387 -50.14805029709527 2
      vertex 72.77163859753387 -50.14805029709527 0
    endloop
  endfacet
  facet normal 0.8968727415326844 -0.44228869021900924 0
    outer loop
      vertex 72.77163859753387 -50.14805029709527 2
      vertex 72.59807621135332 -50.5 2
      vertex 72.77163859753387 -50.14805029709527 0
    endloop
  endfacet
  facet normal 0.32143946530317186 -0.9469301294951022 0
    outer loop
      vertex 70.77645713530757 -51.897777478867205 2
      vertex 70.77645713530757 -51.897777478867205 0
      vertex 71.14805029709527 -51.77163859753386 2
    endloop
  endfacet
  facet normal 0.5555702330196085 -0.8314696123025411 0
    outer loop
      vertex 71.82628428702616 -51.38006002087371 2
      vertex 71.5 -51.598076211353316 2
      vertex 71.82628428702616 -51.38006002087371 0
    endloop
  endfacet
  facet normal 0.44228869021899464 -0.8968727415326915 0
    outer loop
      vertex 71.14805029709527 -51.77163859753386 2
      vertex 71.14805029709527 -51.77163859753386 0
      vertex 71.5 -51.598076211353316 2
    endloop
  endfacet
  facet normal 0.7518398074789916 -0.6593458151000526 0
    outer loop
      vertex 72.3800600208737 -50.82628428702616 2
      vertex 72.12132034355965 -51.121320343559645 2
      vertex 72.3800600208737 -50.82628428702616 0
    endloop
  endfacet
  facet normal 0.8314696123025382 -0.5555702330196126 0
    outer loop
      vertex 72.3800600208737 -50.82628428702616 2
      vertex 72.3800600208737 -50.82628428702616 0
      vertex 72.59807621135332 -50.5 2
    endloop
  endfacet
  facet normal 0.659345815100054 -0.7518398074789906 0
    outer loop
      vertex 71.82628428702616 -51.38006002087371 2
      vertex 71.82628428702616 -51.38006002087371 0
      vertex 72.12132034355965 -51.121320343559645 2
    endloop
  endfacet
  facet normal 0.0654031292301486 -0.997858923238603 0
    outer loop
      vertex 70.39157857666015 -51.97433458412143 2
      vertex 70 -52 0
      vertex 70.39157857666015 -51.97433458412143 0
    endloop
  endfacet
  facet normal 0.1950903220161193 -0.9807852804032323 0
    outer loop
      vertex 70.39157857666015 -51.97433458412143 2
      vertex 70.39157857666015 -51.97433458412143 0
      vertex 70.77645713530757 -51.897777478867205 0
    endloop
  endfacet
  facet normal 0.9978589232386044 -0.06540312923013057 0
    outer loop
      vertex 73 -49 2
      vertex 72.97433458412144 -49.39157857666015 0
      vertex 73 -49 0
    endloop
  endfacet
  facet normal 0.9807852804032247 -0.19509032201615759 0
    outer loop
      vertex 72.8977774788672 -49.77645713530756 2
      vertex 72.8977774788672 -49.77645713530756 0
      vertex 72.97433458412144 -49.39157857666015 0
    endloop
  endfacet
  facet normal 0.9469301294951151 -0.32143946530313383 0
    outer loop
      vertex 72.8977774788672 -49.77645713530756 2
      vertex 72.77163859753387 -50.14805029709527 0
      vertex 72.8977774788672 -49.77645713530756 0
    endloop
  endfacet
  facet normal 0.32143946530317186 -0.9469301294951022 0
    outer loop
      vertex 71.14805029709527 -51.77163859753386 2
      vertex 70.77645713530757 -51.897777478867205 0
      vertex 71.14805029709527 -51.77163859753386 0
    endloop
  endfacet
  facet normal 0.5555702330196085 -0.8314696123025411 0
    outer loop
      vertex 71.5 -51.598076211353316 2
      vertex 71.5 -51.598076211353316 0
      vertex 71.82628428702616 -51.38006002087371 0
    endloop
  endfacet
  facet normal 0.44228869021899464 -0.8968727415326915 0
    outer loop
      vertex 71.5 -51.598076211353316 2
      vertex 71.14805029709527 -51.77163859753386 0
      vertex 71.5 -51.598076211353316 0
    endloop
  endfacet
  facet normal 0.7518398074789916 -0.6593458151000526 0
    outer loop
      vertex 72.12132034355965 -51.121320343559645 2
      vertex 72.12132034355965 -51.121320343559645 0
      vertex 72.3800600208737 -50.82628428702616 0
    endloop
  endfacet
  facet normal 0.8968727415326844 -0.44228869021900924 0
    outer loop
      vertex 72.59807621135332 -50.5 2
      vertex 72.59807621135332 -50.5 0
      vertex 72.77163859753387 -50.14805029709527 0
    endloop
  endfacet
  facet normal 0.8314696123025382 -0.5555702330196126 0
    outer loop
      vertex 72.59807621135332 -50.5 2
      vertex 72.3800600208737 -50.82628428702616 0
      vertex 72.59807621135332 -50.5 0
    endloop
  endfacet
  facet normal 0.659345815100054 -0.7518398074789906 0
    outer loop
      vertex 72.12132034355965 -51.121320343559645 2
      vertex 71.82628428702616 -51.38006002087371 0
      vertex 72.12132034355965 -51.121320343559645 0
    endloop
  endfacet
  facet normal 0 0 -1
    outer loop
      vertex 71.82628428702616 -51.38006002087371 0
      vertex 69 -49.7 0
      vertex 69.2218945267741 -49.68545626433548 0
    endloop
  endfacet
  facet normal 0 0 -1
    outer loop
      vertex 71.82628428702616 -51.38006002087371 0
      vertex 69.2218945267741 -49.68545626433548 0
      vertex 69.43999237667428 -49.642073904691415 0
    endloop
  endfacet
  facet normal 0 0 -1
    outer loop
      vertex 71.82628428702616 -51.38006002087371 0
      vertex 69.43999237667428 -49.642073904691415 0
      vertex 69.65056183502065 -49.570595205269186 0
    endloop
  endfacet
  facet normal 0 0 -1
    outer loop
      vertex 71.82628428702616 -51.38006002087371 0
      vertex 69.85 -49.472243186433545 0
      vertex 70.03489442931482 -49.3487006784951 0
    endloop
  endfacet
  facet normal 0 0 -1
    outer loop
      vertex 71.82628428702616 -51.38006002087371 0
      vertex 69.65056183502065 -49.570595205269186 0
      vertex 69.85 -49.472243186433545 0
    endloop
  endfacet
  facet normal 0 0 -1
    outer loop
      vertex 70 -52 0
      vertex 70.77645713530757 -51.897777478867205 0
      vertex 70.39157857666015 -51.97433458412143 0
    endloop
  endfacet
  facet normal 0 0 -1
    outer loop
      vertex 71.82628428702616 -51.38006002087371 0
      vertex 70.7 -48 0
      vertex 70.68545626433547 -47.778105473225914 0
    endloop
  endfacet
  facet normal 0 0 -1
    outer loop
      vertex 71.82628428702616 -51.38006002087371 0
      vertex 70.68545626433547 -48.221894526774086 0
      vertex 70.7 -48 0
    endloop
  endfacet
  facet normal 0 0 -1
    outer loop
      vertex 71.82628428702616 -51.38006002087371 0
      vertex 70.64207390469142 -48.43999237667428 0
      vertex 70.68545626433547 -48.221894526774086 0
    endloop
  endfacet
  facet normal 0 0 -1
    outer loop
      vertex 71.82628428702616 -51.38006002087371 0
      vertex 70.20208152801713 -49.20208152801713 0
      vertex 70.3487006784951 -49.034894429314825 0
    endloop
  endfacet
  facet normal 0 0 -1
    outer loop
      vertex 71.82628428702616 -51.38006002087371 0
      vertex 70.3487006784951 -49.034894429314825 0
      vertex 70.47224318643354 -48.85 0
    endloop
  endfacet
  facet normal 0 0 -1
    outer loop
      vertex 71.82628428702616 -51.38006002087371 0
      vertex 70.57059520526919 -48.65056183502065 0
      vertex 70.64207390469142 -48.43999237667428 0
    endloop
  endfacet
  facet normal 0 0 -1
    outer loop
      vertex 71.82628428702616 -51.38006002087371 0
      vertex 70.47224318643354 -48.85 0
      vertex 70.57059520526919 -48.65056183502065 0
    endloop
  endfacet
  facet normal 0 0 -1
    outer loop
      vertex 71.82628428702616 -51.38006002087371 0
      vertex 70.03489442931482 -49.3487006784951 0
      vertex 70.20208152801713 -49.20208152801713 0
    endloop
  endfacet
  facet normal 0 0 -1
    outer loop
      vertex 72.97433458412144 -49.39157857666015 0
      vertex 72.8977774788672 -49.77645713530756 0
      vertex 72.77163859753387 -50.14805029709527 0
    endloop
  endfacet
  facet normal 0 0 -1
    outer loop
      vertex 73 -49 0
      vertex 72.97433458412144 -49.39157857666015 0
      vertex 71.82628428702616 -51.38006002087371 0
    endloop
  endfacet
  facet normal 0 0 -1
    outer loop
      vertex 72.97433458412144 -49.39157857666015 0
      vertex 72.77163859753387 -50.14805029709527 0
      vertex 72.3800600208737 -50.82628428702616 0
    endloop
  endfacet
  facet normal 0 0 -1
    outer loop
      vertex 70 -52 0
      vertex 71.82628428702616 -51.38006002087371 0
      vertex 70.77645713530757 -51.897777478867205 0
    endloop
  endfacet
  facet normal 0 0 -1
    outer loop
      vertex 70.77645713530757 -51.897777478867205 0
      vertex 71.82628428702616 -51.38006002087371 0
      vertex 71.14805029709527 -51.77163859753386 0
    endloop
  endfacet
  facet normal 0 0 -1
    outer loop
      vertex 71.14805029709527 -51.77163859753386 0
      vertex 71.82628428702616 -51.38006002087371 0
      vertex 71.5 -51.598076211353316 0
    endloop
  endfacet
  facet normal 0 0 -1
    outer loop
      vertex 72.97433458412144 -49.39157857666015 0
      vertex 72.3800600208737 -50.82628428702616 0
      vertex 71.82628428702616 -51.38006002087371 0
    endloop
  endfacet
  facet normal 0 0 -1
    outer loop
      vertex 71.82628428702616 -51.38006002087371 0
      vertex 72.3800600208737 -50.82628428702616 0
      vertex 72.12132034355965 -51.121320343559645 0
    endloop
  endfacet
  facet normal 0 0 -1
    outer loop
      vertex 72.77163859753387 -50.14805029709527 0
      vertex 72.59807621135332 -50.5 0
      vertex 72.3800600208737 -50.82628428702616 0
    endloop
  endfacet
  facet normal -0.8968727415326884 -0.4422886902190014 0
    outer loop
      vertex 5.5873879716455805 -0.25 3.5
      vertex 5.5873879716455805 -0.25 2
      vertex 5.695518130045147 -0.4692662705396409 3.5
    endloop
  endfacet
  facet normal -0.9469301294951058 -0.32143946530316103 0
    outer loop
      vertex 5.695518130045147 -0.4692662705396409 3.5
      vertex 5.695518130045147 -0.4692662705396409 2
      vertex 5.863703305156273 -0.964723819589917 3.5
    endloop
  endfacet
  facet normal -0.9807852804032302 -0.19509032201612894 0
    outer loop
      vertex 5.863703305156273 -0.964723819589917 3.5
      vertex 5.863703305156273 -0.964723819589917 2
      vertex 5.960230739034601 -1.45 3.5
    endloop
  endfacet
  facet normal -0.8968727415326884 -0.4422886902190014 0
    outer loop
      vertex 5.695518130045147 -0.4692662705396409 3.5
      vertex 5.5873879716455805 -0.25 2
      vertex 5.695518130045147 -0.4692662705396409 2
    endloop
  endfacet
  facet normal -0.9469301294951058 -0.32143946530316103 0
    outer loop
      vertex 5.863703305156273 -0.964723819589917 3.5
      vertex 5.695518130045147 -0.4692662705396409 2
      vertex 5.863703305156273 -0.964723819589917 2
    endloop
  endfacet
  facet normal -0.9807852804032302 -0.19509032201612894 0
    outer loop
      vertex 5.960230739034601 -1.45 3.5
      vertex 5.863703305156273 -0.964723819589917 2
      vertex 5.960230739034601 -1.45 2
    endloop
  endfacet
  facet normal 0.4422886902190014 0.8968727415326884 -2.5977553537699016e-18
    outer loop
      vertex 0.25 -5.5873879716455805 3.5
      vertex 0.4692662705396409 -5.695518130045147 3.5
      vertex 0.4692662705396409 -5.695518130045147 2
    endloop
  endfacet
  facet normal 0.32143946530316103 0.9469301294951058 4.023133609931164e-18
    outer loop
      vertex 0.4692662705396409 -5.695518130045147 3.5
      vertex 0.964723819589917 -5.863703305156273 3.5
      vertex 0.964723819589917 -5.863703305156273 2
    endloop
  endfacet
  facet normal 0.19509032201612894 0.9807852804032302 2.74034473954341e-19
    outer loop
      vertex 0.964723819589917 -5.863703305156273 3.5
      vertex 1.45 -5.960230739034601 3.5
      vertex 1.45 -5.960230739034601 2
    endloop
  endfacet
  facet normal 0.4422886902190014 0.8968727415326884 0
    outer loop
      vertex 0.25 -5.5873879716455805 3.5
      vertex 0.4692662705396409 -5.695518130045147 2
      vertex 0.25 -5.5873879716455805 2
    endloop
  endfacet
  facet normal 0.32143946530316103 0.9469301294951058 0
    outer loop
      vertex 0.4692662705396409 -5.695518130045147 3.5
      vertex 0.964723819589917 -5.863703305156273 2
      vertex 0.4692662705396409 -5.695518130045147 2
    endloop
  endfacet
  facet normal 0.19509032201612894 0.9807852804032302 0
    outer loop
      vertex 0.964723819589917 -5.863703305156273 3.5
      vertex 1.45 -5.960230739034601 2
      vertex 0.964723819589917 -5.863703305156273 2
    endloop
  endfacet
  facet normal 0.4422886902189838 -0.8968727415326969 0
    outer loop
      vertex 0.25 -44.41261202835442 3.5
      vertex 0.25 -44.41261202835442 2
      vertex 0.4692662705396409 -44.304481869954856 3.5
    endloop
  endfacet
  facet normal 0.3214394653031626 -0.9469301294951054 0
    outer loop
      vertex 0.4692662705396409 -44.304481869954856 3.5
      vertex 0.4692662705396409 -44.304481869954856 2
      vertex 0.964723819589917 -44.13629669484373 3.5
    endloop
  endfacet
  facet normal 0.19509032201613066 -0.98078528040323 0
    outer loop
      vertex 0.964723819589917 -44.13629669484373 3.5
      vertex 0.964723819589917 -44.13629669484373 2
      vertex 1.45 -44.0397692609654 3.5
    endloop
  endfacet
  facet normal 0.4422886902189838 -0.8968727415326969 0
    outer loop
      vertex 0.4692662705396409 -44.304481869954856 3.5
      vertex 0.25 -44.41261202835442 2
      vertex 0.4692662705396409 -44.304481869954856 2
    endloop
  endfacet
  facet normal 0.3214394653031626 -0.9469301294951054 0
    outer loop
      vertex 0.964723819589917 -44.13629669484373 3.5
      vertex 0.4692662705396409 -44.304481869954856 2
      vertex 0.964723819589917 -44.13629669484373 2
    endloop
  endfacet
  facet normal 0.19509032201613066 -0.98078528040323 0
    outer loop
      vertex 1.45 -44.0397692609654 3.5
      vertex 0.964723819589917 -44.13629669484373 2
      vertex 1.45 -44.0397692609654 2
    endloop
  endfacet
  facet normal -0.9807852804032301 0.19509032201613025 0
    outer loop
      vertex 5.9602307390346 -48.550000000000004 3.5
      vertex 5.9602307390346 -48.550000000000004 2
      vertex 5.863703305156273 -49.03527618041008 3.5
    endloop
  endfacet
  facet normal -0.9469301294951064 0.3214394653031593 0
    outer loop
      vertex 5.863703305156273 -49.03527618041008 3.5
      vertex 5.863703305156273 -49.03527618041008 2
      vertex 5.695518130045147 -49.53073372946036 3.5
    endloop
  endfacet
  facet normal -0.8968727415326888 0.44228869021900025 3.3653279570732124e-19
    outer loop
      vertex 5.5873879716455805 -49.75 3.5
      vertex 5.695518130045147 -49.53073372946036 3.5
      vertex 5.695518130045147 -49.53073372946036 2
    endloop
  endfacet
  facet normal -0.9807852804032301 0.19509032201613025 0
    outer loop
      vertex 5.863703305156273 -49.03527618041008 3.5
      vertex 5.9602307390346 -48.550000000000004 2
      vertex 5.863703305156273 -49.03527618041008 2
    endloop
  endfacet
  facet normal -0.9469301294951064 0.3214394653031593 0
    outer loop
      vertex 5.695518130045147 -49.53073372946036 3.5
      vertex 5.863703305156273 -49.03527618041008 2
      vertex 5.695518130045147 -49.53073372946036 2
    endloop
  endfacet
  facet normal -0.8968727415326888 0.44228869021900025 0
    outer loop
      vertex 5.5873879716455805 -49.75 3.5
      vertex 5.695518130045147 -49.53073372946036 2
      vertex 5.5873879716455805 -49.75 2
    endloop
  endfacet
  facet normal 0.8968727415326969 -0.4422886902189838 0
    outer loop
      vertex 65.30448186995486 -0.4692662705396409 3.5
      vertex 65.30448186995486 -0.4692662705396409 2
      vertex 65.41261202835442 -0.25 3.5
    endloop
  endfacet
  facet normal 0.9469301294951011 -0.3214394653031747 2.758908436168641e-18
    outer loop
      vertex 65.30448186995486 -0.4692662705396409 3.5
      vertex 65.13629669484372 -0.964723819589917 3.5
      vertex 65.13629669484372 -0.964723819589917 2
    endloop
  endfacet
  facet normal 0.9807852804032328 -0.19509032201611687 1.5261218757127927e-18
    outer loop
      vertex 65.13629669484372 -0.964723819589917 3.5
      vertex 65.0397692609654 -1.45 3.5
      vertex 65.0397692609654 -1.45 2
    endloop
  endfacet
  facet normal 0.8968727415326969 -0.4422886902189838 0
    outer loop
      vertex 65.41261202835442 -0.25 3.5
      vertex 65.30448186995486 -0.4692662705396409 2
      vertex 65.41261202835442 -0.25 2
    endloop
  endfacet
  facet normal 0.9469301294951011 -0.3214394653031747 0
    outer loop
      vertex 65.30448186995486 -0.4692662705396409 3.5
      vertex 65.13629669484372 -0.964723819589917 2
      vertex 65.30448186995486 -0.4692662705396409 2
    endloop
  endfacet
  facet normal 0.9807852804032328 -0.19509032201611687 0
    outer loop
      vertex 65.13629669484372 -0.964723819589917 3.5
      vertex 65.0397692609654 -1.45 2
      vertex 65.13629669484372 -0.964723819589917 2
    endloop
  endfacet
  facet normal -0.19509032201613266 0.9807852804032297 -6.099722986469931e-19
    outer loop
      vertex 69.55 -5.9602307390346025 3.5
      vertex 70.03527618041008 -5.863703305156273 3.5
      vertex 70.03527618041008 -5.863703305156273 2
    endloop
  endfacet
  facet normal -0.32143946530315526 0.9469301294951079 -2.372907350923266e-18
    outer loop
      vertex 70.03527618041008 -5.863703305156273 3.5
      vertex 70.53073372946037 -5.695518130045147 3.5
      vertex 70.53073372946037 -5.695518130045147 2
    endloop
  endfacet
  facet normal -0.44228869021900596 0.896872741532686 3.0338557307283616e-18
    outer loop
      vertex 70.53073372946037 -5.695518130045147 3.5
      vertex 70.75 -5.587387971645582 3.5
      vertex 70.75 -5.587387971645582 2
    endloop
  endfacet
  facet normal -0.19509032201613266 0.9807852804032297 0
    outer loop
      vertex 69.55 -5.9602307390346025 3.5
      vertex 70.03527618041008 -5.863703305156273 2
      vertex 69.55 -5.9602307390346025 2
    endloop
  endfacet
  facet normal -0.32143946530315526 0.9469301294951079 0
    outer loop
      vertex 70.03527618041008 -5.863703305156273 3.5
      vertex 70.53073372946037 -5.695518130045147 2
      vertex 70.03527618041008 -5.863703305156273 2
    endloop
  endfacet
  facet normal -0.44228869021900596 0.896872741532686 0
    outer loop
      vertex 70.53073372946037 -5.695518130045147 3.5
      vertex 70.75 -5.587387971645582 2
      vertex 70.53073372946037 -5.695518130045147 2
    endloop
  endfacet
  facet normal -0.19509032201614473 -0.9807852804032271 0
    outer loop
      vertex 69.55 -44.03976926096539 3.5
      vertex 69.55 -44.03976926096539 2
      vertex 70.03527618041008 -44.13629669484373 3.5
    endloop
  endfacet
  facet normal -0.32143946530315676 -0.9469301294951074 0
    outer loop
      vertex 70.03527618041008 -44.13629669484373 3.5
      vertex 70.03527618041008 -44.13629669484373 2
      vertex 70.53073372946037 -44.304481869954856 3.5
    endloop
  endfacet
  facet normal -0.44228869021899425 -0.8968727415326917 0
    outer loop
      vertex 70.53073372946037 -44.304481869954856 3.5
      vertex 70.53073372946037 -44.304481869954856 2
      vertex 70.75 -44.41261202835442 3.5
    endloop
  endfacet
  facet normal -0.19509032201614473 -0.9807852804032271 0
    outer loop
      vertex 70.03527618041008 -44.13629669484373 3.5
      vertex 69.55 -44.03976926096539 2
      vertex 70.03527618041008 -44.13629669484373 2
    endloop
  endfacet
  facet normal -0.32143946530315676 -0.9469301294951074 0
    outer loop
      vertex 70.53073372946037 -44.304481869954856 3.5
      vertex 70.03527618041008 -44.13629669484373 2
      vertex 70.53073372946037 -44.304481869954856 2
    endloop
  endfacet
  facet normal -0.44228869021899425 -0.8968727415326917 0
    outer loop
      vertex 70.75 -44.41261202835442 3.5
      vertex 70.53073372946037 -44.304481869954856 2
      vertex 70.75 -44.41261202835442 2
    endloop
  endfacet
  facet normal 0.9807852804032321 0.19509032201611987 -4.909002322405839e-19
    outer loop
      vertex 65.0397692609654 -48.550000000000004 3.5
      vertex 65.13629669484372 -49.03527618041008 3.5
      vertex 65.13629669484372 -49.03527618041008 2
    endloop
  endfacet
  facet normal 0.9469301294951017 0.321439465303173 -2.4497573642245033e-18
    outer loop
      vertex 65.13629669484372 -49.03527618041008 3.5
      vertex 65.30448186995486 -49.53073372946036 3.5
      vertex 65.30448186995486 -49.53073372946036 2
    endloop
  endfacet
  facet normal 0.8968727415326975 0.44228869021898276 -2.2949989170104186e-18
    outer loop
      vertex 65.30448186995486 -49.53073372946036 3.5
      vertex 65.41261202835442 -49.75 3.5
      vertex 65.41261202835442 -49.75 2
    endloop
  endfacet
  facet normal 0.9807852804032321 0.19509032201611987 0
    outer loop
      vertex 65.0397692609654 -48.550000000000004 3.5
      vertex 65.13629669484372 -49.03527618041008 2
      vertex 65.0397692609654 -48.550000000000004 2
    endloop
  endfacet
  facet normal 0.9469301294951017 0.321439465303173 0
    outer loop
      vertex 65.13629669484372 -49.03527618041008 3.5
      vertex 65.30448186995486 -49.53073372946036 2
      vertex 65.13629669484372 -49.03527618041008 2
    endloop
  endfacet
  facet normal 0.8968727415326975 0.44228869021898276 0
    outer loop
      vertex 65.30448186995486 -49.53073372946036 3.5
      vertex 65.41261202835442 -49.75 2
      vertex 65.30448186995486 -49.53073372946036 2
    endloop
  endfacet
  facet normal 0 0 1
    outer loop
      vertex 0.25 -5.5873879716455805 3.5
      vertex 0.25 -33 3.5
      vertex 0.4692662705396409 -5.695518130045147 3.5
    endloop
  endfacet
  facet normal 0 0 1
    outer loop
      vertex 0.4692662705396409 -5.695518130045147 3.5
      vertex 1.45 -33 3.5
      vertex 0.964723819589917 -5.863703305156273 3.5
    endloop
  endfacet
  facet normal 0 0 1
    outer loop
      vertex 0.964723819589917 -5.863703305156273 3.5
      vertex 1.45 -33 3.5
      vertex 1.45 -5.960230739034601 3.5
    endloop
  endfacet
  facet normal -1 0 0
    outer loop
      vertex 0.25 -5.5873879716455805 3.5
      vertex 0.25 -5.5873879716455805 2
      vertex 0.25 -33 3.5
    endloop
  endfacet
  facet normal 0 0 1
    outer loop
      vertex 0.4692662705396409 -5.695518130045147 3.5
      vertex 0.25 -33 3.5
      vertex 1.45 -33 3.5
    endloop
  endfacet
  facet normal -1 0 0
    outer loop
      vertex 0.25 -5.5873879716455805 2
      vertex 0.25 -33 2
      vertex 0.25 -33 3.5
    endloop
  endfacet
  facet normal 0 0 1
    outer loop
      vertex 5.5873879716455805 -0.25 3.5
      vertex 5.695518130045147 -0.4692662705396409 3.5
      vertex 65.0397692609654 -1.45 3.5
    endloop
  endfacet
  facet normal 0 0 1
    outer loop
      vertex 5.695518130045147 -0.4692662705396409 3.5
      vertex 5.863703305156273 -0.964723819589917 3.5
      vertex 65.0397692609654 -1.45 3.5
    endloop
  endfacet
  facet normal 0 0 1
    outer loop
      vertex 5.863703305156273 -0.964723819589917 3.5
      vertex 5.960230739034601 -1.45 3.5
      vertex 65.0397692609654 -1.45 3.5
    endloop
  endfacet
  facet normal 0 1 0
    outer loop
      vertex 5.5873879716455805 -0.25 3.5
      vertex 65.41261202835442 -0.25 2
      vertex 5.5873879716455805 -0.25 2
    endloop
  endfacet
  facet normal 0 0 0
    outer loop
      vertex 1.45 -33 3.5
      vertex 1.45 -43 3.5
      vertex 1.45 -44.0397692609654 3.5
    endloop
  endfacet
  facet normal 0 0 1
    outer loop
      vertex 0.25 -43 3.5
      vertex 0.25 -44.41261202835442 3.5
      vertex 0.4692662705396409 -44.304481869954856 3.5
    endloop
  endfacet
  facet normal 0 0 1
    outer loop
      vertex 0.25 -43 3.5
      vertex 1.45 -44.0397692609654 3.5
      vertex 1.45 -43 3.5
    endloop
  endfacet
  facet normal 0 0 1
    outer loop
      vertex 0.25 -43 3.5
      vertex 0.4692662705396409 -44.304481869954856 3.5
      vertex 0.964723819589917 -44.13629669484373 3.5
    endloop
  endfacet
  facet normal 0 0 1
    outer loop
      vertex 0.25 -43 3.5
      vertex 0.964723819589917 -44.13629669484373 3.5
      vertex 1.45 -44.0397692609654 3.5
    endloop
  endfacet
  facet normal -1 0 0
    outer loop
      vertex 0.25 -43 3.5
      vertex 0.25 -43 2
      vertex 0.25 -44.41261202835442 3.5
    endloop
  endfacet
  facet normal -1 0 0
    outer loop
      vertex 0.25 -44.41261202835442 3.5
      vertex 0.25 -43 2
      vertex 0.25 -44.41261202835442 2
    endloop
  endfacet
  facet normal 0 0 1
    outer loop
      vertex 5.9602307390346 -48.550000000000004 3.5
      vertex 5.863703305156273 -49.03527618041008 3.5
      vertex 65.41261202835442 -49.75 3.5
    endloop
  endfacet
  facet normal 0 0 1
    outer loop
      vertex 5.863703305156273 -49.03527618041008 3.5
      vertex 5.695518130045147 -49.53073372946036 3.5
      vertex 65.41261202835442 -49.75 3.5
    endloop
  endfacet
  facet normal 0 0 1
    outer loop
      vertex 5.5873879716455805 -49.75 3.5
      vertex 65.41261202835442 -49.75 3.5
      vertex 5.695518130045147 -49.53073372946036 3.5
    endloop
  endfacet
  facet normal 0 -1 0
    outer loop
      vertex 5.5873879716455805 -49.75 3.5
      vertex 5.5873879716455805 -49.75 2
      vertex 65.41261202835442 -49.75 3.5
    endloop
  endfacet
  facet normal 0 0 1
    outer loop
      vertex 5.5873879716455805 -0.25 3.5
      vertex 65.30448186995486 -0.4692662705396409 3.5
      vertex 65.41261202835442 -0.25 3.5
    endloop
  endfacet
  facet normal 0 0 1
    outer loop
      vertex 5.5873879716455805 -0.25 3.5
      vertex 65.13629669484372 -0.964723819589917 3.5
      vertex 65.30448186995486 -0.4692662705396409 3.5
    endloop
  endfacet
  facet normal 0 0 1
    outer loop
      vertex 5.5873879716455805 -0.25 3.5
      vertex 65.0397692609654 -1.45 3.5
      vertex 65.13629669484372 -0.964723819589917 3.5
    endloop
  endfacet
  facet normal 0 1 0
    outer loop
      vertex 5.5873879716455805 -0.25 3.5
      vertex 65.41261202835442 -0.25 3.5
      vertex 65.41261202835442 -0.25 2
    endloop
  endfacet
  facet normal 0 0 1
    outer loop
      vertex 69.55 -5.9602307390346025 3.5
      vertex 69.55 -44.03976926096539 3.5
      vertex 70.03527618041008 -5.863703305156273 3.5
    endloop
  endfacet
  facet normal 0 0 1
    outer loop
      vertex 70.03527618041008 -5.863703305156273 3.5
      vertex 70.03527618041008 -44.13629669484373 3.5
      vertex 70.53073372946037 -5.695518130045147 3.5
    endloop
  endfacet
  facet normal 0 0 1
    outer loop
      vertex 70.53073372946037 -5.695518130045147 3.5
      vertex 70.53073372946037 -44.304481869954856 3.5
      vertex 70.75 -5.587387971645582 3.5
    endloop
  endfacet
  facet normal 1 0 0
    outer loop
      vertex 70.75 -5.587387971645582 3.5
      vertex 70.75 -44.41261202835442 2
      vertex 70.75 -5.587387971645582 2
    endloop
  endfacet
  facet normal 0 0 1
    outer loop
      vertex 5.9602307390346 -48.550000000000004 3.5
      vertex 65.13629669484372 -49.03527618041008 3.5
      vertex 65.0397692609654 -48.550000000000004 3.5
    endloop
  endfacet
  facet normal 0 0 1
    outer loop
      vertex 5.9602307390346 -48.550000000000004 3.5
      vertex 65.30448186995486 -49.53073372946036 3.5
      vertex 65.13629669484372 -49.03527618041008 3.5
    endloop
  endfacet
  facet normal 0 0 1
    outer loop
      vertex 5.9602307390346 -48.550000000000004 3.5
      vertex 65.41261202835442 -49.75 3.5
      vertex 65.30448186995486 -49.53073372946036 3.5
    endloop
  endfacet
  facet normal 0 -1 0
    outer loop
      vertex 5.5873879716455805 -49.75 2
      vertex 65.41261202835442 -49.75 2
      vertex 65.41261202835442 -49.75 3.5
    endloop
  endfacet
  facet normal 0 0 1
    outer loop
      vertex 70.03527618041008 -5.863703305156273 3.5
      vertex 69.55 -44.03976926096539 3.5
      vertex 70.03527618041008 -44.13629669484373 3.5
    endloop
  endfacet
  facet normal 0 0 1
    outer loop
      vertex 70.53073372946037 -5.695518130045147 3.5
      vertex 70.03527618041008 -44.13629669484373 3.5
      vertex 70.53073372946037 -44.304481869954856 3.5
    endloop
  endfacet
  facet normal 0 0 1
    outer loop
      vertex 70.75 -5.587387971645582 3.5
      vertex 70.53073372946037 -44.304481869954856 3.5
      vertex 70.75 -44.41261202835442 3.5
    endloop
  endfacet
  facet normal 1 0 0
    outer loop
      vertex 70.75 -5.587387971645582 3.5
      vertex 70.75 -44.41261202835442 3.5
      vertex 70.75 -44.41261202835442 2
    endloop
  endfacet
  facet normal 1 0 0
    outer loop
      vertex 1.45 -5.960230739034601 3.5
      vertex 1.45 -33 2
      vertex 1.45 -5.960230739034601 2
    endloop
  endfacet
  facet normal 1 0 0
    outer loop
      vertex 1.45 -5.960230739034601 3.5
      vertex 1.45 -33 3.5
      vertex 1.45 -33 2
    endloop
  endfacet
  facet normal 0 -1 0
    outer loop
      vertex 5.960230739034601 -1.45 3.5
      vertex 5.960230739034601 -1.45 2
      vertex 65.0397692609654 -1.45 3.5
    endloop
  endfacet
  facet normal 0 0 0
    outer loop
      vertex 1.45 -33 3.5
      vertex 1.45 -44.0397692609654 3.5
      vertex 1.45 -43 3.5
    endloop
  endfacet
  facet normal 1 0 0
    outer loop
      vertex 1.45 -43 3.5
      vertex 1.45 -44.0397692609654 3.5
      vertex 1.45 -44.0397692609654 2
    endloop
  endfacet
  facet normal 1 0 0
    outer loop
      vertex 1.45 -43 3.5
      vertex 1.45 -44.0397692609654 2
      vertex 1.45 -43 2
    endloop
  endfacet
  facet normal 0 1 0
    outer loop
      vertex 5.9602307390346 -48.550000000000004 3.5
      vertex 65.0397692609654 -48.550000000000004 2
      vertex 5.9602307390346 -48.550000000000004 2
    endloop
  endfacet
  facet normal 0 -1 0
    outer loop
      vertex 5.960230739034601 -1.45 2
      vertex 65.0397692609654 -1.45 2
      vertex 65.0397692609654 -1.45 3.5
    endloop
  endfacet
  facet normal -1 0 0
    outer loop
      vertex 69.55 -5.9602307390346025 3.5
      vertex 69.55 -5.9602307390346025 2
      vertex 69.55 -44.03976926096539 3.5
    endloop
  endfacet
  facet normal 0 1 0
    outer loop
      vertex 5.9602307390346 -48.550000000000004 3.5
      vertex 65.0397692609654 -48.550000000000004 3.5
      vertex 65.0397692609654 -48.550000000000004 2
    endloop
  endfacet
  facet normal -1 0 0
    outer loop
      vertex 69.55 -5.9602307390346025 2
      vertex 69.55 -44.03976926096539 2
      vertex 69.55 -44.03976926096539 3.5
    endloop
  endfacet
  facet normal 0 1 0
    outer loop
      vertex -1.8 -33 4.800000000000001
      vertex 1.45 -33 4.800000000000001
      vertex 1.45 -33 3.5
    endloop
  endfacet
  facet normal 0 0 1
    outer loop
      vertex -1.8 -33 4.800000000000001
      vertex 1.45 -43 4.800000000000001
      vertex 1.45 -33 4.800000000000001
    endloop
  endfacet
  facet normal 0 1 0
    outer loop
      vertex -1.8 -33 4.800000000000001
      vertex 1.45 -33 3.5
      vertex 0.25 -33 3.5
    endloop
  endfacet
  facet normal 1 0 0
    outer loop
      vertex 1.45 -33 4.800000000000001
      vertex 1.45 -43 3.5
      vertex 1.45 -33 3.5
    endloop
  endfacet
  facet normal -1 0 0
    outer loop
      vertex -1.8 -33 4.800000000000001
      vertex -1.8 -33 2
      vertex -1.8 -43 4.800000000000001
    endloop
  endfacet
  facet normal 0 1 0
    outer loop
      vertex -1.8 -33 4.800000000000001
      vertex 0.25 -33 3.5
      vertex 0.25 -33 2
    endloop
  endfacet
  facet normal 0 1 0
    outer loop
      vertex -1.8 -33 4.800000000000001
      vertex 0.25 -33 2
      vertex -1.8 -33 2
    endloop
  endfacet
  facet normal 1 0 0
    outer loop
      vertex 1.45 -33 3.5
      vertex 1.45 -43 2
      vertex 1.45 -33 2
    endloop
  endfacet
  facet normal 0 0 1
    outer loop
      vertex -1.8 -33 4.800000000000001
      vertex -1.8 -43 4.800000000000001
      vertex 1.45 -43 4.800000000000001
    endloop
  endfacet
  facet normal 1 0 0
    outer loop
      vertex 1.45 -33 4.800000000000001
      vertex 1.45 -43 4.800000000000001
      vertex 1.45 -43 3.5
    endloop
  endfacet
  facet normal 0 -1 0
    outer loop
      vertex 1.45 -43 4.800000000000001
      vertex 0.25 -43 3.5
      vertex 1.45 -43 3.5
    endloop
  endfacet
  facet normal 0 -1 0
    outer loop
      vertex -1.8 -43 4.800000000000001
      vertex -1.8 -43 2
      vertex 1.45 -43 4.800000000000001
    endloop
  endfacet
  facet normal 0 -1 0
    outer loop
      vertex 1.45 -43 4.800000000000001
      vertex -1.8 -43 2
      vertex 0.25 -43 3.5
    endloop
  endfacet
  facet normal -1 0 0
    outer loop
      vertex -1.8 -43 4.800000000000001
      vertex -1.8 -33 2
      vertex -1.8 -43 2
    endloop
  endfacet
  facet normal 1 0 0
    outer loop
      vertex 1.45 -33 3.5
      vertex 1.45 -43 3.5
      vertex 1.45 -43 2
    endloop
  endfacet
  facet normal 0 -1 0
    outer loop
      vertex 0.25 -43 3.5
      vertex -1.8 -43 2
      vertex 0.25 -43 2
    endloop
  endfacet
  facet normal 0.44228869021900075 -0.8968727415326885 0
    outer loop
      vertex 1.15 -0.5277568135664543 2
      vertex 1.15 -0.5277568135664543 0
      vertex 1.3494381649793474 -0.4294047947308126 2
    endloop
  endfacet
  facet normal 0.3214394653031621 -0.9469301294951055 0
    outer loop
      vertex 1.3494381649793474 -0.4294047947308126 2
      vertex 1.3494381649793474 -0.4294047947308126 0
      vertex 1.5600076233257147 -0.3579260953085839 2
    endloop
  endfacet
  facet normal 0.751839807478978 -0.6593458151000681 9.485212635263955e-20
    outer loop
      vertex 0.7979184719828691 -0.7979184719828691 2
      vertex 0.6512993215049003 -0.965105570685175 2
      vertex 0.6512993215049003 -0.965105570685175 0
    endloop
  endfacet
  facet normal 0.6593458151000681 -0.751839807478978 0
    outer loop
      vertex 0.7979184719828691 -0.7979184719828691 2
      vertex 0.7979184719828691 -0.7979184719828691 0
      vertex 0.965105570685175 -0.6512993215049003 2
    endloop
  endfacet
  facet normal 0.8314696123025448 -0.5555702330196028 3.1377931956556956e-18
    outer loop
      vertex 0.6512993215049003 -0.965105570685175 2
      vertex 0.5277568135664543 -1.15 2
      vertex 0.5277568135664543 -1.15 0
    endloop
  endfacet
  facet normal 0.8968727415326885 -0.44228869021900075 -7.785740111691204e-19
    outer loop
      vertex 0.5277568135664543 -1.15 2
      vertex 0.4294047947308126 -1.3494381649793474 2
      vertex 0.4294047947308126 -1.3494381649793474 0
    endloop
  endfacet
  facet normal 0.5555702330196028 -0.8314696123025448 0
    outer loop
      vertex 0.965105570685175 -0.6512993215049003 2
      vertex 0.965105570685175 -0.6512993215049003 0
      vertex 1.15 -0.5277568135664543 2
    endloop
  endfacet
  facet normal 0.1950903220161276 -0.9807852804032305 0
    outer loop
      vertex 1.5600076233257147 -0.3579260953085839 0
      vertex 1.7781054732259123 -0.31454373566452243 2
      vertex 1.5600076233257147 -0.3579260953085839 2
    endloop
  endfacet
  facet normal 0.06540312923014344 -0.9978589232386035 0
    outer loop
      vertex 1.7781054732259123 -0.31454373566452243 2
      vertex 1.7781054732259123 -0.31454373566452243 0
      vertex 2 -0.30000000000000004 2
    endloop
  endfacet
  facet normal -0.06540312923014344 -0.9978589232386035 0
    outer loop
      vertex 2 -0.30000000000000004 2
      vertex 2 -0.30000000000000004 0
      vertex 2.2218945267740877 -0.31454373566452243 2
    endloop
  endfacet
  facet normal -0.1950903220161276 -0.9807852804032305 0
    outer loop
      vertex 2.2218945267740877 -0.31454373566452243 2
      vertex 2.2218945267740877 -0.31454373566452243 0
      vertex 2.4399923766742853 -0.3579260953085839 2
    endloop
  endfacet
  facet normal -0.3214394653031624 -0.9469301294951055 0
    outer loop
      vertex 2.4399923766742853 -0.3579260953085839 2
      vertex 2.4399923766742853 -0.3579260953085839 0
      vertex 2.6505618350206523 -0.4294047947308126 2
    endloop
  endfacet
  facet normal 0.9807852804032305 -0.1950903220161276 -6.30791286288902e-19
    outer loop
      vertex 0.3579260953085839 -1.5600076233257147 2
      vertex 0.31454373566452243 -1.7781054732259123 2
      vertex 0.31454373566452243 -1.7781054732259123 0
    endloop
  endfacet
  facet normal 0.9978589232386035 -0.06540312923014344 -4.1283567112114006e-20
    outer loop
      vertex 0.31454373566452243 -1.7781054732259123 2
      vertex 0.30000000000000004 -2 2
      vertex 0.30000000000000004 -2 0
    endloop
  endfacet
  facet normal 0.9978589232386035 0.06540312923014344 4.1283567112114006e-20
    outer loop
      vertex 0.30000000000000004 -2 2
      vertex 0.31454373566452243 -2.2218945267740877 2
      vertex 0.31454373566452243 -2.2218945267740877 0
    endloop
  endfacet
  facet normal 0.9807852804032305 0.1950903220161276 6.30791286288902e-19
    outer loop
      vertex 0.31454373566452243 -2.2218945267740877 2
      vertex 0.3579260953085839 -2.4399923766742853 2
      vertex 0.3579260953085839 -2.4399923766742853 0
    endloop
  endfacet
  facet normal 0.9469301294951055 -0.3214394653031621 -1.0595388632003924e-18
    outer loop
      vertex 0.4294047947308126 -1.3494381649793474 2
      vertex 0.3579260953085839 -1.5600076233257147 2
      vertex 0.3579260953085839 -1.5600076233257147 0
    endloop
  endfacet
  facet normal 0.9469301294951055 0.3214394653031624 1.641783647610032e-18
    outer loop
      vertex 0.3579260953085839 -2.4399923766742853 2
      vertex 0.4294047947308126 -2.6505618350206523 2
      vertex 0.4294047947308126 -2.6505618350206523 0
    endloop
  endfacet
  facet normal 0.8968727415326887 0.44228869021900036 -1.5190617222515712e-18
    outer loop
      vertex 0.4294047947308126 -2.6505618350206523 2
      vertex 0.5277568135664543 -2.85 2
      vertex 0.5277568135664543 -2.85 0
    endloop
  endfacet
  facet normal 0.8314696123025448 0.5555702330196028 -3.1377931956556956e-18
    outer loop
      vertex 0.5277568135664543 -2.85 2
      vertex 0.6512993215049003 -3.034894429314825 2
      vertex 0.6512993215049003 -3.034894429314825 0
    endloop
  endfacet
  facet normal 0.7518398074789786 0.6593458151000676 -3.087533126051639e-18
    outer loop
      vertex 0.6512993215049003 -3.034894429314825 2
      vertex 0.7979184719828691 -3.202081528017131 2
      vertex 0.7979184719828691 -3.202081528017131 0
    endloop
  endfacet
  facet normal 0.6593458151000675 0.7518398074789786 0
    outer loop
      vertex 0.965105570685175 -3.3487006784950997 2
      vertex 0.965105570685175 -3.3487006784950997 0
      vertex 0.7979184719828691 -3.202081528017131 2
    endloop
  endfacet
  facet normal 0.5555702330196028 0.8314696123025448 0
    outer loop
      vertex 1.15 -3.4722431864335457 2
      vertex 1.15 -3.4722431864335457 0
      vertex 0.965105570685175 -3.3487006784950997 2
    endloop
  endfacet
  facet normal 0.44228869021900075 0.8968727415326885 0
    outer loop
      vertex 1.3494381649793474 -3.5705952052691874 2
      vertex 1.3494381649793474 -3.5705952052691874 0
      vertex 1.15 -3.4722431864335457 2
    endloop
  endfacet
  facet normal 0.3214394653031612 0.9469301294951058 0
    outer loop
      vertex 1.5600076233257147 -3.642073904691416 2
      vertex 1.5600076233257147 -3.642073904691416 0
      vertex 1.3494381649793474 -3.5705952052691874 2
    endloop
  endfacet
  facet normal 0.1950903220161276 0.9807852804032305 0
    outer loop
      vertex 1.7781054732259123 -3.6854562643354773 2
      vertex 1.7781054732259123 -3.6854562643354773 0
      vertex 1.5600076233257147 -3.642073904691416 2
    endloop
  endfacet
  facet normal 0.06540312923014542 0.9978589232386034 0
    outer loop
      vertex 2 -3.7 2
      vertex 2 -3.7 0
      vertex 1.7781054732259123 -3.6854562643354773 2
    endloop
  endfacet
  facet normal -0.06540312923014542 0.9978589232386034 1.7324071482393553e-19
    outer loop
      vertex 2 -3.7 2
      vertex 2.2218945267740877 -3.6854562643354773 2
      vertex 2.2218945267740877 -3.6854562643354773 0
    endloop
  endfacet
  facet normal -0.1950903220161276 0.9807852804032305 -6.30791286288902e-19
    outer loop
      vertex 2.2218945267740877 -3.6854562643354773 2
      vertex 2.4399923766742853 -3.642073904691416 2
      vertex 2.4399923766742853 -3.642073904691416 0
    endloop
  endfacet
  facet normal -0.32143946530316153 0.9469301294951057 -1.4580326276826432e-18
    outer loop
      vertex 2.4399923766742853 -3.642073904691416 2
      vertex 2.6505618350206523 -3.5705952052691874 2
      vertex 2.6505618350206523 -3.5705952052691874 0
    endloop
  endfacet
  facet normal -0.44228869021900036 -0.8968727415326887 0
    outer loop
      vertex 2.6505618350206523 -0.4294047947308126 2
      vertex 2.6505618350206523 -0.4294047947308126 0
      vertex 2.85 -0.5277568135664543 2
    endloop
  endfacet
  facet normal -0.5555702330196028 -0.8314696123025448 0
    outer loop
      vertex 2.85 -0.5277568135664543 2
      vertex 2.85 -0.5277568135664543 0
      vertex 3.034894429314825 -0.6512993215049003 2
    endloop
  endfacet
  facet normal -0.6593458151000676 -0.7518398074789786 0
    outer loop
      vertex 3.034894429314825 -0.6512993215049003 2
      vertex 3.034894429314825 -0.6512993215049003 0
      vertex 3.202081528017131 -0.7979184719828691 2
    endloop
  endfacet
  facet normal -0.7518398074789786 -0.6593458151000675 0
    outer loop
      vertex 3.202081528017131 -0.7979184719828691 2
      vertex 3.202081528017131 -0.7979184719828691 0
      vertex 3.3487006784950997 -0.965105570685175 2
    endloop
  endfacet
  facet normal -0.8314696123025448 -0.5555702330196028 -3.1377931956556956e-18
    outer loop
      vertex 3.4722431864335457 -1.15 2
      vertex 3.3487006784950997 -0.965105570685175 2
      vertex 3.3487006784950997 -0.965105570685175 0
    endloop
  endfacet
  facet normal -0.8968727415326885 -0.44228869021900075 7.785740111691204e-19
    outer loop
      vertex 3.5705952052691874 -1.3494381649793474 2
      vertex 3.4722431864335457 -1.15 2
      vertex 3.4722431864335457 -1.15 0
    endloop
  endfacet
  facet normal -0.9469301294951058 -0.3214394653031612 8.757878432731148e-19
    outer loop
      vertex 3.642073904691416 -1.5600076233257147 2
      vertex 3.5705952052691874 -1.3494381649793474 2
      vertex 3.5705952052691874 -1.3494381649793474 0
    endloop
  endfacet
  facet normal -0.9807852804032305 -0.1950903220161276 6.30791286288902e-19
    outer loop
      vertex 3.6854562643354773 -1.7781054732259123 2
      vertex 3.642073904691416 -1.5600076233257147 2
      vertex 3.642073904691416 -1.5600076233257147 0
    endloop
  endfacet
  facet normal -0.9978589232386034 -0.06540312923014542 -1.7324071482393553e-19
    outer loop
      vertex 3.7 -2 2
      vertex 3.6854562643354773 -1.7781054732259123 2
      vertex 3.6854562643354773 -1.7781054732259123 0
    endloop
  endfacet
  facet normal -0.9978589232386034 0.06540312923014542 1.7324071482393553e-19
    outer loop
      vertex 3.6854562643354773 -2.2218945267740877 2
      vertex 3.7 -2 2
      vertex 3.7 -2 0
    endloop
  endfacet
  facet normal -0.9807852804032305 0.1950903220161276 -6.30791286288902e-19
    outer loop
      vertex 3.642073904691416 -2.4399923766742853 2
      vertex 3.6854562643354773 -2.2218945267740877 2
      vertex 3.6854562643354773 -2.2218945267740877 0
    endloop
  endfacet
  facet normal -0.9469301294951057 0.32143946530316153 -1.4580326276826432e-18
    outer loop
      vertex 3.5705952052691874 -2.6505618350206523 2
      vertex 3.642073904691416 -2.4399923766742853 2
      vertex 3.642073904691416 -2.4399923766742853 0
    endloop
  endfacet
  facet normal -0.8968727415326887 0.44228869021900036 1.5190617222515712e-18
    outer loop
      vertex 3.4722431864335457 -2.85 2
      vertex 3.5705952052691874 -2.6505618350206523 2
      vertex 3.5705952052691874 -2.6505618350206523 0
    endloop
  endfacet
  facet normal -0.8314696123025448 0.5555702330196028 3.1377931956556956e-18
    outer loop
      vertex 3.3487006784950997 -3.034894429314825 2
      vertex 3.4722431864335457 -2.85 2
      vertex 3.4722431864335457 -2.85 0
    endloop
  endfacet
  facet normal -0.5555702330196028 0.8314696123025448 0
    outer loop
      vertex 3.034894429314825 -3.3487006784950997 2
      vertex 3.034894429314825 -3.3487006784950997 0
      vertex 2.85 -3.4722431864335457 2
    endloop
  endfacet
  facet normal -0.6593458151000671 0.751839807478979 0
    outer loop
      vertex 3.202081528017131 -3.202081528017131 2
      vertex 3.202081528017131 -3.202081528017131 0
      vertex 3.034894429314825 -3.3487006784950997 2
    endloop
  endfacet
  facet normal -0.44228869021900036 0.8968727415326887 0
    outer loop
      vertex 2.85 -3.4722431864335457 2
      vertex 2.85 -3.4722431864335457 0
      vertex 2.6505618350206523 -3.5705952052691874 2
    endloop
  endfacet
  facet normal -0.751839807478979 0.6593458151000671 -2.3729983702005863e-18
    outer loop
      vertex 3.202081528017131 -3.202081528017131 2
      vertex 3.3487006784950997 -3.034894429314825 2
      vertex 3.3487006784950997 -3.034894429314825 0
    endloop
  endfacet
  facet normal 0.44228869021900075 -0.8968727415326885 0
    outer loop
      vertex 1.3494381649793474 -0.4294047947308126 2
      vertex 1.15 -0.5277568135664543 0
      vertex 1.3494381649793474 -0.4294047947308126 0
    endloop
  endfacet
  facet normal 0.3214394653031621 -0.9469301294951055 0
    outer loop
      vertex 1.5600076233257147 -0.3579260953085839 2
      vertex 1.3494381649793474 -0.4294047947308126 0
      vertex 1.5600076233257147 -0.3579260953085839 0
    endloop
  endfacet
  facet normal 0.6593458151000681 -0.751839807478978 0
    outer loop
      vertex 0.965105570685175 -0.6512993215049003 2
      vertex 0.7979184719828691 -0.7979184719828691 0
      vertex 0.965105570685175 -0.6512993215049003 0
    endloop
  endfacet
  facet normal 0.751839807478978 -0.6593458151000681 0
    outer loop
      vertex 0.7979184719828691 -0.7979184719828691 2
      vertex 0.6512993215049003 -0.965105570685175 0
      vertex 0.7979184719828691 -0.7979184719828691 0
    endloop
  endfacet
  facet normal 0.8314696123025448 -0.5555702330196028 0
    outer loop
      vertex 0.6512993215049003 -0.965105570685175 2
      vertex 0.5277568135664543 -1.15 0
      vertex 0.6512993215049003 -0.965105570685175 0
    endloop
  endfacet
  facet normal 0.8968727415326885 -0.44228869021900075 0
    outer loop
      vertex 0.5277568135664543 -1.15 2
      vertex 0.4294047947308126 -1.3494381649793474 0
      vertex 0.5277568135664543 -1.15 0
    endloop
  endfacet
  facet normal 0.5555702330196028 -0.8314696123025448 0
    outer loop
      vertex 1.15 -0.5277568135664543 2
      vertex 0.965105570685175 -0.6512993215049003 0
      vertex 1.15 -0.5277568135664543 0
    endloop
  endfacet
  facet normal 0.1950903220161276 -0.9807852804032305 0
    outer loop
      vertex 1.7781054732259123 -0.31454373566452243 2
      vertex 1.5600076233257147 -0.3579260953085839 0
      vertex 1.7781054732259123 -0.31454373566452243 0
    endloop
  endfacet
  facet normal 0.06540312923014344 -0.9978589232386035 0
    outer loop
      vertex 2 -0.30000000000000004 2
      vertex 1.7781054732259123 -0.31454373566452243 0
      vertex 2 -0.30000000000000004 0
    endloop
  endfacet
  facet normal -0.06540312923014344 -0.9978589232386035 0
    outer loop
      vertex 2.2218945267740877 -0.31454373566452243 2
      vertex 2 -0.30000000000000004 0
      vertex 2.2218945267740877 -0.31454373566452243 0
    endloop
  endfacet
  facet normal -0.1950903220161276 -0.9807852804032305 0
    outer loop
      vertex 2.4399923766742853 -0.3579260953085839 2
      vertex 2.2218945267740877 -0.31454373566452243 0
      vertex 2.4399923766742853 -0.3579260953085839 0
    endloop
  endfacet
  facet normal -0.3214394653031624 -0.9469301294951055 0
    outer loop
      vertex 2.6505618350206523 -0.4294047947308126 2
      vertex 2.4399923766742853 -0.3579260953085839 0
      vertex 2.6505618350206523 -0.4294047947308126 0
    endloop
  endfacet
  facet normal 0.9807852804032305 -0.1950903220161276 0
    outer loop
      vertex 0.3579260953085839 -1.5600076233257147 2
      vertex 0.31454373566452243 -1.7781054732259123 0
      vertex 0.3579260953085839 -1.5600076233257147 0
    endloop
  endfacet
  facet normal 0.9978589232386035 -0.06540312923014344 0
    outer loop
      vertex 0.31454373566452243 -1.7781054732259123 2
      vertex 0.30000000000000004 -2 0
      vertex 0.31454373566452243 -1.7781054732259123 0
    endloop
  endfacet
  facet normal 0.9978589232386035 0.06540312923014344 0
    outer loop
      vertex 0.30000000000000004 -2 2
      vertex 0.31454373566452243 -2.2218945267740877 0
      vertex 0.30000000000000004 -2 0
    endloop
  endfacet
  facet normal 0.9807852804032305 0.1950903220161276 0
    outer loop
      vertex 0.31454373566452243 -2.2218945267740877 2
      vertex 0.3579260953085839 -2.4399923766742853 0
      vertex 0.31454373566452243 -2.2218945267740877 0
    endloop
  endfacet
  facet normal 0.9469301294951055 -0.3214394653031621 0
    outer loop
      vertex 0.4294047947308126 -1.3494381649793474 2
      vertex 0.3579260953085839 -1.5600076233257147 0
      vertex 0.4294047947308126 -1.3494381649793474 0
    endloop
  endfacet
  facet normal 0.9469301294951055 0.3214394653031624 0
    outer loop
      vertex 0.3579260953085839 -2.4399923766742853 2
      vertex 0.4294047947308126 -2.6505618350206523 0
      vertex 0.3579260953085839 -2.4399923766742853 0
    endloop
  endfacet
  facet normal 0.8968727415326887 0.44228869021900036 0
    outer loop
      vertex 0.4294047947308126 -2.6505618350206523 2
      vertex 0.5277568135664543 -2.85 0
      vertex 0.4294047947308126 -2.6505618350206523 0
    endloop
  endfacet
  facet normal 0.8314696123025448 0.5555702330196028 0
    outer loop
      vertex 0.5277568135664543 -2.85 2
      vertex 0.6512993215049003 -3.034894429314825 0
      vertex 0.5277568135664543 -2.85 0
    endloop
  endfacet
  facet normal 0.7518398074789786 0.6593458151000676 0
    outer loop
      vertex 0.6512993215049003 -3.034894429314825 2
      vertex 0.7979184719828691 -3.202081528017131 0
      vertex 0.6512993215049003 -3.034894429314825 0
    endloop
  endfacet
  facet normal 0.6593458151000675 0.7518398074789786 0
    outer loop
      vertex 0.7979184719828691 -3.202081528017131 2
      vertex 0.965105570685175 -3.3487006784950997 0
      vertex 0.7979184719828691 -3.202081528017131 0
    endloop
  endfacet
  facet normal 0.5555702330196028 0.8314696123025448 0
    outer loop
      vertex 0.965105570685175 -3.3487006784950997 2
      vertex 1.15 -3.4722431864335457 0
      vertex 0.965105570685175 -3.3487006784950997 0
    endloop
  endfacet
  facet normal 0.44228869021900075 0.8968727415326885 0
    outer loop
      vertex 1.15 -3.4722431864335457 2
      vertex 1.3494381649793474 -3.5705952052691874 0
      vertex 1.15 -3.4722431864335457 0
    endloop
  endfacet
  facet normal 0.3214394653031612 0.9469301294951058 0
    outer loop
      vertex 1.3494381649793474 -3.5705952052691874 2
      vertex 1.5600076233257147 -3.642073904691416 0
      vertex 1.3494381649793474 -3.5705952052691874 0
    endloop
  endfacet
  facet normal 0.1950903220161276 0.9807852804032305 0
    outer loop
      vertex 1.5600076233257147 -3.642073904691416 2
      vertex 1.7781054732259123 -3.6854562643354773 0
      vertex 1.5600076233257147 -3.642073904691416 0
    endloop
  endfacet
  facet normal 0.06540312923014542 0.9978589232386034 0
    outer loop
      vertex 1.7781054732259123 -3.6854562643354773 2
      vertex 2 -3.7 0
      vertex 1.7781054732259123 -3.6854562643354773 0
    endloop
  endfacet
  facet normal -0.06540312923014542 0.9978589232386034 0
    outer loop
      vertex 2 -3.7 2
      vertex 2.2218945267740877 -3.6854562643354773 0
      vertex 2 -3.7 0
    endloop
  endfacet
  facet normal -0.1950903220161276 0.9807852804032305 0
    outer loop
      vertex 2.2218945267740877 -3.6854562643354773 2
      vertex 2.4399923766742853 -3.642073904691416 0
      vertex 2.2218945267740877 -3.6854562643354773 0
    endloop
  endfacet
  facet normal -0.32143946530316153 0.9469301294951057 0
    outer loop
      vertex 2.4399923766742853 -3.642073904691416 2
      vertex 2.6505618350206523 -3.5705952052691874 0
      vertex 2.4399923766742853 -3.642073904691416 0
    endloop
  endfacet
  facet normal -0.44228869021900036 -0.8968727415326887 0
    outer loop
      vertex 2.85 -0.5277568135664543 2
      vertex 2.6505618350206523 -0.4294047947308126 0
      vertex 2.85 -0.5277568135664543 0
    endloop
  endfacet
  facet normal -0.5555702330196028 -0.8314696123025448 0
    outer loop
      vertex 3.034894429314825 -0.6512993215049003 2
      vertex 2.85 -0.5277568135664543 0
      vertex 3.034894429314825 -0.6512993215049003 0
    endloop
  endfacet
  facet normal -0.6593458151000676 -0.7518398074789786 0
    outer loop
      vertex 3.202081528017131 -0.7979184719828691 2
      vertex 3.034894429314825 -0.6512993215049003 0
      vertex 3.202081528017131 -0.7979184719828691 0
    endloop
  endfacet
  facet normal -0.7518398074789786 -0.6593458151000675 0
    outer loop
      vertex 3.3487006784950997 -0.965105570685175 2
      vertex 3.202081528017131 -0.7979184719828691 0
      vertex 3.3487006784950997 -0.965105570685175 0
    endloop
  endfacet
  facet normal -0.8314696123025448 -0.5555702330196028 0
    outer loop
      vertex 3.4722431864335457 -1.15 2
      vertex 3.3487006784950997 -0.965105570685175 0
      vertex 3.4722431864335457 -1.15 0
    endloop
  endfacet
  facet normal -0.8968727415326885 -0.44228869021900075 0
    outer loop
      vertex 3.5705952052691874 -1.3494381649793474 2
      vertex 3.4722431864335457 -1.15 0
      vertex 3.5705952052691874 -1.3494381649793474 0
    endloop
  endfacet
  facet normal -0.9469301294951058 -0.3214394653031612 0
    outer loop
      vertex 3.642073904691416 -1.5600076233257147 2
      vertex 3.5705952052691874 -1.3494381649793474 0
      vertex 3.642073904691416 -1.5600076233257147 0
    endloop
  endfacet
  facet normal -0.9807852804032305 -0.1950903220161276 0
    outer loop
      vertex 3.6854562643354773 -1.7781054732259123 2
      vertex 3.642073904691416 -1.5600076233257147 0
      vertex 3.6854562643354773 -1.7781054732259123 0
    endloop
  endfacet
  facet normal -0.9978589232386034 -0.06540312923014542 -1.7324071482393553e-19
    outer loop
      vertex 3.6854562643354773 -1.7781054732259123 0
      vertex 3.7 -2 0
      vertex 3.7 -2 2
    endloop
  endfacet
  facet normal -0.9978589232386034 0.06540312923014542 0
    outer loop
      vertex 3.6854562643354773 -2.2218945267740877 2
      vertex 3.7 -2 0
      vertex 3.6854562643354773 -2.2218945267740877 0
    endloop
  endfacet
  facet normal -0.9807852804032305 0.1950903220161276 0
    outer loop
      vertex 3.642073904691416 -2.4399923766742853 2
      vertex 3.6854562643354773 -2.2218945267740877 0
      vertex 3.642073904691416 -2.4399923766742853 0
    endloop
  endfacet
  facet normal -0.9469301294951057 0.32143946530316153 0
    outer loop
      vertex 3.5705952052691874 -2.6505618350206523 2
      vertex 3.642073904691416 -2.4399923766742853 0
      vertex 3.5705952052691874 -2.6505618350206523 0
    endloop
  endfacet
  facet normal -0.8968727415326887 0.44228869021900036 0
    outer loop
      vertex 3.4722431864335457 -2.85 2
      vertex 3.5705952052691874 -2.6505618350206523 0
      vertex 3.4722431864335457 -2.85 0
    endloop
  endfacet
  facet normal -0.8314696123025448 0.5555702330196028 0
    outer loop
      vertex 3.3487006784950997 -3.034894429314825 2
      vertex 3.4722431864335457 -2.85 0
      vertex 3.3487006784950997 -3.034894429314825 0
    endloop
  endfacet
  facet normal -0.5555702330196028 0.8314696123025448 0
    outer loop
      vertex 2.85 -3.4722431864335457 2
      vertex 3.034894429314825 -3.3487006784950997 0
      vertex 2.85 -3.4722431864335457 0
    endloop
  endfacet
  facet normal -0.751839807478979 0.6593458151000671 0
    outer loop
      vertex 3.202081528017131 -3.202081528017131 2
      vertex 3.3487006784950997 -3.034894429314825 0
      vertex 3.202081528017131 -3.202081528017131 0
    endloop
  endfacet
  facet normal -0.6593458151000671 0.751839807478979 0
    outer loop
      vertex 3.034894429314825 -3.3487006784950997 2
      vertex 3.202081528017131 -3.202081528017131 0
      vertex 3.034894429314825 -3.3487006784950997 0
    endloop
  endfacet
  facet normal -0.44228869021900036 0.8968727415326887 0
    outer loop
      vertex 2.6505618350206523 -3.5705952052691874 2
      vertex 2.85 -3.4722431864335457 0
      vertex 2.6505618350206523 -3.5705952052691874 0
    endloop
  endfacet
  facet normal 0.9807852804032304 -0.1950903220161284 -1.456797725482887e-18
    outer loop
      vertex 0.3579260953085839 -47.56000762332572 2
      vertex 0.31454373566452243 -47.778105473225914 2
      vertex 0.31454373566452243 -47.778105473225914 0
    endloop
  endfacet
  facet normal 0.9978589232386035 -0.06540312923014382 2.7236140541815904e-19
    outer loop
      vertex 0.31454373566452243 -47.778105473225914 2
      vertex 0.30000000000000004 -48 2
      vertex 0.30000000000000004 -48 0
    endloop
  endfacet
  facet normal 0.9978589232386035 0.06540312923014382 -2.7236140541815904e-19
    outer loop
      vertex 0.30000000000000004 -48 2
      vertex 0.31454373566452243 -48.221894526774086 2
      vertex 0.31454373566452243 -48.221894526774086 0
    endloop
  endfacet
  facet normal 0.9807852804032304 0.1950903220161284 1.456797725482887e-18
    outer loop
      vertex 0.31454373566452243 -48.221894526774086 2
      vertex 0.3579260953085839 -48.43999237667428 2
      vertex 0.3579260953085839 -48.43999237667428 0
    endloop
  endfacet
  facet normal 0.7518398074789803 -0.6593458151000655 -5.438338777600555e-19
    outer loop
      vertex 0.7979184719828691 -46.79791847198287 2
      vertex 0.6512993215049003 -46.965105570685175 2
      vertex 0.6512993215049003 -46.965105570685175 0
    endloop
  endfacet
  facet normal 0.6593458151000642 -0.7518398074789816 0
    outer loop
      vertex 0.7979184719828691 -46.79791847198287 2
      vertex 0.7979184719828691 -46.79791847198287 0
      vertex 0.965105570685175 -46.6512993215049 2
    endloop
  endfacet
  facet normal 0.4422886902189976 -0.8968727415326901 0
    outer loop
      vertex 1.15 -46.527756813566455 2
      vertex 1.15 -46.527756813566455 0
      vertex 1.3494381649793474 -46.429404794730814 2
    endloop
  endfacet
  facet normal 0.32143946530316475 -0.9469301294951045 0
    outer loop
      vertex 1.3494381649793474 -46.429404794730814 2
      vertex 1.3494381649793474 -46.429404794730814 0
      vertex 1.5600076233257147 -46.357926095308585 2
    endloop
  endfacet
  facet normal 0.5555702330196015 -0.8314696123025458 -2.0615018452431326e-18
    outer loop
      vertex 1.15 -46.527756813566455 2
      vertex 0.965105570685175 -46.6512993215049 2
      vertex 0.965105570685175 -46.6512993215049 0
    endloop
  endfacet
  facet normal 0.1950903220161353 -0.9807852804032291 0
    outer loop
      vertex 1.5600076233257147 -46.357926095308585 2
      vertex 1.5600076233257147 -46.357926095308585 0
      vertex 1.7781054732259123 -46.31454373566452 2
    endloop
  endfacet
  facet normal 0.06540312923015337 -0.9978589232386029 0
    outer loop
      vertex 1.7781054732259123 -46.31454373566452 2
      vertex 1.7781054732259123 -46.31454373566452 0
      vertex 2 -46.3 2
    endloop
  endfacet
  facet normal -0.06540312923015337 -0.9978589232386029 0
    outer loop
      vertex 2 -46.3 2
      vertex 2 -46.3 0
      vertex 2.2218945267740877 -46.31454373566452 2
    endloop
  endfacet
  facet normal -0.1950903220161353 -0.9807852804032291 0
    outer loop
      vertex 2.2218945267740877 -46.31454373566452 2
      vertex 2.2218945267740877 -46.31454373566452 0
      vertex 2.4399923766742853 -46.357926095308585 2
    endloop
  endfacet
  facet normal -0.3214394653031651 -0.9469301294951045 0
    outer loop
      vertex 2.4399923766742853 -46.357926095308585 2
      vertex 2.4399923766742853 -46.357926095308585 0
      vertex 2.6505618350206523 -46.429404794730814 2
    endloop
  endfacet
  facet normal 0.831469612302543 -0.5555702330196056 -2.971869398989805e-19
    outer loop
      vertex 0.6512993215049003 -46.965105570685175 2
      vertex 0.5277568135664543 -47.15 2
      vertex 0.5277568135664543 -47.15 0
    endloop
  endfacet
  facet normal 0.8968727415326891 -0.4422886902189996 -1.6867123122108868e-18
    outer loop
      vertex 0.5277568135664543 -47.15 2
      vertex 0.4294047947308126 -47.34943816497935 2
      vertex 0.4294047947308126 -47.34943816497935 0
    endloop
  endfacet
  facet normal 0.9469301294951068 -0.32143946530315815 -1.2914021671789357e-18
    outer loop
      vertex 0.4294047947308126 -47.34943816497935 2
      vertex 0.3579260953085839 -47.56000762332572 2
      vertex 0.3579260953085839 -47.56000762332572 0
    endloop
  endfacet
  facet normal 0.9469301294951068 0.32143946530315815 1.2914021671789357e-18
    outer loop
      vertex 0.3579260953085839 -48.43999237667428 2
      vertex 0.4294047947308126 -48.65056183502065 2
      vertex 0.4294047947308126 -48.65056183502065 0
    endloop
  endfacet
  facet normal 0.8968727415326891 0.4422886902189996 1.6867123122108868e-18
    outer loop
      vertex 0.4294047947308126 -48.65056183502065 2
      vertex 0.5277568135664543 -48.85 2
      vertex 0.5277568135664543 -48.85 0
    endloop
  endfacet
  facet normal 0.831469612302543 0.5555702330196056 2.971869398989805e-19
    outer loop
      vertex 0.5277568135664543 -48.85 2
      vertex 0.6512993215049003 -49.034894429314825 2
      vertex 0.6512993215049003 -49.034894429314825 0
    endloop
  endfacet
  facet normal 0.7518398074789803 0.6593458151000655 5.438338777600555e-19
    outer loop
      vertex 0.6512993215049003 -49.034894429314825 2
      vertex 0.7979184719828691 -49.20208152801713 2
      vertex 0.7979184719828691 -49.20208152801713 0
    endloop
  endfacet
  facet normal 0.6593458151000642 0.7518398074789816 0
    outer loop
      vertex 0.965105570685175 -49.3487006784951 2
      vertex 0.965105570685175 -49.3487006784951 0
      vertex 0.7979184719828691 -49.20208152801713 2
    endloop
  endfacet
  facet normal 0.5555702330196015 0.8314696123025458 2.0615018452431326e-18
    outer loop
      vertex 0.965105570685175 -49.3487006784951 2
      vertex 1.15 -49.472243186433545 2
      vertex 1.15 -49.472243186433545 0
    endloop
  endfacet
  facet normal 0.4422886902189976 0.8968727415326901 0
    outer loop
      vertex 1.3494381649793474 -49.570595205269186 2
      vertex 1.3494381649793474 -49.570595205269186 0
      vertex 1.15 -49.472243186433545 2
    endloop
  endfacet
  facet normal 0.32143946530316475 0.9469301294951045 0
    outer loop
      vertex 1.5600076233257147 -49.642073904691415 2
      vertex 1.5600076233257147 -49.642073904691415 0
      vertex 1.3494381649793474 -49.570595205269186 2
    endloop
  endfacet
  facet normal 0.1950903220161353 0.9807852804032291 0
    outer loop
      vertex 1.7781054732259123 -49.68545626433548 2
      vertex 1.7781054732259123 -49.68545626433548 0
      vertex 1.5600076233257147 -49.642073904691415 2
    endloop
  endfacet
  facet normal 0.06540312923015337 0.9978589232386029 0
    outer loop
      vertex 2 -49.7 2
      vertex 2 -49.7 0
      vertex 1.7781054732259123 -49.68545626433548 2
    endloop
  endfacet
  facet normal -0.1950903220161353 0.9807852804032291 0
    outer loop
      vertex 2.4399923766742853 -49.642073904691415 2
      vertex 2.4399923766742853 -49.642073904691415 0
      vertex 2.2218945267740877 -49.68545626433548 2
    endloop
  endfacet
  facet normal -0.06540312923015337 0.9978589232386029 0
    outer loop
      vertex 2.2218945267740877 -49.68545626433548 2
      vertex 2.2218945267740877 -49.68545626433548 0
      vertex 2 -49.7 2
    endloop
  endfacet
  facet normal -0.3214394653031651 0.9469301294951045 0
    outer loop
      vertex 2.6505618350206523 -49.570595205269186 2
      vertex 2.6505618350206523 -49.570595205269186 0
      vertex 2.4399923766742853 -49.642073904691415 2
    endloop
  endfacet
  facet normal -0.44228869021899714 -0.8968727415326903 0
    outer loop
      vertex 2.6505618350206523 -46.429404794730814 2
      vertex 2.6505618350206523 -46.429404794730814 0
      vertex 2.85 -46.527756813566455 2
    endloop
  endfacet
  facet normal -0.5555702330196015 -0.8314696123025458 0
    outer loop
      vertex 2.85 -46.527756813566455 2
      vertex 2.85 -46.527756813566455 0
      vertex 3.034894429314825 -46.6512993215049 2
    endloop
  endfacet
  facet normal -0.6593458151000636 -0.751839807478982 0
    outer loop
      vertex 3.034894429314825 -46.6512993215049 2
      vertex 3.034894429314825 -46.6512993215049 0
      vertex 3.202081528017131 -46.79791847198287 2
    endloop
  endfacet
  facet normal -0.7518398074789808 -0.6593458151000651 0
    outer loop
      vertex 3.202081528017131 -46.79791847198287 2
      vertex 3.202081528017131 -46.79791847198287 0
      vertex 3.3487006784950997 -46.965105570685175 2
    endloop
  endfacet
  facet normal -0.831469612302543 -0.5555702330196056 2.971869398989805e-19
    outer loop
      vertex 3.4722431864335457 -47.15 2
      vertex 3.3487006784950997 -46.965105570685175 2
      vertex 3.3487006784950997 -46.965105570685175 0
    endloop
  endfacet
  facet normal -0.8968727415326891 -0.4422886902189996 1.6867123122108868e-18
    outer loop
      vertex 3.5705952052691874 -47.34943816497935 2
      vertex 3.4722431864335457 -47.15 2
      vertex 3.4722431864335457 -47.15 0
    endloop
  endfacet
  facet normal -0.9469301294951071 -0.32143946530315726 1.1076511472531016e-18
    outer loop
      vertex 3.642073904691416 -47.56000762332572 2
      vertex 3.5705952052691874 -47.34943816497935 2
      vertex 3.5705952052691874 -47.34943816497935 0
    endloop
  endfacet
  facet normal -0.9807852804032304 -0.1950903220161284 1.456797725482887e-18
    outer loop
      vertex 3.6854562643354773 -47.778105473225914 2
      vertex 3.642073904691416 -47.56000762332572 2
      vertex 3.642073904691416 -47.56000762332572 0
    endloop
  endfacet
  facet normal -0.9978589232386034 -0.06540312923014581 -4.868856873528795e-19
    outer loop
      vertex 3.7 -48 2
      vertex 3.6854562643354773 -47.778105473225914 2
      vertex 3.6854562643354773 -47.778105473225914 0
    endloop
  endfacet
  facet normal -0.9978589232386034 0.06540312923014581 4.868856873528795e-19
    outer loop
      vertex 3.6854562643354773 -48.221894526774086 2
      vertex 3.7 -48 2
      vertex 3.7 -48 0
    endloop
  endfacet
  facet normal -0.9807852804032304 0.1950903220161284 -1.456797725482887e-18
    outer loop
      vertex 3.642073904691416 -48.43999237667428 2
      vertex 3.6854562643354773 -48.221894526774086 2
      vertex 3.6854562643354773 -48.221894526774086 0
    endloop
  endfacet
  facet normal -0.9469301294951071 0.32143946530315726 -1.1076511472531016e-18
    outer loop
      vertex 3.5705952052691874 -48.65056183502065 2
      vertex 3.642073904691416 -48.43999237667428 2
      vertex 3.642073904691416 -48.43999237667428 0
    endloop
  endfacet
  facet normal -0.5555702330196015 0.8314696123025458 0
    outer loop
      vertex 3.034894429314825 -49.3487006784951 2
      vertex 3.034894429314825 -49.3487006784951 0
      vertex 2.85 -49.472243186433545 2
    endloop
  endfacet
  facet normal -0.6593458151000636 0.751839807478982 3.8690401588053274e-18
    outer loop
      vertex 3.034894429314825 -49.3487006784951 2
      vertex 3.202081528017131 -49.20208152801713 2
      vertex 3.202081528017131 -49.20208152801713 0
    endloop
  endfacet
  facet normal -0.8968727415326891 0.4422886902189996 -1.6867123122108868e-18
    outer loop
      vertex 3.4722431864335457 -48.85 2
      vertex 3.5705952052691874 -48.65056183502065 2
      vertex 3.5705952052691874 -48.65056183502065 0
    endloop
  endfacet
  facet normal -0.831469612302543 0.5555702330196056 -2.971869398989805e-19
    outer loop
      vertex 3.3487006784950997 -49.034894429314825 2
      vertex 3.4722431864335457 -48.85 2
      vertex 3.4722431864335457 -48.85 0
    endloop
  endfacet
  facet normal -0.7518398074789808 0.6593458151000651 1.7966801272911187e-18
    outer loop
      vertex 3.202081528017131 -49.20208152801713 2
      vertex 3.3487006784950997 -49.034894429314825 2
      vertex 3.3487006784950997 -49.034894429314825 0
    endloop
  endfacet
  facet normal -0.44228869021899714 0.8968727415326903 0
    outer loop
      vertex 2.85 -49.472243186433545 2
      vertex 2.85 -49.472243186433545 0
      vertex 2.6505618350206523 -49.570595205269186 2
    endloop
  endfacet
  facet normal 0.9807852804032304 -0.1950903220161284 0
    outer loop
      vertex 0.3579260953085839 -47.56000762332572 2
      vertex 0.31454373566452243 -47.778105473225914 0
      vertex 0.3579260953085839 -47.56000762332572 0
    endloop
  endfacet
  facet normal 0.9978589232386035 -0.06540312923014382 0
    outer loop
      vertex 0.31454373566452243 -47.778105473225914 2
      vertex 0.30000000000000004 -48 0
      vertex 0.31454373566452243 -47.778105473225914 0
    endloop
  endfacet
  facet normal 0.9978589232386035 0.06540312923014382 0
    outer loop
      vertex 0.30000000000000004 -48 2
      vertex 0.31454373566452243 -48.221894526774086 0
      vertex 0.30000000000000004 -48 0
    endloop
  endfacet
  facet normal 0.9807852804032304 0.1950903220161284 0
    outer loop
      vertex 0.31454373566452243 -48.221894526774086 2
      vertex 0.3579260953085839 -48.43999237667428 0
      vertex 0.31454373566452243 -48.221894526774086 0
    endloop
  endfacet
  facet normal 0.6593458151000642 -0.7518398074789816 0
    outer loop
      vertex 0.965105570685175 -46.6512993215049 2
      vertex 0.7979184719828691 -46.79791847198287 0
      vertex 0.965105570685175 -46.6512993215049 0
    endloop
  endfacet
  facet normal 0.7518398074789803 -0.6593458151000655 0
    outer loop
      vertex 0.7979184719828691 -46.79791847198287 2
      vertex 0.6512993215049003 -46.965105570685175 0
      vertex 0.7979184719828691 -46.79791847198287 0
    endloop
  endfacet
  facet normal 0.4422886902189976 -0.8968727415326901 0
    outer loop
      vertex 1.3494381649793474 -46.429404794730814 2
      vertex 1.15 -46.527756813566455 0
      vertex 1.3494381649793474 -46.429404794730814 0
    endloop
  endfacet
  facet normal 0.32143946530316475 -0.9469301294951045 0
    outer loop
      vertex 1.5600076233257147 -46.357926095308585 2
      vertex 1.3494381649793474 -46.429404794730814 0
      vertex 1.5600076233257147 -46.357926095308585 0
    endloop
  endfacet
  facet normal 0.5555702330196015 -0.8314696123025458 0
    outer loop
      vertex 1.15 -46.527756813566455 2
      vertex 0.965105570685175 -46.6512993215049 0
      vertex 1.15 -46.527756813566455 0
    endloop
  endfacet
  facet normal 0.1950903220161353 -0.9807852804032291 0
    outer loop
      vertex 1.7781054732259123 -46.31454373566452 2
      vertex 1.5600076233257147 -46.357926095308585 0
      vertex 1.7781054732259123 -46.31454373566452 0
    endloop
  endfacet
  facet normal 0.06540312923015337 -0.9978589232386029 0
    outer loop
      vertex 2 -46.3 2
      vertex 1.7781054732259123 -46.31454373566452 0
      vertex 2 -46.3 0
    endloop
  endfacet
  facet normal -0.06540312923015337 -0.9978589232386029 0
    outer loop
      vertex 2.2218945267740877 -46.31454373566452 2
      vertex 2 -46.3 0
      vertex 2.2218945267740877 -46.31454373566452 0
    endloop
  endfacet
  facet normal -0.1950903220161353 -0.9807852804032291 0
    outer loop
      vertex 2.4399923766742853 -46.357926095308585 2
      vertex 2.2218945267740877 -46.31454373566452 0
      vertex 2.4399923766742853 -46.357926095308585 0
    endloop
  endfacet
  facet normal -0.3214394653031651 -0.9469301294951045 0
    outer loop
      vertex 2.6505618350206523 -46.429404794730814 2
      vertex 2.4399923766742853 -46.357926095308585 0
      vertex 2.6505618350206523 -46.429404794730814 0
    endloop
  endfacet
  facet normal 0.831469612302543 -0.5555702330196056 0
    outer loop
      vertex 0.6512993215049003 -46.965105570685175 2
      vertex 0.5277568135664543 -47.15 0
      vertex 0.6512993215049003 -46.965105570685175 0
    endloop
  endfacet
  facet normal 0.8968727415326891 -0.4422886902189996 0
    outer loop
      vertex 0.5277568135664543 -47.15 2
      vertex 0.4294047947308126 -47.34943816497935 0
      vertex 0.5277568135664543 -47.15 0
    endloop
  endfacet
  facet normal 0.9469301294951068 -0.32143946530315815 0
    outer loop
      vertex 0.4294047947308126 -47.34943816497935 2
      vertex 0.3579260953085839 -47.56000762332572 0
      vertex 0.4294047947308126 -47.34943816497935 0
    endloop
  endfacet
  facet normal 0.9469301294951068 0.32143946530315815 0
    outer loop
      vertex 0.3579260953085839 -48.43999237667428 2
      vertex 0.4294047947308126 -48.65056183502065 0
      vertex 0.3579260953085839 -48.43999237667428 0
    endloop
  endfacet
  facet normal 0.8968727415326891 0.4422886902189996 0
    outer loop
      vertex 0.4294047947308126 -48.65056183502065 2
      vertex 0.5277568135664543 -48.85 0
      vertex 0.4294047947308126 -48.65056183502065 0
    endloop
  endfacet
  facet normal 0.831469612302543 0.5555702330196056 0
    outer loop
      vertex 0.5277568135664543 -48.85 2
      vertex 0.6512993215049003 -49.034894429314825 0
      vertex 0.5277568135664543 -48.85 0
    endloop
  endfacet
  facet normal 0.7518398074789803 0.6593458151000655 0
    outer loop
      vertex 0.6512993215049003 -49.034894429314825 2
      vertex 0.7979184719828691 -49.20208152801713 0
      vertex 0.6512993215049003 -49.034894429314825 0
    endloop
  endfacet
  facet normal 0.6593458151000642 0.7518398074789816 0
    outer loop
      vertex 0.7979184719828691 -49.20208152801713 2
      vertex 0.965105570685175 -49.3487006784951 0
      vertex 0.7979184719828691 -49.20208152801713 0
    endloop
  endfacet
  facet normal 0.5555702330196015 0.8314696123025458 0
    outer loop
      vertex 0.965105570685175 -49.3487006784951 2
      vertex 1.15 -49.472243186433545 0
      vertex 0.965105570685175 -49.3487006784951 0
    endloop
  endfacet
  facet normal 0.4422886902189976 0.8968727415326901 0
    outer loop
      vertex 1.15 -49.472243186433545 2
      vertex 1.3494381649793474 -49.570595205269186 0
      vertex 1.15 -49.472243186433545 0
    endloop
  endfacet
  facet normal 0.32143946530316475 0.9469301294951045 0
    outer loop
      vertex 1.3494381649793474 -49.570595205269186 2
      vertex 1.5600076233257147 -49.642073904691415 0
      vertex 1.3494381649793474 -49.570595205269186 0
    endloop
  endfacet
  facet normal 0.1950903220161353 0.9807852804032291 0
    outer loop
      vertex 1.5600076233257147 -49.642073904691415 2
      vertex 1.7781054732259123 -49.68545626433548 0
      vertex 1.5600076233257147 -49.642073904691415 0
    endloop
  endfacet
  facet normal 0.06540312923015337 0.9978589232386029 0
    outer loop
      vertex 1.7781054732259123 -49.68545626433548 2
      vertex 2 -49.7 0
      vertex 1.7781054732259123 -49.68545626433548 0
    endloop
  endfacet
  facet normal -0.06540312923015337 0.9978589232386029 0
    outer loop
      vertex 2 -49.7 2
      vertex 2.2218945267740877 -49.68545626433548 0
      vertex 2 -49.7 0
    endloop
  endfacet
  facet normal -0.1950903220161353 0.9807852804032291 0
    outer loop
      vertex 2.2218945267740877 -49.68545626433548 2
      vertex 2.4399923766742853 -49.642073904691415 0
      vertex 2.2218945267740877 -49.68545626433548 0
    endloop
  endfacet
  facet normal -0.3214394653031651 0.9469301294951045 0
    outer loop
      vertex 2.4399923766742853 -49.642073904691415 2
      vertex 2.6505618350206523 -49.570595205269186 0
      vertex 2.4399923766742853 -49.642073904691415 0
    endloop
  endfacet
  facet normal -0.44228869021899714 -0.8968727415326903 0
    outer loop
      vertex 2.85 -46.527756813566455 2
      vertex 2.6505618350206523 -46.429404794730814 0
      vertex 2.85 -46.527756813566455 0
    endloop
  endfacet
  facet normal -0.5555702330196015 -0.8314696123025458 0
    outer loop
      vertex 3.034894429314825 -46.6512993215049 2
      vertex 2.85 -46.527756813566455 0
      vertex 3.034894429314825 -46.6512993215049 0
    endloop
  endfacet
  facet normal -0.6593458151000636 -0.751839807478982 0
    outer loop
      vertex 3.202081528017131 -46.79791847198287 2
      vertex 3.034894429314825 -46.6512993215049 0
      vertex 3.202081528017131 -46.79791847198287 0
    endloop
  endfacet
  facet normal -0.7518398074789808 -0.6593458151000651 0
    outer loop
      vertex 3.3487006784950997 -46.965105570685175 2
      vertex 3.202081528017131 -46.79791847198287 0
      vertex 3.3487006784950997 -46.965105570685175 0
    endloop
  endfacet
  facet normal -0.831469612302543 -0.5555702330196056 0
    outer loop
      vertex 3.4722431864335457 -47.15 2
      vertex 3.3487006784950997 -46.965105570685175 0
      vertex 3.4722431864335457 -47.15 0
    endloop
  endfacet
  facet normal -0.8968727415326891 -0.4422886902189996 0
    outer loop
      vertex 3.5705952052691874 -47.34943816497935 2
      vertex 3.4722431864335457 -47.15 0
      vertex 3.5705952052691874 -47.34943816497935 0
    endloop
  endfacet
  facet normal -0.9469301294951071 -0.32143946530315726 0
    outer loop
      vertex 3.642073904691416 -47.56000762332572 2
      vertex 3.5705952052691874 -47.34943816497935 0
      vertex 3.642073904691416 -47.56000762332572 0
    endloop
  endfacet
  facet normal -0.9807852804032304 -0.1950903220161284 0
    outer loop
      vertex 3.6854562643354773 -47.778105473225914 2
      vertex 3.642073904691416 -47.56000762332572 0
      vertex 3.6854562643354773 -47.778105473225914 0
    endloop
  endfacet
  facet normal -0.9978589232386034 -0.06540312923014581 0
    outer loop
      vertex 3.7 -48 2
      vertex 3.6854562643354773 -47.778105473225914 0
      vertex 3.7 -48 0
    endloop
  endfacet
  facet normal -0.9978589232386034 0.06540312923014581 0
    outer loop
      vertex 3.6854562643354773 -48.221894526774086 2
      vertex 3.7 -48 0
      vertex 3.6854562643354773 -48.221894526774086 0
    endloop
  endfacet
  facet normal -0.9807852804032304 0.1950903220161284 0
    outer loop
      vertex 3.642073904691416 -48.43999237667428 2
      vertex 3.6854562643354773 -48.221894526774086 0
      vertex 3.642073904691416 -48.43999237667428 0
    endloop
  endfacet
  facet normal -0.9469301294951071 0.32143946530315726 0
    outer loop
      vertex 3.5705952052691874 -48.65056183502065 2
      vertex 3.642073904691416 -48.43999237667428 0
      vertex 3.5705952052691874 -48.65056183502065 0
    endloop
  endfacet
  facet normal -0.5555702330196015 0.8314696123025458 0
    outer loop
      vertex 2.85 -49.472243186433545 2
      vertex 3.034894429314825 -49.3487006784951 0
      vertex 2.85 -49.472243186433545 0
    endloop
  endfacet
  facet normal -0.7518398074789808 0.6593458151000651 0
    outer loop
      vertex 3.202081528017131 -49.20208152801713 2
      vertex 3.3487006784950997 -49.034894429314825 0
      vertex 3.202081528017131 -49.20208152801713 0
    endloop
  endfacet
  facet normal -0.6593458151000636 0.751839807478982 0
    outer loop
      vertex 3.034894429314825 -49.3487006784951 2
      vertex 3.202081528017131 -49.20208152801713 0
      vertex 3.034894429314825 -49.3487006784951 0
    endloop
  endfacet
  facet normal -0.8968727415326891 0.4422886902189996 0
    outer loop
      vertex 3.4722431864335457 -48.85 2
      vertex 3.5705952052691874 -48.65056183502065 0
      vertex 3.4722431864335457 -48.85 0
    endloop
  endfacet
  facet normal -0.831469612302543 0.5555702330196056 0
    outer loop
      vertex 3.3487006784950997 -49.034894429314825 2
      vertex 3.4722431864335457 -48.85 0
      vertex 3.3487006784950997 -49.034894429314825 0
    endloop
  endfacet
  facet normal -0.44228869021899714 0.8968727415326903 0
    outer loop
      vertex 2.6505618350206523 -49.570595205269186 2
      vertex 2.85 -49.472243186433545 0
      vertex 2.6505618350206523 -49.570595205269186 0
    endloop
  endfacet
  facet normal 0.44228869021901224 -0.8968727415326828 0
    outer loop
      vertex 68.15 -0.5277568135664543 0
      vertex 68.34943816497935 -0.4294047947308126 2
      vertex 68.15 -0.5277568135664543 2
    endloop
  endfacet
  facet normal 0.7518398074789657 -0.6593458151000822 0
    outer loop
      vertex 67.6512993215049 -0.965105570685175 0
      vertex 67.79791847198287 -0.7979184719828691 2
      vertex 67.6512993215049 -0.965105570685175 2
    endloop
  endfacet
  facet normal 0.8314696123025606 -0.5555702330195794 0
    outer loop
      vertex 67.52775681356646 -1.15 0
      vertex 67.6512993215049 -0.965105570685175 2
      vertex 67.52775681356646 -1.15 2
    endloop
  endfacet
  facet normal 0.8968727415326901 -0.4422886902189976 -1.2167605679838822e-18
    outer loop
      vertex 67.52775681356646 -1.15 2
      vertex 67.42940479473081 -1.3494381649793474 2
      vertex 67.42940479473081 -1.3494381649793474 0
    endloop
  endfacet
  facet normal 0.6593458151000497 -0.7518398074789941 0
    outer loop
      vertex 67.79791847198287 -0.7979184719828691 0
      vertex 67.96510557068518 -0.6512993215049003 2
      vertex 67.79791847198287 -0.7979184719828691 2
    endloop
  endfacet
  facet normal 0.5555702330196056 -0.831469612302543 0
    outer loop
      vertex 67.96510557068518 -0.6512993215049003 0
      vertex 68.15 -0.5277568135664543 2
      vertex 67.96510557068518 -0.6512993215049003 2
    endloop
  endfacet
  facet normal 0.9469301294951045 -0.32143946530316475 -1.610791922982225e-18
    outer loop
      vertex 67.42940479473081 -1.3494381649793474 2
      vertex 67.35792609530858 -1.5600076233257147 2
      vertex 67.35792609530858 -1.5600076233257147 0
    endloop
  endfacet
  facet normal 0.9807852804032352 -0.19509032201610457 -6.175095905538758e-19
    outer loop
      vertex 67.35792609530858 -1.5600076233257147 2
      vertex 67.31454373566453 -1.7781054732259123 2
      vertex 67.31454373566453 -1.7781054732259123 0
    endloop
  endfacet
  facet normal 0.9978589232386008 -0.0654031292301852 -4.119270847699801e-19
    outer loop
      vertex 67.31454373566453 -1.7781054732259123 2
      vertex 67.3 -2 2
      vertex 67.3 -2 0
    endloop
  endfacet
  facet normal 0.9978589232386008 0.0654031292301852 4.119270847699801e-19
    outer loop
      vertex 67.3 -2 2
      vertex 67.31454373566453 -2.2218945267740877 2
      vertex 67.31454373566453 -2.2218945267740877 0
    endloop
  endfacet
  facet normal 0.9807852804032352 0.19509032201610457 6.175095905538758e-19
    outer loop
      vertex 67.31454373566453 -2.2218945267740877 2
      vertex 67.35792609530858 -2.4399923766742853 2
      vertex 67.35792609530858 -2.4399923766742853 0
    endloop
  endfacet
  facet normal 0.9469301294951045 0.3214394653031651 -1.7074860432597285e-18
    outer loop
      vertex 67.35792609530858 -2.4399923766742853 2
      vertex 67.42940479473081 -2.6505618350206523 2
      vertex 67.42940479473081 -2.6505618350206523 0
    endloop
  endfacet
  facet normal 0.8968727415326903 0.44228869021899714 -1.0808751654363704e-18
    outer loop
      vertex 67.42940479473081 -2.6505618350206523 2
      vertex 67.52775681356646 -2.85 2
      vertex 67.52775681356646 -2.85 0
    endloop
  endfacet
  facet normal 0.8314696123025606 0.5555702330195794 -5.612780147180894e-19
    outer loop
      vertex 67.52775681356646 -2.85 2
      vertex 67.6512993215049 -3.034894429314825 2
      vertex 67.6512993215049 -3.034894429314825 0
    endloop
  endfacet
  facet normal 0.7518398074789662 0.6593458151000817 8.179984911120047e-19
    outer loop
      vertex 67.6512993215049 -3.034894429314825 2
      vertex 67.79791847198287 -3.202081528017131 2
      vertex 67.79791847198287 -3.202081528017131 0
    endloop
  endfacet
  facet normal 0.6593458151000492 0.7518398074789946 0
    outer loop
      vertex 67.96510557068518 -3.3487006784950997 2
      vertex 67.96510557068518 -3.3487006784950997 0
      vertex 67.79791847198287 -3.202081528017131 2
    endloop
  endfacet
  facet normal 0.5555702330196056 0.831469612302543 0
    outer loop
      vertex 68.15 -3.4722431864335457 2
      vertex 68.15 -3.4722431864335457 0
      vertex 67.96510557068518 -3.3487006784950997 2
    endloop
  endfacet
  facet normal 0.44228869021901224 0.8968727415326828 0
    outer loop
      vertex 68.34943816497935 -3.5705952052691874 2
      vertex 68.34943816497935 -3.5705952052691874 0
      vertex 68.15 -3.4722431864335457 2
    endloop
  endfacet
  facet normal 0.32143946530315815 -0.9469301294951068 0
    outer loop
      vertex 68.34943816497935 -0.4294047947308126 0
      vertex 68.56000762332572 -0.3579260953085839 2
      vertex 68.34943816497935 -0.4294047947308126 2
    endloop
  endfacet
  facet normal 0.06540312923014174 -0.9978589232386036 0
    outer loop
      vertex 68.7781054732259 -0.31454373566452243 0
      vertex 69 -0.30000000000000004 2
      vertex 68.7781054732259 -0.31454373566452243 2
    endloop
  endfacet
  facet normal 0.1950903220161345 -0.9807852804032292 0
    outer loop
      vertex 68.56000762332572 -0.3579260953085839 0
      vertex 68.7781054732259 -0.31454373566452243 2
      vertex 68.56000762332572 -0.3579260953085839 2
    endloop
  endfacet
  facet normal -0.06540312923014174 -0.9978589232386036 0
    outer loop
      vertex 69 -0.30000000000000004 0
      vertex 69.2218945267741 -0.31454373566452243 2
      vertex 69 -0.30000000000000004 2
    endloop
  endfacet
  facet normal -0.1950903220161345 -0.9807852804032292 0
    outer loop
      vertex 69.2218945267741 -0.31454373566452243 0
      vertex 69.43999237667428 -0.3579260953085839 2
      vertex 69.2218945267741 -0.31454373566452243 2
    endloop
  endfacet
  facet normal -0.32143946530315815 -0.9469301294951068 0
    outer loop
      vertex 69.43999237667428 -0.3579260953085839 0
      vertex 69.65056183502065 -0.4294047947308126 2
      vertex 69.43999237667428 -0.3579260953085839 2
    endloop
  endfacet
  facet normal -0.44228869021901224 -0.8968727415326828 0
    outer loop
      vertex 69.65056183502065 -0.4294047947308126 0
      vertex 69.85 -0.5277568135664543 2
      vertex 69.65056183502065 -0.4294047947308126 2
    endloop
  endfacet
  facet normal -0.5555702330196056 -0.831469612302543 0
    outer loop
      vertex 69.85 -0.5277568135664543 0
      vertex 70.03489442931482 -0.6512993215049003 2
      vertex 69.85 -0.5277568135664543 2
    endloop
  endfacet
  facet normal -0.6593458151000497 -0.7518398074789941 0
    outer loop
      vertex 70.03489442931482 -0.6512993215049003 0
      vertex 70.20208152801713 -0.7979184719828691 2
      vertex 70.03489442931482 -0.6512993215049003 2
    endloop
  endfacet
  facet normal -0.7518398074789657 -0.6593458151000822 0
    outer loop
      vertex 70.20208152801713 -0.7979184719828691 2
      vertex 70.20208152801713 -0.7979184719828691 0
      vertex 70.3487006784951 -0.965105570685175 2
    endloop
  endfacet
  facet normal -0.8314696123025606 -0.5555702330195794 -5.612780147180894e-19
    outer loop
      vertex 70.47224318643354 -1.15 2
      vertex 70.3487006784951 -0.965105570685175 2
      vertex 70.3487006784951 -0.965105570685175 0
    endloop
  endfacet
  facet normal -0.8968727415326901 -0.4422886902189976 1.2167605679838822e-18
    outer loop
      vertex 70.57059520526919 -1.3494381649793474 2
      vertex 70.47224318643354 -1.15 2
      vertex 70.47224318643354 -1.15 0
    endloop
  endfacet
  facet normal -0.9469301294951045 -0.32143946530316475 1.610791922982225e-18
    outer loop
      vertex 70.64207390469142 -1.5600076233257147 2
      vertex 70.57059520526919 -1.3494381649793474 2
      vertex 70.57059520526919 -1.3494381649793474 0
    endloop
  endfacet
  facet normal -0.9469301294951045 0.3214394653031651 1.7074860432597285e-18
    outer loop
      vertex 70.57059520526919 -2.6505618350206523 2
      vertex 70.64207390469142 -2.4399923766742853 2
      vertex 70.64207390469142 -2.4399923766742853 0
    endloop
  endfacet
  facet normal -0.8968727415326903 0.44228869021899714 1.0808751654363704e-18
    outer loop
      vertex 70.47224318643354 -2.85 2
      vertex 70.57059520526919 -2.6505618350206523 2
      vertex 70.57059520526919 -2.6505618350206523 0
    endloop
  endfacet
  facet normal -0.8314696123025606 0.5555702330195794 5.612780147180894e-19
    outer loop
      vertex 70.3487006784951 -3.034894429314825 2
      vertex 70.47224318643354 -2.85 2
      vertex 70.47224318643354 -2.85 0
    endloop
  endfacet
  facet normal 0.32143946530315726 0.9469301294951071 0
    outer loop
      vertex 68.56000762332572 -3.642073904691416 2
      vertex 68.56000762332572 -3.642073904691416 0
      vertex 68.34943816497935 -3.5705952052691874 2
    endloop
  endfacet
  facet normal 0.1950903220161345 0.9807852804032292 0
    outer loop
      vertex 68.7781054732259 -3.6854562643354773 2
      vertex 68.7781054732259 -3.6854562643354773 0
      vertex 68.56000762332572 -3.642073904691416 2
    endloop
  endfacet
  facet normal 0.06540312923014373 0.9978589232386035 0
    outer loop
      vertex 69 -3.7 2
      vertex 69 -3.7 0
      vertex 68.7781054732259 -3.6854562643354773 2
    endloop
  endfacet
  facet normal -0.06540312923014373 0.9978589232386035 -2.1075681180515554e-19
    outer loop
      vertex 69 -3.7 2
      vertex 69.2218945267741 -3.6854562643354773 2
      vertex 69.2218945267741 -3.6854562643354773 0
    endloop
  endfacet
  facet normal -0.1950903220161345 0.9807852804032292 0
    outer loop
      vertex 69.43999237667428 -3.642073904691416 2
      vertex 69.43999237667428 -3.642073904691416 0
      vertex 69.2218945267741 -3.6854562643354773 2
    endloop
  endfacet
  facet normal -0.5555702330196056 0.831469612302543 0
    outer loop
      vertex 70.03489442931482 -3.3487006784950997 2
      vertex 70.03489442931482 -3.3487006784950997 0
      vertex 69.85 -3.4722431864335457 2
    endloop
  endfacet
  facet normal -0.32143946530315726 0.9469301294951071 0
    outer loop
      vertex 69.65056183502065 -3.5705952052691874 2
      vertex 69.65056183502065 -3.5705952052691874 0
      vertex 69.43999237667428 -3.642073904691416 2
    endloop
  endfacet
  facet normal -0.44228869021901224 0.8968727415326828 0
    outer loop
      vertex 69.85 -3.4722431864335457 2
      vertex 69.85 -3.4722431864335457 0
      vertex 69.65056183502065 -3.5705952052691874 2
    endloop
  endfacet
  facet normal -0.6593458151000492 0.7518398074789946 -3.851119399294351e-18
    outer loop
      vertex 70.03489442931482 -3.3487006784950997 2
      vertex 70.20208152801713 -3.202081528017131 2
      vertex 70.20208152801713 -3.202081528017131 0
    endloop
  endfacet
  facet normal -0.7518398074789662 0.6593458151000817 -8.179984911120047e-19
    outer loop
      vertex 70.20208152801713 -3.202081528017131 2
      vertex 70.3487006784951 -3.034894429314825 2
      vertex 70.3487006784951 -3.034894429314825 0
    endloop
  endfacet
  facet normal -0.9807852804032352 -0.19509032201610457 6.175095905538758e-19
    outer loop
      vertex 70.68545626433547 -1.7781054732259123 2
      vertex 70.64207390469142 -1.5600076233257147 2
      vertex 70.64207390469142 -1.5600076233257147 0
    endloop
  endfacet
  facet normal -0.9978589232386008 -0.0654031292301852 4.119270847699801e-19
    outer loop
      vertex 70.7 -2 2
      vertex 70.68545626433547 -1.7781054732259123 2
      vertex 70.68545626433547 -1.7781054732259123 0
    endloop
  endfacet
  facet normal -0.9978589232386008 0.0654031292301852 -4.119270847699801e-19
    outer loop
      vertex 70.68545626433547 -2.2218945267740877 2
      vertex 70.7 -2 2
      vertex 70.7 -2 0
    endloop
  endfacet
  facet normal -0.9807852804032352 0.19509032201610457 -6.175095905538758e-19
    outer loop
      vertex 70.64207390469142 -2.4399923766742853 2
      vertex 70.68545626433547 -2.2218945267740877 2
      vertex 70.68545626433547 -2.2218945267740877 0
    endloop
  endfacet
  facet normal 0.44228869021901224 -0.8968727415326828 0
    outer loop
      vertex 68.34943816497935 -0.4294047947308126 0
      vertex 68.34943816497935 -0.4294047947308126 2
      vertex 68.15 -0.5277568135664543 0
    endloop
  endfacet
  facet normal 0.8314696123025606 -0.5555702330195794 5.612780147180894e-19
    outer loop
      vertex 67.52775681356646 -1.15 0
      vertex 67.6512993215049 -0.965105570685175 0
      vertex 67.6512993215049 -0.965105570685175 2
    endloop
  endfacet
  facet normal 0.8968727415326901 -0.4422886902189976 -1.2167605679838822e-18
    outer loop
      vertex 67.42940479473081 -1.3494381649793474 0
      vertex 67.52775681356646 -1.15 0
      vertex 67.52775681356646 -1.15 2
    endloop
  endfacet
  facet normal 0.6593458151000497 -0.7518398074789941 0
    outer loop
      vertex 67.96510557068518 -0.6512993215049003 0
      vertex 67.96510557068518 -0.6512993215049003 2
      vertex 67.79791847198287 -0.7979184719828691 0
    endloop
  endfacet
  facet normal 0.7518398074789657 -0.6593458151000822 -3.8106794908137295e-18
    outer loop
      vertex 67.6512993215049 -0.965105570685175 0
      vertex 67.79791847198287 -0.7979184719828691 0
      vertex 67.79791847198287 -0.7979184719828691 2
    endloop
  endfacet
  facet normal 0.5555702330196056 -0.831469612302543 0
    outer loop
      vertex 68.15 -0.5277568135664543 0
      vertex 68.15 -0.5277568135664543 2
      vertex 67.96510557068518 -0.6512993215049003 0
    endloop
  endfacet
  facet normal 0.9469301294951045 -0.32143946530316475 0
    outer loop
      vertex 67.42940479473081 -1.3494381649793474 2
      vertex 67.35792609530858 -1.5600076233257147 0
      vertex 67.42940479473081 -1.3494381649793474 0
    endloop
  endfacet
  facet normal 0.9807852804032352 -0.19509032201610457 0
    outer loop
      vertex 67.35792609530858 -1.5600076233257147 2
      vertex 67.31454373566453 -1.7781054732259123 0
      vertex 67.35792609530858 -1.5600076233257147 0
    endloop
  endfacet
  facet normal 0.9978589232386008 -0.0654031292301852 0
    outer loop
      vertex 67.31454373566453 -1.7781054732259123 2
      vertex 67.3 -2 0
      vertex 67.31454373566453 -1.7781054732259123 0
    endloop
  endfacet
  facet normal 0.9978589232386008 0.0654031292301852 0
    outer loop
      vertex 67.3 -2 2
      vertex 67.31454373566453 -2.2218945267740877 0
      vertex 67.3 -2 0
    endloop
  endfacet
  facet normal 0.9807852804032352 0.19509032201610457 0
    outer loop
      vertex 67.31454373566453 -2.2218945267740877 2
      vertex 67.35792609530858 -2.4399923766742853 0
      vertex 67.31454373566453 -2.2218945267740877 0
    endloop
  endfacet
  facet normal 0.9469301294951045 0.3214394653031651 0
    outer loop
      vertex 67.35792609530858 -2.4399923766742853 2
      vertex 67.42940479473081 -2.6505618350206523 0
      vertex 67.35792609530858 -2.4399923766742853 0
    endloop
  endfacet
  facet normal 0.8968727415326903 0.44228869021899714 0
    outer loop
      vertex 67.42940479473081 -2.6505618350206523 2
      vertex 67.52775681356646 -2.85 0
      vertex 67.42940479473081 -2.6505618350206523 0
    endloop
  endfacet
  facet normal 0.8314696123025606 0.5555702330195794 0
    outer loop
      vertex 67.52775681356646 -2.85 2
      vertex 67.6512993215049 -3.034894429314825 0
      vertex 67.52775681356646 -2.85 0
    endloop
  endfacet
  facet normal 0.7518398074789662 0.6593458151000817 0
    outer loop
      vertex 67.6512993215049 -3.034894429314825 2
      vertex 67.79791847198287 -3.202081528017131 0
      vertex 67.6512993215049 -3.034894429314825 0
    endloop
  endfacet
  facet normal 0.6593458151000492 0.7518398074789946 0
    outer loop
      vertex 67.79791847198287 -3.202081528017131 2
      vertex 67.96510557068518 -3.3487006784950997 0
      vertex 67.79791847198287 -3.202081528017131 0
    endloop
  endfacet
  facet normal 0.5555702330196056 0.831469612302543 0
    outer loop
      vertex 67.96510557068518 -3.3487006784950997 2
      vertex 68.15 -3.4722431864335457 0
      vertex 67.96510557068518 -3.3487006784950997 0
    endloop
  endfacet
  facet normal 0.44228869021901224 0.8968727415326828 0
    outer loop
      vertex 68.15 -3.4722431864335457 2
      vertex 68.34943816497935 -3.5705952052691874 0
      vertex 68.15 -3.4722431864335457 0
    endloop
  endfacet
  facet normal 0.32143946530315815 -0.9469301294951068 0
    outer loop
      vertex 68.56000762332572 -0.3579260953085839 0
      vertex 68.56000762332572 -0.3579260953085839 2
      vertex 68.34943816497935 -0.4294047947308126 0
    endloop
  endfacet
  facet normal 0.1950903220161345 -0.9807852804032292 0
    outer loop
      vertex 68.7781054732259 -0.31454373566452243 0
      vertex 68.7781054732259 -0.31454373566452243 2
      vertex 68.56000762332572 -0.3579260953085839 0
    endloop
  endfacet
  facet normal 0.06540312923014174 -0.9978589232386036 0
    outer loop
      vertex 69 -0.30000000000000004 0
      vertex 69 -0.30000000000000004 2
      vertex 68.7781054732259 -0.31454373566452243 0
    endloop
  endfacet
  facet normal -0.06540312923014174 -0.9978589232386036 0
    outer loop
      vertex 69.2218945267741 -0.31454373566452243 0
      vertex 69.2218945267741 -0.31454373566452243 2
      vertex 69 -0.30000000000000004 0
    endloop
  endfacet
  facet normal -0.1950903220161345 -0.9807852804032292 0
    outer loop
      vertex 69.43999237667428 -0.3579260953085839 0
      vertex 69.43999237667428 -0.3579260953085839 2
      vertex 69.2218945267741 -0.31454373566452243 0
    endloop
  endfacet
  facet normal -0.32143946530315815 -0.9469301294951068 0
    outer loop
      vertex 69.65056183502065 -0.4294047947308126 0
      vertex 69.65056183502065 -0.4294047947308126 2
      vertex 69.43999237667428 -0.3579260953085839 0
    endloop
  endfacet
  facet normal -0.44228869021901224 -0.8968727415326828 0
    outer loop
      vertex 69.85 -0.5277568135664543 0
      vertex 69.85 -0.5277568135664543 2
      vertex 69.65056183502065 -0.4294047947308126 0
    endloop
  endfacet
  facet normal -0.5555702330196056 -0.831469612302543 0
    outer loop
      vertex 70.03489442931482 -0.6512993215049003 0
      vertex 70.03489442931482 -0.6512993215049003 2
      vertex 69.85 -0.5277568135664543 0
    endloop
  endfacet
  facet normal -0.6593458151000497 -0.7518398074789941 0
    outer loop
      vertex 70.20208152801713 -0.7979184719828691 0
      vertex 70.20208152801713 -0.7979184719828691 2
      vertex 70.03489442931482 -0.6512993215049003 0
    endloop
  endfacet
  facet normal -0.7518398074789657 -0.6593458151000822 3.8106794908137295e-18
    outer loop
      vertex 70.20208152801713 -0.7979184719828691 0
      vertex 70.3487006784951 -0.965105570685175 0
      vertex 70.3487006784951 -0.965105570685175 2
    endloop
  endfacet
  facet normal -0.8314696123025606 -0.5555702330195794 -5.612780147180894e-19
    outer loop
      vertex 70.3487006784951 -0.965105570685175 0
      vertex 70.47224318643354 -1.15 0
      vertex 70.47224318643354 -1.15 2
    endloop
  endfacet
  facet normal -0.8968727415326901 -0.4422886902189976 0
    outer loop
      vertex 70.57059520526919 -1.3494381649793474 2
      vertex 70.47224318643354 -1.15 0
      vertex 70.57059520526919 -1.3494381649793474 0
    endloop
  endfacet
  facet normal -0.9469301294951045 -0.32143946530316475 0
    outer loop
      vertex 70.64207390469142 -1.5600076233257147 2
      vertex 70.57059520526919 -1.3494381649793474 0
      vertex 70.64207390469142 -1.5600076233257147 0
    endloop
  endfacet
  facet normal -0.9469301294951045 0.3214394653031651 0
    outer loop
      vertex 70.57059520526919 -2.6505618350206523 2
      vertex 70.64207390469142 -2.4399923766742853 0
      vertex 70.57059520526919 -2.6505618350206523 0
    endloop
  endfacet
  facet normal -0.8968727415326903 0.44228869021899714 0
    outer loop
      vertex 70.47224318643354 -2.85 2
      vertex 70.57059520526919 -2.6505618350206523 0
      vertex 70.47224318643354 -2.85 0
    endloop
  endfacet
  facet normal -0.8314696123025606 0.5555702330195794 0
    outer loop
      vertex 70.3487006784951 -3.034894429314825 2
      vertex 70.47224318643354 -2.85 0
      vertex 70.3487006784951 -3.034894429314825 0
    endloop
  endfacet
  facet normal 0.32143946530315726 0.9469301294951071 0
    outer loop
      vertex 68.34943816497935 -3.5705952052691874 2
      vertex 68.56000762332572 -3.642073904691416 0
      vertex 68.34943816497935 -3.5705952052691874 0
    endloop
  endfacet
  facet normal 0.1950903220161345 0.9807852804032292 0
    outer loop
      vertex 68.56000762332572 -3.642073904691416 2
      vertex 68.7781054732259 -3.6854562643354773 0
      vertex 68.56000762332572 -3.642073904691416 0
    endloop
  endfacet
  facet normal 0.06540312923014373 0.9978589232386035 0
    outer loop
      vertex 68.7781054732259 -3.6854562643354773 2
      vertex 69 -3.7 0
      vertex 68.7781054732259 -3.6854562643354773 0
    endloop
  endfacet
  facet normal -0.06540312923014373 0.9978589232386035 0
    outer loop
      vertex 69 -3.7 2
      vertex 69.2218945267741 -3.6854562643354773 0
      vertex 69 -3.7 0
    endloop
  endfacet
  facet normal -0.1950903220161345 0.9807852804032292 0
    outer loop
      vertex 69.2218945267741 -3.6854562643354773 2
      vertex 69.43999237667428 -3.642073904691416 0
      vertex 69.2218945267741 -3.6854562643354773 0
    endloop
  endfacet
  facet normal -0.5555702330196056 0.831469612302543 0
    outer loop
      vertex 69.85 -3.4722431864335457 2
      vertex 70.03489442931482 -3.3487006784950997 0
      vertex 69.85 -3.4722431864335457 0
    endloop
  endfacet
  facet normal -0.32143946530315726 0.9469301294951071 0
    outer loop
      vertex 69.43999237667428 -3.642073904691416 2
      vertex 69.65056183502065 -3.5705952052691874 0
      vertex 69.43999237667428 -3.642073904691416 0
    endloop
  endfacet
  facet normal -0.44228869021901224 0.8968727415326828 0
    outer loop
      vertex 69.65056183502065 -3.5705952052691874 2
      vertex 69.85 -3.4722431864335457 0
      vertex 69.65056183502065 -3.5705952052691874 0
    endloop
  endfacet
  facet normal -0.7518398074789662 0.6593458151000817 0
    outer loop
      vertex 70.20208152801713 -3.202081528017131 2
      vertex 70.3487006784951 -3.034894429314825 0
      vertex 70.20208152801713 -3.202081528017131 0
    endloop
  endfacet
  facet normal -0.6593458151000492 0.7518398074789946 0
    outer loop
      vertex 70.03489442931482 -3.3487006784950997 2
      vertex 70.20208152801713 -3.202081528017131 0
      vertex 70.03489442931482 -3.3487006784950997 0
    endloop
  endfacet
  facet normal -0.9807852804032352 -0.19509032201610457 0
    outer loop
      vertex 70.68545626433547 -1.7781054732259123 2
      vertex 70.64207390469142 -1.5600076233257147 0
      vertex 70.68545626433547 -1.7781054732259123 0
    endloop
  endfacet
  facet normal -0.9978589232386008 -0.0654031292301852 0
    outer loop
      vertex 70.7 -2 2
      vertex 70.68545626433547 -1.7781054732259123 0
      vertex 70.7 -2 0
    endloop
  endfacet
  facet normal -0.9978589232386008 0.0654031292301852 0
    outer loop
      vertex 70.68545626433547 -2.2218945267740877 2
      vertex 70.7 -2 0
      vertex 70.68545626433547 -2.2218945267740877 0
    endloop
  endfacet
  facet normal -0.9807852804032352 0.19509032201610457 0
    outer loop
      vertex 70.64207390469142 -2.4399923766742853 2
      vertex 70.68545626433547 -2.2218945267740877 0
      vertex 70.64207390469142 -2.4399923766742853 0
    endloop
  endfacet
  facet normal 0.751839807478968 -0.6593458151000797 3.3516800063911536e-18
    outer loop
      vertex 67.79791847198287 -46.79791847198287 2
      vertex 67.6512993215049 -46.965105570685175 2
      vertex 67.6512993215049 -46.965105570685175 0
    endloop
  endfacet
  facet normal 0.4422886902190091 -0.8968727415326845 2.3612126745635983e-18
    outer loop
      vertex 68.34943816497935 -46.429404794730814 2
      vertex 68.15 -46.527756813566455 2
      vertex 68.15 -46.527756813566455 0
    endloop
  endfacet
  facet normal 0.6593458151000458 -0.7518398074789976 2.3909191296874418e-18
    outer loop
      vertex 67.96510557068518 -46.6512993215049 2
      vertex 67.79791847198287 -46.79791847198287 2
      vertex 67.79791847198287 -46.79791847198287 0
    endloop
  endfacet
  facet normal 0.5555702330196043 -0.8314696123025439 0
    outer loop
      vertex 67.96510557068518 -46.6512993215049 0
      vertex 68.15 -46.527756813566455 2
      vertex 67.96510557068518 -46.6512993215049 2
    endloop
  endfacet
  facet normal 0.8314696123025587 -0.5555702330195822 0
    outer loop
      vertex 67.52775681356646 -47.15 0
      vertex 67.6512993215049 -46.965105570685175 2
      vertex 67.52775681356646 -47.15 2
    endloop
  endfacet
  facet normal 0.8968727415326907 -0.44228869021899636 0
    outer loop
      vertex 67.42940479473081 -47.34943816497935 0
      vertex 67.52775681356646 -47.15 2
      vertex 67.42940479473081 -47.34943816497935 2
    endloop
  endfacet
  facet normal 0.9469301294951059 -0.32143946530316087 0
    outer loop
      vertex 67.35792609530858 -47.56000762332572 0
      vertex 67.42940479473081 -47.34943816497935 2
      vertex 67.35792609530858 -47.56000762332572 2
    endloop
  endfacet
  facet normal 0.980785280403235 -0.19509032201610532 0
    outer loop
      vertex 67.31454373566453 -47.778105473225914 0
      vertex 67.35792609530858 -47.56000762332572 2
      vertex 67.31454373566453 -47.778105473225914 2
    endloop
  endfacet
  facet normal 0.9978589232386007 -0.06540312923018558 0
    outer loop
      vertex 67.3 -48 0
      vertex 67.31454373566453 -47.778105473225914 2
      vertex 67.3 -48 2
    endloop
  endfacet
  facet normal 0.9978589232386007 0.06540312923018558 0
    outer loop
      vertex 67.31454373566453 -48.221894526774086 0
      vertex 67.3 -48 2
      vertex 67.31454373566453 -48.221894526774086 2
    endloop
  endfacet
  facet normal 0.980785280403235 0.19509032201610532 0
    outer loop
      vertex 67.35792609530858 -48.43999237667428 0
      vertex 67.31454373566453 -48.221894526774086 2
      vertex 67.35792609530858 -48.43999237667428 2
    endloop
  endfacet
  facet normal 0.9469301294951059 0.32143946530316087 0
    outer loop
      vertex 67.42940479473081 -48.65056183502065 0
      vertex 67.35792609530858 -48.43999237667428 2
      vertex 67.42940479473081 -48.65056183502065 2
    endloop
  endfacet
  facet normal 0.8968727415326907 0.44228869021899636 0
    outer loop
      vertex 67.52775681356646 -48.85 0
      vertex 67.42940479473081 -48.65056183502065 2
      vertex 67.52775681356646 -48.85 2
    endloop
  endfacet
  facet normal 0.8314696123025587 0.5555702330195822 0
    outer loop
      vertex 67.6512993215049 -49.034894429314825 0
      vertex 67.52775681356646 -48.85 2
      vertex 67.6512993215049 -49.034894429314825 2
    endloop
  endfacet
  facet normal 0.751839807478968 0.6593458151000797 0
    outer loop
      vertex 67.79791847198287 -49.20208152801713 0
      vertex 67.6512993215049 -49.034894429314825 2
      vertex 67.79791847198287 -49.20208152801713 2
    endloop
  endfacet
  facet normal 0.6593458151000458 0.7518398074789976 0
    outer loop
      vertex 67.96510557068518 -49.3487006784951 0
      vertex 67.79791847198287 -49.20208152801713 2
      vertex 67.96510557068518 -49.3487006784951 2
    endloop
  endfacet
  facet normal 0.5555702330196043 0.8314696123025439 0
    outer loop
      vertex 68.15 -49.472243186433545 0
      vertex 67.96510557068518 -49.3487006784951 2
      vertex 68.15 -49.472243186433545 2
    endloop
  endfacet
  facet normal 0.4422886902190091 0.8968727415326845 0
    outer loop
      vertex 68.34943816497935 -49.570595205269186 0
      vertex 68.15 -49.472243186433545 2
      vertex 68.34943816497935 -49.570595205269186 2
    endloop
  endfacet
  facet normal 0.32143946530316087 -0.9469301294951059 0
    outer loop
      vertex 68.34943816497935 -46.429404794730814 0
      vertex 68.56000762332572 -46.357926095308585 2
      vertex 68.34943816497935 -46.429404794730814 2
    endloop
  endfacet
  facet normal 0.1950903220161422 -0.9807852804032278 0
    outer loop
      vertex 68.56000762332572 -46.357926095308585 0
      vertex 68.7781054732259 -46.31454373566452 2
      vertex 68.56000762332572 -46.357926095308585 2
    endloop
  endfacet
  facet normal 0.06540312923015168 -0.9978589232386029 -3.2779037170087693e-19
    outer loop
      vertex 69 -46.3 2
      vertex 68.7781054732259 -46.31454373566452 2
      vertex 68.7781054732259 -46.31454373566452 0
    endloop
  endfacet
  facet normal -0.06540312923015168 -0.9978589232386029 0
    outer loop
      vertex 69 -46.3 0
      vertex 69.2218945267741 -46.31454373566452 2
      vertex 69 -46.3 2
    endloop
  endfacet
  facet normal -0.1950903220161422 -0.9807852804032278 0
    outer loop
      vertex 69.2218945267741 -46.31454373566452 0
      vertex 69.43999237667428 -46.357926095308585 2
      vertex 69.2218945267741 -46.31454373566452 2
    endloop
  endfacet
  facet normal -0.32143946530316087 -0.9469301294951059 0
    outer loop
      vertex 69.43999237667428 -46.357926095308585 0
      vertex 69.65056183502065 -46.429404794730814 2
      vertex 69.43999237667428 -46.357926095308585 2
    endloop
  endfacet
  facet normal -0.4422886902190091 -0.8968727415326845 0
    outer loop
      vertex 69.65056183502065 -46.429404794730814 0
      vertex 69.85 -46.527756813566455 2
      vertex 69.65056183502065 -46.429404794730814 2
    endloop
  endfacet
  facet normal -0.5555702330196043 -0.8314696123025439 0
    outer loop
      vertex 69.85 -46.527756813566455 0
      vertex 70.03489442931482 -46.6512993215049 2
      vertex 69.85 -46.527756813566455 2
    endloop
  endfacet
  facet normal -0.6593458151000458 -0.7518398074789976 0
    outer loop
      vertex 70.03489442931482 -46.6512993215049 0
      vertex 70.20208152801713 -46.79791847198287 2
      vertex 70.03489442931482 -46.6512993215049 2
    endloop
  endfacet
  facet normal -0.751839807478968 -0.6593458151000797 0
    outer loop
      vertex 70.20208152801713 -46.79791847198287 2
      vertex 70.20208152801713 -46.79791847198287 0
      vertex 70.3487006784951 -46.965105570685175 2
    endloop
  endfacet
  facet normal -0.8314696123025587 -0.5555702330195822 0
    outer loop
      vertex 70.3487006784951 -46.965105570685175 0
      vertex 70.47224318643354 -47.15 2
      vertex 70.3487006784951 -46.965105570685175 2
    endloop
  endfacet
  facet normal -0.8968727415326907 -0.44228869021899636 0
    outer loop
      vertex 70.47224318643354 -47.15 0
      vertex 70.57059520526919 -47.34943816497935 2
      vertex 70.47224318643354 -47.15 2
    endloop
  endfacet
  facet normal -0.9469301294951059 -0.32143946530316087 0
    outer loop
      vertex 70.57059520526919 -47.34943816497935 0
      vertex 70.64207390469142 -47.56000762332572 2
      vertex 70.57059520526919 -47.34943816497935 2
    endloop
  endfacet
  facet normal -0.9469301294951059 0.32143946530316087 0
    outer loop
      vertex 70.64207390469142 -48.43999237667428 0
      vertex 70.57059520526919 -48.65056183502065 2
      vertex 70.64207390469142 -48.43999237667428 2
    endloop
  endfacet
  facet normal -0.980785280403235 -0.19509032201610532 0
    outer loop
      vertex 70.64207390469142 -47.56000762332572 0
      vertex 70.68545626433547 -47.778105473225914 2
      vertex 70.64207390469142 -47.56000762332572 2
    endloop
  endfacet
  facet normal -0.9978589232386007 -0.06540312923018558 0
    outer loop
      vertex 70.68545626433547 -47.778105473225914 0
      vertex 70.7 -48 2
      vertex 70.68545626433547 -47.778105473225914 2
    endloop
  endfacet
  facet normal -0.9978589232386007 0.06540312923018558 0
    outer loop
      vertex 70.7 -48 0
      vertex 70.68545626433547 -48.221894526774086 2
      vertex 70.7 -48 2
    endloop
  endfacet
  facet normal -0.980785280403235 0.19509032201610532 0
    outer loop
      vertex 70.68545626433547 -48.221894526774086 0
      vertex 70.64207390469142 -48.43999237667428 2
      vertex 70.68545626433547 -48.221894526774086 2
    endloop
  endfacet
  facet normal 0.32143946530316087 0.9469301294951059 0
    outer loop
      vertex 68.56000762332572 -49.642073904691415 0
      vertex 68.34943816497935 -49.570595205269186 2
      vertex 68.56000762332572 -49.642073904691415 2
    endloop
  endfacet
  facet normal 0.1950903220161422 0.9807852804032278 0
    outer loop
      vertex 68.7781054732259 -49.68545626433548 0
      vertex 68.56000762332572 -49.642073904691415 2
      vertex 68.7781054732259 -49.68545626433548 2
    endloop
  endfacet
  facet normal 0.06540312923015168 0.9978589232386029 0
    outer loop
      vertex 69 -49.7 0
      vertex 68.7781054732259 -49.68545626433548 2
      vertex 69 -49.7 2
    endloop
  endfacet
  facet normal -0.06540312923015168 0.9978589232386029 0
    outer loop
      vertex 69.2218945267741 -49.68545626433548 0
      vertex 69 -49.7 2
      vertex 69.2218945267741 -49.68545626433548 2
    endloop
  endfacet
  facet normal -0.1950903220161422 0.9807852804032278 0
    outer loop
      vertex 69.43999237667428 -49.642073904691415 0
      vertex 69.2218945267741 -49.68545626433548 2
      vertex 69.43999237667428 -49.642073904691415 2
    endloop
  endfacet
  facet normal -0.5555702330196043 0.8314696123025439 0
    outer loop
      vertex 70.03489442931482 -49.3487006784951 0
      vertex 69.85 -49.472243186433545 2
      vertex 70.03489442931482 -49.3487006784951 2
    endloop
  endfacet
  facet normal -0.8968727415326907 0.44228869021899636 0
    outer loop
      vertex 70.57059520526919 -48.65056183502065 0
      vertex 70.47224318643354 -48.85 2
      vertex 70.57059520526919 -48.65056183502065 2
    endloop
  endfacet
  facet normal -0.8314696123025587 0.5555702330195822 0
    outer loop
      vertex 70.47224318643354 -48.85 0
      vertex 70.3487006784951 -49.034894429314825 2
      vertex 70.47224318643354 -48.85 2
    endloop
  endfacet
  facet normal -0.6593458151000458 0.7518398074789976 2.3909191296874418e-18
    outer loop
      vertex 70.03489442931482 -49.3487006784951 2
      vertex 70.20208152801713 -49.20208152801713 2
      vertex 70.20208152801713 -49.20208152801713 0
    endloop
  endfacet
  facet normal -0.751839807478968 0.6593458151000797 0
    outer loop
      vertex 70.3487006784951 -49.034894429314825 0
      vertex 70.20208152801713 -49.20208152801713 2
      vertex 70.3487006784951 -49.034894429314825 2
    endloop
  endfacet
  facet normal -0.32143946530316087 0.9469301294951059 0
    outer loop
      vertex 69.65056183502065 -49.570595205269186 0
      vertex 69.43999237667428 -49.642073904691415 2
      vertex 69.65056183502065 -49.570595205269186 2
    endloop
  endfacet
  facet normal -0.4422886902190091 0.8968727415326845 0
    outer loop
      vertex 69.85 -49.472243186433545 0
      vertex 69.65056183502065 -49.570595205269186 2
      vertex 69.85 -49.472243186433545 2
    endloop
  endfacet
  facet normal 0.4422886902190091 -0.8968727415326845 0
    outer loop
      vertex 68.34943816497935 -46.429404794730814 0
      vertex 68.34943816497935 -46.429404794730814 2
      vertex 68.15 -46.527756813566455 0
    endloop
  endfacet
  facet normal 0.6593458151000458 -0.7518398074789976 0
    outer loop
      vertex 67.96510557068518 -46.6512993215049 0
      vertex 67.96510557068518 -46.6512993215049 2
      vertex 67.79791847198287 -46.79791847198287 0
    endloop
  endfacet
  facet normal 0.751839807478968 -0.6593458151000797 3.3516800063911536e-18
    outer loop
      vertex 67.6512993215049 -46.965105570685175 0
      vertex 67.79791847198287 -46.79791847198287 0
      vertex 67.79791847198287 -46.79791847198287 2
    endloop
  endfacet
  facet normal 0.5555702330196043 -0.8314696123025439 0
    outer loop
      vertex 68.15 -46.527756813566455 0
      vertex 68.15 -46.527756813566455 2
      vertex 67.96510557068518 -46.6512993215049 0
    endloop
  endfacet
  facet normal 0.8314696123025587 -0.5555702330195822 -2.873702120814049e-18
    outer loop
      vertex 67.52775681356646 -47.15 0
      vertex 67.6512993215049 -46.965105570685175 0
      vertex 67.6512993215049 -46.965105570685175 2
    endloop
  endfacet
  facet normal 0.8968727415326907 -0.44228869021899636 -2.124898869026979e-18
    outer loop
      vertex 67.42940479473081 -47.34943816497935 0
      vertex 67.52775681356646 -47.15 0
      vertex 67.52775681356646 -47.15 2
    endloop
  endfacet
  facet normal 0.9469301294951059 -0.32143946530316087 -1.8426552269564382e-18
    outer loop
      vertex 67.35792609530858 -47.56000762332572 0
      vertex 67.42940479473081 -47.34943816497935 0
      vertex 67.42940479473081 -47.34943816497935 2
    endloop
  endfacet
  facet normal 0.980785280403235 -0.19509032201610532 -1.4435160297372219e-18
    outer loop
      vertex 67.31454373566453 -47.778105473225914 0
      vertex 67.35792609530858 -47.56000762332572 0
      vertex 67.35792609530858 -47.56000762332572 2
    endloop
  endfacet
  facet normal 0.9978589232386007 -0.06540312923018558 -9.828211226764674e-20
    outer loop
      vertex 67.3 -48 0
      vertex 67.31454373566453 -47.778105473225914 0
      vertex 67.31454373566453 -47.778105473225914 2
    endloop
  endfacet
  facet normal 0.9978589232386007 0.06540312923018558 9.828211226764674e-20
    outer loop
      vertex 67.31454373566453 -48.221894526774086 0
      vertex 67.3 -48 0
      vertex 67.3 -48 2
    endloop
  endfacet
  facet normal 0.980785280403235 0.19509032201610532 1.4435160297372219e-18
    outer loop
      vertex 67.35792609530858 -48.43999237667428 0
      vertex 67.31454373566453 -48.221894526774086 0
      vertex 67.31454373566453 -48.221894526774086 2
    endloop
  endfacet
  facet normal 0.9469301294951059 0.32143946530316087 1.8426552269564382e-18
    outer loop
      vertex 67.42940479473081 -48.65056183502065 0
      vertex 67.35792609530858 -48.43999237667428 0
      vertex 67.35792609530858 -48.43999237667428 2
    endloop
  endfacet
  facet normal 0.8968727415326907 0.44228869021899636 2.124898869026979e-18
    outer loop
      vertex 67.52775681356646 -48.85 0
      vertex 67.42940479473081 -48.65056183502065 0
      vertex 67.42940479473081 -48.65056183502065 2
    endloop
  endfacet
  facet normal 0.8314696123025587 0.5555702330195822 2.873702120814049e-18
    outer loop
      vertex 67.6512993215049 -49.034894429314825 0
      vertex 67.52775681356646 -48.85 0
      vertex 67.52775681356646 -48.85 2
    endloop
  endfacet
  facet normal 0.751839807478968 0.6593458151000797 -3.3516800063911536e-18
    outer loop
      vertex 67.79791847198287 -49.20208152801713 0
      vertex 67.6512993215049 -49.034894429314825 0
      vertex 67.6512993215049 -49.034894429314825 2
    endloop
  endfacet
  facet normal 0.6593458151000458 0.7518398074789976 0
    outer loop
      vertex 67.79791847198287 -49.20208152801713 0
      vertex 67.79791847198287 -49.20208152801713 2
      vertex 67.96510557068518 -49.3487006784951 0
    endloop
  endfacet
  facet normal 0.5555702330196043 0.8314696123025439 0
    outer loop
      vertex 67.96510557068518 -49.3487006784951 0
      vertex 67.96510557068518 -49.3487006784951 2
      vertex 68.15 -49.472243186433545 0
    endloop
  endfacet
  facet normal 0.4422886902190091 0.8968727415326845 0
    outer loop
      vertex 68.15 -49.472243186433545 0
      vertex 68.15 -49.472243186433545 2
      vertex 68.34943816497935 -49.570595205269186 0
    endloop
  endfacet
  facet normal 0.32143946530316087 -0.9469301294951059 0
    outer loop
      vertex 68.56000762332572 -46.357926095308585 0
      vertex 68.56000762332572 -46.357926095308585 2
      vertex 68.34943816497935 -46.429404794730814 0
    endloop
  endfacet
  facet normal 0.1950903220161422 -0.9807852804032278 0
    outer loop
      vertex 68.7781054732259 -46.31454373566452 0
      vertex 68.7781054732259 -46.31454373566452 2
      vertex 68.56000762332572 -46.357926095308585 0
    endloop
  endfacet
  facet normal 0.06540312923015168 -0.9978589232386029 0
    outer loop
      vertex 69 -46.3 0
      vertex 69 -46.3 2
      vertex 68.7781054732259 -46.31454373566452 0
    endloop
  endfacet
  facet normal -0.06540312923015168 -0.9978589232386029 0
    outer loop
      vertex 69.2218945267741 -46.31454373566452 0
      vertex 69.2218945267741 -46.31454373566452 2
      vertex 69 -46.3 0
    endloop
  endfacet
  facet normal -0.1950903220161422 -0.9807852804032278 0
    outer loop
      vertex 69.43999237667428 -46.357926095308585 0
      vertex 69.43999237667428 -46.357926095308585 2
      vertex 69.2218945267741 -46.31454373566452 0
    endloop
  endfacet
  facet normal -0.32143946530316087 -0.9469301294951059 0
    outer loop
      vertex 69.65056183502065 -46.429404794730814 0
      vertex 69.65056183502065 -46.429404794730814 2
      vertex 69.43999237667428 -46.357926095308585 0
    endloop
  endfacet
  facet normal -0.4422886902190091 -0.8968727415326845 0
    outer loop
      vertex 69.85 -46.527756813566455 0
      vertex 69.85 -46.527756813566455 2
      vertex 69.65056183502065 -46.429404794730814 0
    endloop
  endfacet
  facet normal -0.5555702330196043 -0.8314696123025439 0
    outer loop
      vertex 70.03489442931482 -46.6512993215049 0
      vertex 70.03489442931482 -46.6512993215049 2
      vertex 69.85 -46.527756813566455 0
    endloop
  endfacet
  facet normal -0.6593458151000458 -0.7518398074789976 0
    outer loop
      vertex 70.20208152801713 -46.79791847198287 0
      vertex 70.20208152801713 -46.79791847198287 2
      vertex 70.03489442931482 -46.6512993215049 0
    endloop
  endfacet
  facet normal -0.751839807478968 -0.6593458151000797 -3.3516800063911536e-18
    outer loop
      vertex 70.20208152801713 -46.79791847198287 0
      vertex 70.3487006784951 -46.965105570685175 0
      vertex 70.3487006784951 -46.965105570685175 2
    endloop
  endfacet
  facet normal -0.8314696123025587 -0.5555702330195822 2.873702120814049e-18
    outer loop
      vertex 70.3487006784951 -46.965105570685175 0
      vertex 70.47224318643354 -47.15 0
      vertex 70.47224318643354 -47.15 2
    endloop
  endfacet
  facet normal -0.8968727415326907 -0.44228869021899636 2.124898869026979e-18
    outer loop
      vertex 70.47224318643354 -47.15 0
      vertex 70.57059520526919 -47.34943816497935 0
      vertex 70.57059520526919 -47.34943816497935 2
    endloop
  endfacet
  facet normal -0.9469301294951059 -0.32143946530316087 1.8426552269564382e-18
    outer loop
      vertex 70.57059520526919 -47.34943816497935 0
      vertex 70.64207390469142 -47.56000762332572 0
      vertex 70.64207390469142 -47.56000762332572 2
    endloop
  endfacet
  facet normal -0.9469301294951059 0.32143946530316087 -1.8426552269564382e-18
    outer loop
      vertex 70.64207390469142 -48.43999237667428 0
      vertex 70.57059520526919 -48.65056183502065 0
      vertex 70.57059520526919 -48.65056183502065 2
    endloop
  endfacet
  facet normal -0.980785280403235 -0.19509032201610532 1.4435160297372219e-18
    outer loop
      vertex 70.64207390469142 -47.56000762332572 0
      vertex 70.68545626433547 -47.778105473225914 0
      vertex 70.68545626433547 -47.778105473225914 2
    endloop
  endfacet
  facet normal -0.9978589232386007 -0.06540312923018558 9.828211226764674e-20
    outer loop
      vertex 70.68545626433547 -47.778105473225914 0
      vertex 70.7 -48 0
      vertex 70.7 -48 2
    endloop
  endfacet
  facet normal -0.9978589232386007 0.06540312923018558 -9.828211226764674e-20
    outer loop
      vertex 70.7 -48 0
      vertex 70.68545626433547 -48.221894526774086 0
      vertex 70.68545626433547 -48.221894526774086 2
    endloop
  endfacet
  facet normal -0.980785280403235 0.19509032201610532 -1.4435160297372219e-18
    outer loop
      vertex 70.68545626433547 -48.221894526774086 0
      vertex 70.64207390469142 -48.43999237667428 0
      vertex 70.64207390469142 -48.43999237667428 2
    endloop
  endfacet
  facet normal 0.32143946530316087 0.9469301294951059 0
    outer loop
      vertex 68.34943816497935 -49.570595205269186 0
      vertex 68.34943816497935 -49.570595205269186 2
      vertex 68.56000762332572 -49.642073904691415 0
    endloop
  endfacet
  facet normal 0.1950903220161422 0.9807852804032278 0
    outer loop
      vertex 68.56000762332572 -49.642073904691415 0
      vertex 68.56000762332572 -49.642073904691415 2
      vertex 68.7781054732259 -49.68545626433548 0
    endloop
  endfacet
  facet normal 0.06540312923015168 0.9978589232386029 0
    outer loop
      vertex 68.7781054732259 -49.68545626433548 0
      vertex 68.7781054732259 -49.68545626433548 2
      vertex 69 -49.7 0
    endloop
  endfacet
  facet normal -0.06540312923015168 0.9978589232386029 0
    outer loop
      vertex 69 -49.7 0
      vertex 69 -49.7 2
      vertex 69.2218945267741 -49.68545626433548 0
    endloop
  endfacet
  facet normal -0.1950903220161422 0.9807852804032278 0
    outer loop
      vertex 69.2218945267741 -49.68545626433548 0
      vertex 69.2218945267741 -49.68545626433548 2
      vertex 69.43999237667428 -49.642073904691415 0
    endloop
  endfacet
  facet normal -0.5555702330196043 0.8314696123025439 0
    outer loop
      vertex 69.85 -49.472243186433545 0
      vertex 69.85 -49.472243186433545 2
      vertex 70.03489442931482 -49.3487006784951 0
    endloop
  endfacet
  facet normal -0.8968727415326907 0.44228869021899636 -2.124898869026979e-18
    outer loop
      vertex 70.57059520526919 -48.65056183502065 0
      vertex 70.47224318643354 -48.85 0
      vertex 70.47224318643354 -48.85 2
    endloop
  endfacet
  facet normal -0.8314696123025587 0.5555702330195822 -2.873702120814049e-18
    outer loop
      vertex 70.47224318643354 -48.85 0
      vertex 70.3487006784951 -49.034894429314825 0
      vertex 70.3487006784951 -49.034894429314825 2
    endloop
  endfacet
  facet normal -0.751839807478968 0.6593458151000797 3.3516800063911536e-18
    outer loop
      vertex 70.3487006784951 -49.034894429314825 0
      vertex 70.20208152801713 -49.20208152801713 0
      vertex 70.20208152801713 -49.20208152801713 2
    endloop
  endfacet
  facet normal -0.6593458151000458 0.7518398074789976 0
    outer loop
      vertex 70.03489442931482 -49.3487006784951 0
      vertex 70.03489442931482 -49.3487006784951 2
      vertex 70.20208152801713 -49.20208152801713 0
    endloop
  endfacet
  facet normal -0.32143946530316087 0.9469301294951059 0
    outer loop
      vertex 69.43999237667428 -49.642073904691415 0
      vertex 69.43999237667428 -49.642073904691415 2
      vertex 69.65056183502065 -49.570595205269186 0
    endloop
  endfacet
  facet normal -0.4422886902190091 0.8968727415326845 0
    outer loop
      vertex 69.65056183502065 -49.570595205269186 0
      vertex 69.65056183502065 -49.570595205269186 2
      vertex 69.85 -49.472243186433545 0
    endloop
  endfacet
  facet normal 0.7518398074789827 -0.6593458151000628 0
    outer loop
      vertex 16.365317327767013 -8.512990856793024 2
      vertex 16.365317327767013 -8.512990856793024 0
      vertex 16.434314575050763 -8.434314575050761 2
    endloop
  endfacet
  facet normal 0.4422886902190091 -0.8968727415326844 1.0703007265618592e-18
    outer loop
      vertex 16.69385325410793 -8.26089637399097 2
      vertex 16.6 -8.30717967697245 2
      vertex 16.6 -8.30717967697245 0
    endloop
  endfacet
  facet normal 0.321439465303166 -0.9469301294951042 7.027116185142923e-19
    outer loop
      vertex 16.792944763917983 -8.227259338968745 2
      vertex 16.69385325410793 -8.26089637399097 2
      vertex 16.69385325410793 -8.26089637399097 0
    endloop
  endfacet
  facet normal 0.6593458151000616 -0.7518398074789837 0
    outer loop
      vertex 16.434314575050763 -8.434314575050761 2
      vertex 16.434314575050763 -8.434314575050761 0
      vertex 16.512990856793024 -8.365317327767013 2
    endloop
  endfacet
  facet normal 0.5555702330196042 -0.8314696123025438 0
    outer loop
      vertex 16.512990856793024 -8.365317327767013 2
      vertex 16.512990856793024 -8.365317327767013 0
      vertex 16.6 -8.30717967697245 2
    endloop
  endfacet
  facet normal 0.8968727415326877 -0.4422886902190024 1.9255551258705943e-19
    outer loop
      vertex 16.30717967697245 -8.6 2
      vertex 16.26089637399097 -8.693853254107928 2
      vertex 16.26089637399097 -8.693853254107928 0
    endloop
  endfacet
  facet normal 0.8314696123025387 -0.5555702330196121 -1.6131643109122374e-18
    outer loop
      vertex 16.365317327767013 -8.512990856793024 2
      vertex 16.30717967697245 -8.6 2
      vertex 16.30717967697245 -8.6 0
    endloop
  endfacet
  facet normal 0.9807852804032304 -0.1950903220161282 2.705455567404029e-19
    outer loop
      vertex 16.227259338968747 -8.792944763917983 2
      vertex 16.206844110900953 -8.89557904622396 2
      vertex 16.206844110900953 -8.89557904622396 0
    endloop
  endfacet
  facet normal 0.9469301294951094 -0.3214394653031508 9.53806418354682e-19
    outer loop
      vertex 16.26089637399097 -8.693853254107928 2
      vertex 16.227259338968747 -8.792944763917983 2
      vertex 16.227259338968747 -8.792944763917983 0
    endloop
  endfacet
  facet normal 0.9978589232386024 -0.0654031292301598 -2.2984254030275066e-19
    outer loop
      vertex 16.206844110900953 -8.89557904622396 2
      vertex 16.2 -9 2
      vertex 16.2 -9 0
    endloop
  endfacet
  facet normal 0.8314696123025387 -0.5555702330196121 0
    outer loop
      vertex 16.365317327767013 -8.512990856793024 2
      vertex 16.30717967697245 -8.6 0
      vertex 16.365317327767013 -8.512990856793024 0
    endloop
  endfacet
  facet normal 0.7518398074789827 -0.6593458151000628 0
    outer loop
      vertex 16.434314575050763 -8.434314575050761 2
      vertex 16.365317327767013 -8.512990856793024 0
      vertex 16.434314575050763 -8.434314575050761 0
    endloop
  endfacet
  facet normal 0.5555702330196042 -0.8314696123025438 0
    outer loop
      vertex 16.6 -8.30717967697245 2
      vertex 16.512990856793024 -8.365317327767013 0
      vertex 16.6 -8.30717967697245 0
    endloop
  endfacet
  facet normal 0.4422886902190091 -0.8968727415326844 0
    outer loop
      vertex 16.69385325410793 -8.26089637399097 2
      vertex 16.6 -8.30717967697245 0
      vertex 16.69385325410793 -8.26089637399097 0
    endloop
  endfacet
  facet normal 0.6593458151000616 -0.7518398074789837 0
    outer loop
      vertex 16.512990856793024 -8.365317327767013 2
      vertex 16.434314575050763 -8.434314575050761 0
      vertex 16.512990856793024 -8.365317327767013 0
    endloop
  endfacet
  facet normal 0.8968727415326877 -0.4422886902190024 0
    outer loop
      vertex 16.30717967697245 -8.6 2
      vertex 16.26089637399097 -8.693853254107928 0
      vertex 16.30717967697245 -8.6 0
    endloop
  endfacet
  facet normal 0.9469301294951094 -0.3214394653031508 0
    outer loop
      vertex 16.26089637399097 -8.693853254107928 2
      vertex 16.227259338968747 -8.792944763917983 0
      vertex 16.26089637399097 -8.693853254107928 0
    endloop
  endfacet
  facet normal 0.9807852804032304 -0.1950903220161282 0
    outer loop
      vertex 16.227259338968747 -8.792944763917983 2
      vertex 16.206844110900953 -8.89557904622396 0
      vertex 16.227259338968747 -8.792944763917983 0
    endloop
  endfacet
  facet normal 0.9978589232386024 -0.0654031292301598 0
    outer loop
      vertex 16.206844110900953 -8.89557904622396 2
      vertex 16.2 -9 0
      vertex 16.206844110900953 -8.89557904622396 0
    endloop
  endfacet
  facet normal 1 0 0
    outer loop
      vertex 16.2 -9 2
      vertex 16.2 -21 2
      vertex 16.2 -21 0
    endloop
  endfacet
  facet normal 0.9978589232386026 0.06540312923015869 0
    outer loop
      vertex 16.206844110900953 -21.104420953776042 2
      vertex 16.206844110900953 -21.104420953776042 0
      vertex 16.2 -21 2
    endloop
  endfacet
  facet normal 0.9807852804032299 0.19509032201613147 1.0157933137757186e-18
    outer loop
      vertex 16.206844110900953 -21.104420953776042 2
      vertex 16.227259338968747 -21.207055236082017 2
      vertex 16.227259338968747 -21.207055236082017 0
    endloop
  endfacet
  facet normal 0.9469301294951094 0.3214394653031508 -9.53806418354682e-19
    outer loop
      vertex 16.227259338968747 -21.207055236082017 2
      vertex 16.26089637399097 -21.30614674589207 2
      vertex 16.26089637399097 -21.30614674589207 0
    endloop
  endfacet
  facet normal 0.8968727415326844 0.4422886902190091 0
    outer loop
      vertex 16.30717967697245 -21.4 2
      vertex 16.30717967697245 -21.4 0
      vertex 16.26089637399097 -21.30614674589207 2
    endloop
  endfacet
  facet normal 0.8314696123025438 0.5555702330196042 1.3400180006788334e-18
    outer loop
      vertex 16.30717967697245 -21.4 2
      vertex 16.365317327767013 -21.487009143206976 2
      vertex 16.365317327767013 -21.487009143206976 0
    endloop
  endfacet
  facet normal 0.7518398074789753 0.6593458151000712 -9.761125486520717e-19
    outer loop
      vertex 16.365317327767013 -21.487009143206976 2
      vertex 16.434314575050763 -21.565685424949237 2
      vertex 16.434314575050763 -21.565685424949237 0
    endloop
  endfacet
  facet normal 0.6593458151000712 0.7518398074789753 -9.761125486520717e-19
    outer loop
      vertex 16.434314575050763 -21.565685424949237 2
      vertex 16.512990856793024 -21.634682672232987 2
      vertex 16.512990856793024 -21.634682672232987 0
    endloop
  endfacet
  facet normal 0.5555702330196042 0.8314696123025438 1.3400180006788334e-18
    outer loop
      vertex 16.512990856793024 -21.634682672232987 2
      vertex 16.6 -21.69282032302755 2
      vertex 16.6 -21.69282032302755 0
    endloop
  endfacet
  facet normal 0.4422886902190091 0.8968727415326844 -1.0703007265618592e-18
    outer loop
      vertex 16.6 -21.69282032302755 2
      vertex 16.69385325410793 -21.73910362600903 2
      vertex 16.69385325410793 -21.73910362600903 0
    endloop
  endfacet
  facet normal 1 0 0
    outer loop
      vertex 16.2 -21 0
      vertex 16.2 -9 0
      vertex 16.2 -9 2
    endloop
  endfacet
  facet normal 0.9978589232386026 0.06540312923015869 0
    outer loop
      vertex 16.2 -21 2
      vertex 16.206844110900953 -21.104420953776042 0
      vertex 16.2 -21 0
    endloop
  endfacet
  facet normal 0.9807852804032299 0.19509032201613147 0
    outer loop
      vertex 16.206844110900953 -21.104420953776042 2
      vertex 16.227259338968747 -21.207055236082017 0
      vertex 16.206844110900953 -21.104420953776042 0
    endloop
  endfacet
  facet normal 0.9469301294951094 0.3214394653031508 0
    outer loop
      vertex 16.227259338968747 -21.207055236082017 2
      vertex 16.26089637399097 -21.30614674589207 0
      vertex 16.227259338968747 -21.207055236082017 0
    endloop
  endfacet
  facet normal 0.8968727415326844 0.4422886902190091 0
    outer loop
      vertex 16.26089637399097 -21.30614674589207 2
      vertex 16.30717967697245 -21.4 0
      vertex 16.26089637399097 -21.30614674589207 0
    endloop
  endfacet
  facet normal 0.8314696123025438 0.5555702330196042 0
    outer loop
      vertex 16.30717967697245 -21.4 2
      vertex 16.365317327767013 -21.487009143206976 0
      vertex 16.30717967697245 -21.4 0
    endloop
  endfacet
  facet normal 0.7518398074789753 0.6593458151000712 0
    outer loop
      vertex 16.365317327767013 -21.487009143206976 2
      vertex 16.434314575050763 -21.565685424949237 0
      vertex 16.365317327767013 -21.487009143206976 0
    endloop
  endfacet
  facet normal 0.6593458151000712 0.7518398074789753 0
    outer loop
      vertex 16.434314575050763 -21.565685424949237 2
      vertex 16.512990856793024 -21.634682672232987 0
      vertex 16.434314575050763 -21.565685424949237 0
    endloop
  endfacet
  facet normal 0.5555702330196042 0.8314696123025438 0
    outer loop
      vertex 16.512990856793024 -21.634682672232987 2
      vertex 16.6 -21.69282032302755 0
      vertex 16.512990856793024 -21.634682672232987 0
    endloop
  endfacet
  facet normal 0.4422886902190091 0.8968727415326844 0
    outer loop
      vertex 16.6 -21.69282032302755 2
      vertex 16.69385325410793 -21.73910362600903 0
      vertex 16.6 -21.69282032302755 0
    endloop
  endfacet
  facet normal 0.3214394653031812 0.9469301294950989 0
    outer loop
      vertex 16.69385325410793 -21.73910362600903 2
      vertex 16.792944763917983 -21.772740661031257 0
      vertex 16.69385325410793 -21.73910362600903 0
    endloop
  endfacet
  facet normal 0.19509032201613147 -0.9807852804032299 0
    outer loop
      vertex 16.792944763917983 -8.227259338968745 2
      vertex 16.792944763917983 -8.227259338968745 0
      vertex 16.895579046223958 -8.206844110900951 2
    endloop
  endfacet
  facet normal 0.06540312923014178 -0.9978589232386036 -7.390976724364993e-20
    outer loop
      vertex 17 -8.2 2
      vertex 16.895579046223958 -8.206844110900951 2
      vertex 16.895579046223958 -8.206844110900951 0
    endloop
  endfacet
  facet normal -0.06540312923014178 -0.9978589232386036 0
    outer loop
      vertex 17 -8.2 2
      vertex 17 -8.2 0
      vertex 17.104420953776042 -8.206844110900951 2
    endloop
  endfacet
  facet normal -0.19509032201613147 -0.9807852804032299 0
    outer loop
      vertex 17.104420953776042 -8.206844110900951 2
      vertex 17.104420953776042 -8.206844110900951 0
      vertex 17.207055236082017 -8.227259338968745 2
    endloop
  endfacet
  facet normal -0.321439465303166 -0.9469301294951042 0
    outer loop
      vertex 17.207055236082017 -8.227259338968745 2
      vertex 17.207055236082017 -8.227259338968745 0
      vertex 17.30614674589207 -8.26089637399097 2
    endloop
  endfacet
  facet normal -0.4422886902190091 -0.8968727415326844 0
    outer loop
      vertex 17.30614674589207 -8.26089637399097 2
      vertex 17.30614674589207 -8.26089637399097 0
      vertex 17.4 -8.30717967697245 2
    endloop
  endfacet
  facet normal -0.5555702330196042 -0.8314696123025438 0
    outer loop
      vertex 17.4 -8.30717967697245 2
      vertex 17.4 -8.30717967697245 0
      vertex 17.487009143206976 -8.365317327767013 2
    endloop
  endfacet
  facet normal -0.6593458151000616 -0.7518398074789837 0
    outer loop
      vertex 17.487009143206976 -8.365317327767013 2
      vertex 17.487009143206976 -8.365317327767013 0
      vertex 17.565685424949237 -8.434314575050761 2
    endloop
  endfacet
  facet normal -0.7518398074789827 -0.6593458151000628 0
    outer loop
      vertex 17.565685424949237 -8.434314575050761 2
      vertex 17.565685424949237 -8.434314575050761 0
      vertex 17.634682672232987 -8.512990856793024 2
    endloop
  endfacet
  facet normal -0.8314696123025387 -0.5555702330196121 1.6131643109122374e-18
    outer loop
      vertex 17.69282032302755 -8.6 2
      vertex 17.634682672232987 -8.512990856793024 2
      vertex 17.634682672232987 -8.512990856793024 0
    endloop
  endfacet
  facet normal -0.8968727415326877 -0.4422886902190024 0
    outer loop
      vertex 17.69282032302755 -8.6 2
      vertex 17.69282032302755 -8.6 0
      vertex 17.73910362600903 -8.693853254107928 2
    endloop
  endfacet
  facet normal -0.9469301294951094 -0.3214394653031508 0
    outer loop
      vertex 17.73910362600903 -8.693853254107928 2
      vertex 17.73910362600903 -8.693853254107928 0
      vertex 17.772740661031253 -8.792944763917983 2
    endloop
  endfacet
  facet normal -0.9807852804032304 -0.1950903220161282 0
    outer loop
      vertex 17.772740661031253 -8.792944763917983 2
      vertex 17.772740661031253 -8.792944763917983 0
      vertex 17.793155889099047 -8.89557904622396 2
    endloop
  endfacet
  facet normal -0.9978589232386024 -0.0654031292301598 0
    outer loop
      vertex 17.793155889099047 -8.89557904622396 2
      vertex 17.793155889099047 -8.89557904622396 0
      vertex 17.8 -9 2
    endloop
  endfacet
  facet normal 0.19509032201613147 -0.9807852804032299 0
    outer loop
      vertex 16.895579046223958 -8.206844110900951 2
      vertex 16.792944763917983 -8.227259338968745 0
      vertex 16.895579046223958 -8.206844110900951 0
    endloop
  endfacet
  facet normal 0.321439465303166 -0.9469301294951042 0
    outer loop
      vertex 16.792944763917983 -8.227259338968745 2
      vertex 16.69385325410793 -8.26089637399097 0
      vertex 16.792944763917983 -8.227259338968745 0
    endloop
  endfacet
  facet normal 0.06540312923014178 -0.9978589232386036 0
    outer loop
      vertex 17 -8.2 2
      vertex 16.895579046223958 -8.206844110900951 0
      vertex 17 -8.2 0
    endloop
  endfacet
  facet normal -0.06540312923014178 -0.9978589232386036 0
    outer loop
      vertex 17.104420953776042 -8.206844110900951 2
      vertex 17 -8.2 0
      vertex 17.104420953776042 -8.206844110900951 0
    endloop
  endfacet
  facet normal -0.19509032201613147 -0.9807852804032299 0
    outer loop
      vertex 17.207055236082017 -8.227259338968745 2
      vertex 17.104420953776042 -8.206844110900951 0
      vertex 17.207055236082017 -8.227259338968745 0
    endloop
  endfacet
  facet normal -0.321439465303166 -0.9469301294951042 0
    outer loop
      vertex 17.30614674589207 -8.26089637399097 2
      vertex 17.207055236082017 -8.227259338968745 0
      vertex 17.30614674589207 -8.26089637399097 0
    endloop
  endfacet
  facet normal -0.4422886902190091 -0.8968727415326844 0
    outer loop
      vertex 17.4 -8.30717967697245 2
      vertex 17.30614674589207 -8.26089637399097 0
      vertex 17.4 -8.30717967697245 0
    endloop
  endfacet
  facet normal -0.5555702330196042 -0.8314696123025438 0
    outer loop
      vertex 17.487009143206976 -8.365317327767013 2
      vertex 17.4 -8.30717967697245 0
      vertex 17.487009143206976 -8.365317327767013 0
    endloop
  endfacet
  facet normal -0.6593458151000616 -0.7518398074789837 0
    outer loop
      vertex 17.565685424949237 -8.434314575050761 2
      vertex 17.487009143206976 -8.365317327767013 0
      vertex 17.565685424949237 -8.434314575050761 0
    endloop
  endfacet
  facet normal -0.7518398074789827 -0.6593458151000628 0
    outer loop
      vertex 17.634682672232987 -8.512990856793024 2
      vertex 17.565685424949237 -8.434314575050761 0
      vertex 17.634682672232987 -8.512990856793024 0
    endloop
  endfacet
  facet normal -0.8314696123025387 -0.5555702330196121 0
    outer loop
      vertex 17.69282032302755 -8.6 2
      vertex 17.634682672232987 -8.512990856793024 0
      vertex 17.69282032302755 -8.6 0
    endloop
  endfacet
  facet normal -0.8968727415326877 -0.4422886902190024 0
    outer loop
      vertex 17.73910362600903 -8.693853254107928 2
      vertex 17.69282032302755 -8.6 0
      vertex 17.73910362600903 -8.693853254107928 0
    endloop
  endfacet
  facet normal -0.9469301294951094 -0.3214394653031508 0
    outer loop
      vertex 17.772740661031253 -8.792944763917983 2
      vertex 17.73910362600903 -8.693853254107928 0
      vertex 17.772740661031253 -8.792944763917983 0
    endloop
  endfacet
  facet normal -0.9807852804032304 -0.1950903220161282 0
    outer loop
      vertex 17.793155889099047 -8.89557904622396 2
      vertex 17.772740661031253 -8.792944763917983 0
      vertex 17.793155889099047 -8.89557904622396 0
    endloop
  endfacet
  facet normal -0.9978589232386024 -0.0654031292301598 0
    outer loop
      vertex 17.8 -9 2
      vertex 17.793155889099047 -8.89557904622396 0
      vertex 17.8 -9 0
    endloop
  endfacet
  facet normal -1 0 0
    outer loop
      vertex 17.8 -9 2
      vertex 17.8 -9 0
      vertex 17.8 -21 2
    endloop
  endfacet
  facet normal -0.9978589232386026 0.06540312923015869 0
    outer loop
      vertex 17.8 -21 2
      vertex 17.8 -21 0
      vertex 17.793155889099047 -21.104420953776042 2
    endloop
  endfacet
  facet normal -0.9807852804032299 0.19509032201613147 0
    outer loop
      vertex 17.793155889099047 -21.104420953776042 2
      vertex 17.793155889099047 -21.104420953776042 0
      vertex 17.772740661031253 -21.207055236082017 2
    endloop
  endfacet
  facet normal -0.7518398074789753 0.6593458151000712 0
    outer loop
      vertex 17.634682672232987 -21.487009143206976 2
      vertex 17.634682672232987 -21.487009143206976 0
      vertex 17.565685424949237 -21.565685424949237 2
    endloop
  endfacet
  facet normal -0.6593458151000712 0.7518398074789753 0
    outer loop
      vertex 17.565685424949237 -21.565685424949237 2
      vertex 17.565685424949237 -21.565685424949237 0
      vertex 17.487009143206976 -21.634682672232987 2
    endloop
  endfacet
  facet normal -0.9469301294951094 0.3214394653031508 9.53806418354682e-19
    outer loop
      vertex 17.73910362600903 -21.30614674589207 2
      vertex 17.772740661031253 -21.207055236082017 2
      vertex 17.772740661031253 -21.207055236082017 0
    endloop
  endfacet
  facet normal -0.8968727415326844 0.4422886902190091 0
    outer loop
      vertex 17.73910362600903 -21.30614674589207 2
      vertex 17.73910362600903 -21.30614674589207 0
      vertex 17.69282032302755 -21.4 2
    endloop
  endfacet
  facet normal -0.8314696123025438 0.5555702330196042 -1.3400180006788334e-18
    outer loop
      vertex 17.634682672232987 -21.487009143206976 2
      vertex 17.69282032302755 -21.4 2
      vertex 17.69282032302755 -21.4 0
    endloop
  endfacet
  facet normal 0.3214394653031812 0.9469301294950989 0
    outer loop
      vertex 16.792944763917983 -21.772740661031257 2
      vertex 16.792944763917983 -21.772740661031257 0
      vertex 16.69385325410793 -21.73910362600903 2
    endloop
  endfacet
  facet normal 0.1950903220160988 0.9807852804032363 5.600039514224277e-19
    outer loop
      vertex 16.792944763917983 -21.772740661031257 2
      vertex 16.895579046223958 -21.793155889099047 2
      vertex 16.895579046223958 -21.793155889099047 0
    endloop
  endfacet
  facet normal 0.06540312923015869 0.9978589232386026 1.6047049316409531e-19
    outer loop
      vertex 16.895579046223958 -21.793155889099047 2
      vertex 17 -21.8 2
      vertex 17 -21.8 0
    endloop
  endfacet
  facet normal -0.06540312923015869 0.9978589232386026 -1.6047049316409531e-19
    outer loop
      vertex 17 -21.8 2
      vertex 17.104420953776042 -21.793155889099047 2
      vertex 17.104420953776042 -21.793155889099047 0
    endloop
  endfacet
  facet normal -0.1950903220160988 0.9807852804032363 -5.600039514224277e-19
    outer loop
      vertex 17.104420953776042 -21.793155889099047 2
      vertex 17.207055236082017 -21.772740661031257 2
      vertex 17.207055236082017 -21.772740661031257 0
    endloop
  endfacet
  facet normal -0.3214394653031812 0.9469301294950989 4.516168186739051e-19
    outer loop
      vertex 17.207055236082017 -21.772740661031257 2
      vertex 17.30614674589207 -21.73910362600903 2
      vertex 17.30614674589207 -21.73910362600903 0
    endloop
  endfacet
  facet normal -0.4422886902190091 0.8968727415326844 1.0703007265618592e-18
    outer loop
      vertex 17.30614674589207 -21.73910362600903 2
      vertex 17.4 -21.69282032302755 2
      vertex 17.4 -21.69282032302755 0
    endloop
  endfacet
  facet normal -0.5555702330196042 0.8314696123025438 -1.3400180006788334e-18
    outer loop
      vertex 17.4 -21.69282032302755 2
      vertex 17.487009143206976 -21.634682672232987 2
      vertex 17.487009143206976 -21.634682672232987 0
    endloop
  endfacet
  facet normal -1 0 0
    outer loop
      vertex 17.8 -9 0
      vertex 17.8 -21 0
      vertex 17.8 -21 2
    endloop
  endfacet
  facet normal -0.9978589232386026 0.06540312923015869 0
    outer loop
      vertex 17.793155889099047 -21.104420953776042 2
      vertex 17.8 -21 0
      vertex 17.793155889099047 -21.104420953776042 0
    endloop
  endfacet
  facet normal -0.9807852804032299 0.19509032201613147 0
    outer loop
      vertex 17.772740661031253 -21.207055236082017 2
      vertex 17.793155889099047 -21.104420953776042 0
      vertex 17.772740661031253 -21.207055236082017 0
    endloop
  endfacet
  facet normal -0.6593458151000712 0.7518398074789753 0
    outer loop
      vertex 17.487009143206976 -21.634682672232987 2
      vertex 17.565685424949237 -21.565685424949237 0
      vertex 17.487009143206976 -21.634682672232987 0
    endloop
  endfacet
  facet normal -0.7518398074789753 0.6593458151000712 0
    outer loop
      vertex 17.565685424949237 -21.565685424949237 2
      vertex 17.634682672232987 -21.487009143206976 0
      vertex 17.565685424949237 -21.565685424949237 0
    endloop
  endfacet
  facet normal -0.9469301294951094 0.3214394653031508 0
    outer loop
      vertex 17.73910362600903 -21.30614674589207 2
      vertex 17.772740661031253 -21.207055236082017 0
      vertex 17.73910362600903 -21.30614674589207 0
    endloop
  endfacet
  facet normal -0.8968727415326844 0.4422886902190091 0
    outer loop
      vertex 17.69282032302755 -21.4 2
      vertex 17.73910362600903 -21.30614674589207 0
      vertex 17.69282032302755 -21.4 0
    endloop
  endfacet
  facet normal -0.8314696123025438 0.5555702330196042 0
    outer loop
      vertex 17.634682672232987 -21.487009143206976 2
      vertex 17.69282032302755 -21.4 0
      vertex 17.634682672232987 -21.487009143206976 0
    endloop
  endfacet
  facet normal 0.1950903220160988 0.9807852804032363 0
    outer loop
      vertex 16.792944763917983 -21.772740661031257 2
      vertex 16.895579046223958 -21.793155889099047 0
      vertex 16.792944763917983 -21.772740661031257 0
    endloop
  endfacet
  facet normal 0.06540312923015869 0.9978589232386026 0
    outer loop
      vertex 16.895579046223958 -21.793155889099047 2
      vertex 17 -21.8 0
      vertex 16.895579046223958 -21.793155889099047 0
    endloop
  endfacet
  facet normal -0.06540312923015869 0.9978589232386026 0
    outer loop
      vertex 17 -21.8 2
      vertex 17.104420953776042 -21.793155889099047 0
      vertex 17 -21.8 0
    endloop
  endfacet
  facet normal -0.1950903220160988 0.9807852804032363 0
    outer loop
      vertex 17.104420953776042 -21.793155889099047 2
      vertex 17.207055236082017 -21.772740661031257 0
      vertex 17.104420953776042 -21.793155889099047 0
    endloop
  endfacet
  facet normal -0.3214394653031812 0.9469301294950989 0
    outer loop
      vertex 17.207055236082017 -21.772740661031257 2
      vertex 17.30614674589207 -21.73910362600903 0
      vertex 17.207055236082017 -21.772740661031257 0
    endloop
  endfacet
  facet normal -0.4422886902190091 0.8968727415326844 0
    outer loop
      vertex 17.30614674589207 -21.73910362600903 2
      vertex 17.4 -21.69282032302755 0
      vertex 17.30614674589207 -21.73910362600903 0
    endloop
  endfacet
  facet normal -0.5555702330196042 0.8314696123025438 0
    outer loop
      vertex 17.4 -21.69282032302755 2
      vertex 17.487009143206976 -21.634682672232987 0
      vertex 17.4 -21.69282032302755 0
    endloop
  endfacet
  facet normal 0.4422886902190024 -0.8968727415326877 1.9255551258705943e-19
    outer loop
      vertex 12.693853254107928 -8.26089637399097 2
      vertex 12.6 -8.30717967697245 2
      vertex 12.6 -8.30717967697245 0
    endloop
  endfacet
  facet normal 0.6593458151000533 -0.7518398074789912 1.7110530171400068e-18
    outer loop
      vertex 12.512990856793024 -8.365317327767013 2
      vertex 12.434314575050761 -8.434314575050761 2
      vertex 12.434314575050761 -8.434314575050761 0
    endloop
  endfacet
  facet normal 0.7518398074789912 -0.6593458151000533 1.7110530171400068e-18
    outer loop
      vertex 12.434314575050761 -8.434314575050761 2
      vertex 12.365317327767013 -8.512990856793024 2
      vertex 12.365317327767013 -8.512990856793024 0
    endloop
  endfacet
  facet normal 0.5555702330196121 -0.8314696123025387 0
    outer loop
      vertex 12.512990856793024 -8.365317327767013 2
      vertex 12.512990856793024 -8.365317327767013 0
      vertex 12.6 -8.30717967697245 2
    endloop
  endfacet
  facet normal 0.8314696123025387 -0.5555702330196121 -1.6131643109122374e-18
    outer loop
      vertex 12.365317327767013 -8.512990856793024 2
      vertex 12.30717967697245 -8.6 2
      vertex 12.30717967697245 -8.6 0
    endloop
  endfacet
  facet normal 0.8968727415326877 -0.4422886902190024 1.9255551258705943e-19
    outer loop
      vertex 12.30717967697245 -8.6 2
      vertex 12.26089637399097 -8.693853254107928 2
      vertex 12.26089637399097 -8.693853254107928 0
    endloop
  endfacet
  facet normal 0.9978589232386035 -0.0654031292301429 -1.4328181436722698e-19
    outer loop
      vertex 12.206844110900951 -8.89557904622396 2
      vertex 12.2 -9 2
      vertex 12.2 -9 0
    endloop
  endfacet
  facet normal 0.9469301294951042 -0.321439465303166 7.027116185142923e-19
    outer loop
      vertex 12.26089637399097 -8.693853254107928 2
      vertex 12.227259338968745 -8.792944763917983 2
      vertex 12.227259338968745 -8.792944763917983 0
    endloop
  endfacet
  facet normal 0.9807852804032304 -0.1950903220161282 2.705455567404029e-19
    outer loop
      vertex 12.227259338968745 -8.792944763917983 2
      vertex 12.206844110900951 -8.89557904622396 2
      vertex 12.206844110900951 -8.89557904622396 0
    endloop
  endfacet
  facet normal 0.321439465303166 -0.9469301294951042 0
    outer loop
      vertex 12.693853254107928 -8.26089637399097 2
      vertex 12.693853254107928 -8.26089637399097 0
      vertex 12.792944763917983 -8.227259338968745 2
    endloop
  endfacet
  facet normal 0.1950903220161282 -0.9807852804032304 0
    outer loop
      vertex 12.792944763917983 -8.227259338968745 2
      vertex 12.792944763917983 -8.227259338968745 0
      vertex 12.89557904622396 -8.206844110900951 2
    endloop
  endfacet
  facet normal 0.0654031292301429 -0.9978589232386035 -1.4328181436722698e-19
    outer loop
      vertex 13 -8.2 2
      vertex 12.89557904622396 -8.206844110900951 2
      vertex 12.89557904622396 -8.206844110900951 0
    endloop
  endfacet
  facet normal -0.0654031292301429 -0.9978589232386035 0
    outer loop
      vertex 13 -8.2 2
      vertex 13 -8.2 0
      vertex 13.10442095377604 -8.206844110900951 2
    endloop
  endfacet
  facet normal -0.1950903220161282 -0.9807852804032304 0
    outer loop
      vertex 13.10442095377604 -8.206844110900951 2
      vertex 13.10442095377604 -8.206844110900951 0
      vertex 13.207055236082017 -8.227259338968745 2
    endloop
  endfacet
  facet normal -0.321439465303166 -0.9469301294951042 0
    outer loop
      vertex 13.207055236082017 -8.227259338968745 2
      vertex 13.207055236082017 -8.227259338968745 0
      vertex 13.306146745892072 -8.26089637399097 2
    endloop
  endfacet
  facet normal -0.4422886902190024 -0.8968727415326877 0
    outer loop
      vertex 13.306146745892072 -8.26089637399097 2
      vertex 13.306146745892072 -8.26089637399097 0
      vertex 13.4 -8.30717967697245 2
    endloop
  endfacet
  facet normal -0.5555702330196121 -0.8314696123025387 0
    outer loop
      vertex 13.4 -8.30717967697245 2
      vertex 13.4 -8.30717967697245 0
      vertex 13.487009143206976 -8.365317327767013 2
    endloop
  endfacet
  facet normal -0.6593458151000533 -0.7518398074789912 0
    outer loop
      vertex 13.487009143206976 -8.365317327767013 2
      vertex 13.487009143206976 -8.365317327767013 0
      vertex 13.565685424949239 -8.434314575050761 2
    endloop
  endfacet
  facet normal -0.7518398074789912 -0.6593458151000533 0
    outer loop
      vertex 13.565685424949239 -8.434314575050761 2
      vertex 13.565685424949239 -8.434314575050761 0
      vertex 13.634682672232987 -8.512990856793024 2
    endloop
  endfacet
  facet normal -0.8314696123025387 -0.5555702330196121 1.6131643109122374e-18
    outer loop
      vertex 13.69282032302755 -8.6 2
      vertex 13.634682672232987 -8.512990856793024 2
      vertex 13.634682672232987 -8.512990856793024 0
    endloop
  endfacet
  facet normal -0.8968727415326877 -0.4422886902190024 0
    outer loop
      vertex 13.69282032302755 -8.6 2
      vertex 13.69282032302755 -8.6 0
      vertex 13.73910362600903 -8.693853254107928 2
    endloop
  endfacet
  facet normal -0.9469301294951042 -0.321439465303166 0
    outer loop
      vertex 13.73910362600903 -8.693853254107928 2
      vertex 13.73910362600903 -8.693853254107928 0
      vertex 13.772740661031255 -8.792944763917983 2
    endloop
  endfacet
  facet normal -0.9807852804032304 -0.1950903220161282 0
    outer loop
      vertex 13.772740661031255 -8.792944763917983 2
      vertex 13.772740661031255 -8.792944763917983 0
      vertex 13.793155889099049 -8.89557904622396 2
    endloop
  endfacet
  facet normal -0.9978589232386035 -0.0654031292301429 0
    outer loop
      vertex 13.793155889099049 -8.89557904622396 2
      vertex 13.793155889099049 -8.89557904622396 0
      vertex 13.8 -9 2
    endloop
  endfacet
  facet normal 0.8314696123025387 -0.5555702330196121 0
    outer loop
      vertex 12.365317327767013 -8.512990856793024 2
      vertex 12.30717967697245 -8.6 0
      vertex 12.365317327767013 -8.512990856793024 0
    endloop
  endfacet
  facet normal 0.5555702330196121 -0.8314696123025387 0
    outer loop
      vertex 12.6 -8.30717967697245 2
      vertex 12.512990856793024 -8.365317327767013 0
      vertex 12.6 -8.30717967697245 0
    endloop
  endfacet
  facet normal 0.6593458151000533 -0.7518398074789912 0
    outer loop
      vertex 12.512990856793024 -8.365317327767013 2
      vertex 12.434314575050761 -8.434314575050761 0
      vertex 12.512990856793024 -8.365317327767013 0
    endloop
  endfacet
  facet normal 0.7518398074789912 -0.6593458151000533 0
    outer loop
      vertex 12.434314575050761 -8.434314575050761 2
      vertex 12.365317327767013 -8.512990856793024 0
      vertex 12.434314575050761 -8.434314575050761 0
    endloop
  endfacet
  facet normal 0.8968727415326877 -0.4422886902190024 0
    outer loop
      vertex 12.30717967697245 -8.6 2
      vertex 12.26089637399097 -8.693853254107928 0
      vertex 12.30717967697245 -8.6 0
    endloop
  endfacet
  facet normal 0.9469301294951042 -0.321439465303166 0
    outer loop
      vertex 12.26089637399097 -8.693853254107928 2
      vertex 12.227259338968745 -8.792944763917983 0
      vertex 12.26089637399097 -8.693853254107928 0
    endloop
  endfacet
  facet normal 0.9978589232386035 -0.0654031292301429 0
    outer loop
      vertex 12.206844110900951 -8.89557904622396 2
      vertex 12.2 -9 0
      vertex 12.206844110900951 -8.89557904622396 0
    endloop
  endfacet
  facet normal 0.9807852804032304 -0.1950903220161282 0
    outer loop
      vertex 12.227259338968745 -8.792944763917983 2
      vertex 12.206844110900951 -8.89557904622396 0
      vertex 12.227259338968745 -8.792944763917983 0
    endloop
  endfacet
  facet normal 0.4422886902190024 -0.8968727415326877 0
    outer loop
      vertex 12.693853254107928 -8.26089637399097 2
      vertex 12.6 -8.30717967697245 0
      vertex 12.693853254107928 -8.26089637399097 0
    endloop
  endfacet
  facet normal 0.321439465303166 -0.9469301294951042 0
    outer loop
      vertex 12.792944763917983 -8.227259338968745 2
      vertex 12.693853254107928 -8.26089637399097 0
      vertex 12.792944763917983 -8.227259338968745 0
    endloop
  endfacet
  facet normal 0.1950903220161282 -0.9807852804032304 0
    outer loop
      vertex 12.89557904622396 -8.206844110900951 2
      vertex 12.792944763917983 -8.227259338968745 0
      vertex 12.89557904622396 -8.206844110900951 0
    endloop
  endfacet
  facet normal 0.0654031292301429 -0.9978589232386035 0
    outer loop
      vertex 13 -8.2 2
      vertex 12.89557904622396 -8.206844110900951 0
      vertex 13 -8.2 0
    endloop
  endfacet
  facet normal -0.0654031292301429 -0.9978589232386035 0
    outer loop
      vertex 13.10442095377604 -8.206844110900951 2
      vertex 13 -8.2 0
      vertex 13.10442095377604 -8.206844110900951 0
    endloop
  endfacet
  facet normal -0.1950903220161282 -0.9807852804032304 0
    outer loop
      vertex 13.207055236082017 -8.227259338968745 2
      vertex 13.10442095377604 -8.206844110900951 0
      vertex 13.207055236082017 -8.227259338968745 0
    endloop
  endfacet
  facet normal -0.321439465303166 -0.9469301294951042 0
    outer loop
      vertex 13.306146745892072 -8.26089637399097 2
      vertex 13.207055236082017 -8.227259338968745 0
      vertex 13.306146745892072 -8.26089637399097 0
    endloop
  endfacet
  facet normal -0.4422886902190024 -0.8968727415326877 0
    outer loop
      vertex 13.4 -8.30717967697245 2
      vertex 13.306146745892072 -8.26089637399097 0
      vertex 13.4 -8.30717967697245 0
    endloop
  endfacet
  facet normal -0.5555702330196121 -0.8314696123025387 0
    outer loop
      vertex 13.487009143206976 -8.365317327767013 2
      vertex 13.4 -8.30717967697245 0
      vertex 13.487009143206976 -8.365317327767013 0
    endloop
  endfacet
  facet normal -0.6593458151000533 -0.7518398074789912 0
    outer loop
      vertex 13.565685424949239 -8.434314575050761 2
      vertex 13.487009143206976 -8.365317327767013 0
      vertex 13.565685424949239 -8.434314575050761 0
    endloop
  endfacet
  facet normal -0.7518398074789912 -0.6593458151000533 0
    outer loop
      vertex 13.634682672232987 -8.512990856793024 2
      vertex 13.565685424949239 -8.434314575050761 0
      vertex 13.634682672232987 -8.512990856793024 0
    endloop
  endfacet
  facet normal -0.8314696123025387 -0.5555702330196121 0
    outer loop
      vertex 13.69282032302755 -8.6 2
      vertex 13.634682672232987 -8.512990856793024 0
      vertex 13.69282032302755 -8.6 0
    endloop
  endfacet
  facet normal -0.8968727415326877 -0.4422886902190024 0
    outer loop
      vertex 13.73910362600903 -8.693853254107928 2
      vertex 13.69282032302755 -8.6 0
      vertex 13.73910362600903 -8.693853254107928 0
    endloop
  endfacet
  facet normal -0.9469301294951042 -0.321439465303166 0
    outer loop
      vertex 13.772740661031255 -8.792944763917983 2
      vertex 13.73910362600903 -8.693853254107928 0
      vertex 13.772740661031255 -8.792944763917983 0
    endloop
  endfacet
  facet normal -0.9807852804032304 -0.1950903220161282 0
    outer loop
      vertex 13.793155889099049 -8.89557904622396 2
      vertex 13.772740661031255 -8.792944763917983 0
      vertex 13.793155889099049 -8.89557904622396 0
    endloop
  endfacet
  facet normal -0.9978589232386035 -0.0654031292301429 0
    outer loop
      vertex 13.8 -9 2
      vertex 13.793155889099049 -8.89557904622396 0
      vertex 13.8 -9 0
    endloop
  endfacet
  facet normal -1 0 0
    outer loop
      vertex 13.8 -9 2
      vertex 13.8 -9 0
      vertex 13.8 -21 2
    endloop
  endfacet
  facet normal 1 0 0
    outer loop
      vertex 12.2 -9 2
      vertex 12.2 -21 2
      vertex 12.2 -21 0
    endloop
  endfacet
  facet normal 0.9978589232386036 0.06540312923014178 0
    outer loop
      vertex 12.206844110900951 -21.104420953776042 2
      vertex 12.206844110900951 -21.104420953776042 0
      vertex 12.2 -21 2
    endloop
  endfacet
  facet normal 0.9807852804032299 0.19509032201613147 1.0157933137757186e-18
    outer loop
      vertex 12.206844110900951 -21.104420953776042 2
      vertex 12.227259338968745 -21.207055236082017 2
      vertex 12.227259338968745 -21.207055236082017 0
    endloop
  endfacet
  facet normal 0.9469301294951042 0.321439465303166 -7.027116185142923e-19
    outer loop
      vertex 12.227259338968745 -21.207055236082017 2
      vertex 12.26089637399097 -21.30614674589207 2
      vertex 12.26089637399097 -21.30614674589207 0
    endloop
  endfacet
  facet normal 0.8968727415326844 0.4422886902190091 0
    outer loop
      vertex 12.30717967697245 -21.4 2
      vertex 12.30717967697245 -21.4 0
      vertex 12.26089637399097 -21.30614674589207 2
    endloop
  endfacet
  facet normal 0.8314696123025438 0.5555702330196042 1.3400180006788334e-18
    outer loop
      vertex 12.30717967697245 -21.4 2
      vertex 12.365317327767013 -21.487009143206976 2
      vertex 12.365317327767013 -21.487009143206976 0
    endloop
  endfacet
  facet normal 0.7518398074789837 0.6593458151000616 -4.413935077247389e-19
    outer loop
      vertex 12.365317327767013 -21.487009143206976 2
      vertex 12.434314575050761 -21.565685424949237 2
      vertex 12.434314575050761 -21.565685424949237 0
    endloop
  endfacet
  facet normal 0.6593458151000628 0.7518398074789827 1.8985333644852245e-18
    outer loop
      vertex 12.434314575050761 -21.565685424949237 2
      vertex 12.512990856793024 -21.634682672232987 2
      vertex 12.512990856793024 -21.634682672232987 0
    endloop
  endfacet
  facet normal -0.9978589232386036 0.06540312923014178 0
    outer loop
      vertex 13.8 -21 2
      vertex 13.8 -21 0
      vertex 13.793155889099049 -21.104420953776042 2
    endloop
  endfacet
  facet normal -0.9807852804032299 0.19509032201613147 0
    outer loop
      vertex 13.793155889099049 -21.104420953776042 2
      vertex 13.793155889099049 -21.104420953776042 0
      vertex 13.772740661031255 -21.207055236082017 2
    endloop
  endfacet
  facet normal -0.9469301294951042 0.321439465303166 7.027116185142923e-19
    outer loop
      vertex 13.73910362600903 -21.30614674589207 2
      vertex 13.772740661031255 -21.207055236082017 2
      vertex 13.772740661031255 -21.207055236082017 0
    endloop
  endfacet
  facet normal -0.8968727415326844 0.4422886902190091 0
    outer loop
      vertex 13.73910362600903 -21.30614674589207 2
      vertex 13.73910362600903 -21.30614674589207 0
      vertex 13.69282032302755 -21.4 2
    endloop
  endfacet
  facet normal -0.8314696123025438 0.5555702330196042 -1.3400180006788334e-18
    outer loop
      vertex 13.634682672232987 -21.487009143206976 2
      vertex 13.69282032302755 -21.4 2
      vertex 13.69282032302755 -21.4 0
    endloop
  endfacet
  facet normal -0.7518398074789837 0.6593458151000616 0
    outer loop
      vertex 13.634682672232987 -21.487009143206976 2
      vertex 13.634682672232987 -21.487009143206976 0
      vertex 13.565685424949239 -21.565685424949237 2
    endloop
  endfacet
  facet normal -0.6593458151000628 0.7518398074789827 0
    outer loop
      vertex 13.565685424949239 -21.565685424949237 2
      vertex 13.565685424949239 -21.565685424949237 0
      vertex 13.487009143206976 -21.634682672232987 2
    endloop
  endfacet
  facet normal 0.5555702330196121 0.8314696123025387 1.6131643109122374e-18
    outer loop
      vertex 12.512990856793024 -21.634682672232987 2
      vertex 12.6 -21.69282032302755 2
      vertex 12.6 -21.69282032302755 0
    endloop
  endfacet
  facet normal 0.4422886902190024 0.8968727415326877 -1.9255551258705943e-19
    outer loop
      vertex 12.6 -21.69282032302755 2
      vertex 12.693853254107928 -21.73910362600903 2
      vertex 12.693853254107928 -21.73910362600903 0
    endloop
  endfacet
  facet normal 0.3214394653031812 0.9469301294950989 0
    outer loop
      vertex 12.792944763917983 -21.772740661031257 2
      vertex 12.792944763917983 -21.772740661031257 0
      vertex 12.693853254107928 -21.73910362600903 2
    endloop
  endfacet
  facet normal 0.19509032201609555 0.9807852804032369 -7.26334919063541e-19
    outer loop
      vertex 12.792944763917983 -21.772740661031257 2
      vertex 12.89557904622396 -21.793155889099047 2
      vertex 12.89557904622396 -21.793155889099047 0
    endloop
  endfacet
  facet normal 0.0654031292301598 0.9978589232386024 2.2984254030275066e-19
    outer loop
      vertex 12.89557904622396 -21.793155889099047 2
      vertex 13 -21.8 2
      vertex 13 -21.8 0
    endloop
  endfacet
  facet normal -0.0654031292301598 0.9978589232386024 -2.2984254030275066e-19
    outer loop
      vertex 13 -21.8 2
      vertex 13.10442095377604 -21.793155889099047 2
      vertex 13.10442095377604 -21.793155889099047 0
    endloop
  endfacet
  facet normal -0.19509032201609555 0.9807852804032369 7.26334919063541e-19
    outer loop
      vertex 13.10442095377604 -21.793155889099047 2
      vertex 13.207055236082017 -21.772740661031257 2
      vertex 13.207055236082017 -21.772740661031257 0
    endloop
  endfacet
  facet normal -0.4422886902190024 0.8968727415326877 0
    outer loop
      vertex 13.4 -21.69282032302755 2
      vertex 13.4 -21.69282032302755 0
      vertex 13.306146745892072 -21.73910362600903 2
    endloop
  endfacet
  facet normal -0.3214394653031812 0.9469301294950989 4.516168186739051e-19
    outer loop
      vertex 13.207055236082017 -21.772740661031257 2
      vertex 13.306146745892072 -21.73910362600903 2
      vertex 13.306146745892072 -21.73910362600903 0
    endloop
  endfacet
  facet normal -0.5555702330196121 0.8314696123025387 -1.6131643109122374e-18
    outer loop
      vertex 13.4 -21.69282032302755 2
      vertex 13.487009143206976 -21.634682672232987 2
      vertex 13.487009143206976 -21.634682672232987 0
    endloop
  endfacet
  facet normal 1 0 0
    outer loop
      vertex 12.2 -9 2
      vertex 12.2 -21 0
      vertex 12.2 -9 0
    endloop
  endfacet
  facet normal -1 0 0
    outer loop
      vertex 13.8 -9 0
      vertex 13.8 -21 0
      vertex 13.8 -21 2
    endloop
  endfacet
  facet normal 0.9978589232386036 0.06540312923014178 0
    outer loop
      vertex 12.2 -21 2
      vertex 12.206844110900951 -21.104420953776042 0
      vertex 12.2 -21 0
    endloop
  endfacet
  facet normal 0.9807852804032299 0.19509032201613147 0
    outer loop
      vertex 12.206844110900951 -21.104420953776042 2
      vertex 12.227259338968745 -21.207055236082017 0
      vertex 12.206844110900951 -21.104420953776042 0
    endloop
  endfacet
  facet normal 0.9469301294951042 0.321439465303166 0
    outer loop
      vertex 12.227259338968745 -21.207055236082017 2
      vertex 12.26089637399097 -21.30614674589207 0
      vertex 12.227259338968745 -21.207055236082017 0
    endloop
  endfacet
  facet normal 0.8968727415326844 0.4422886902190091 0
    outer loop
      vertex 12.26089637399097 -21.30614674589207 2
      vertex 12.30717967697245 -21.4 0
      vertex 12.26089637399097 -21.30614674589207 0
    endloop
  endfacet
  facet normal 0.8314696123025438 0.5555702330196042 0
    outer loop
      vertex 12.30717967697245 -21.4 2
      vertex 12.365317327767013 -21.487009143206976 0
      vertex 12.30717967697245 -21.4 0
    endloop
  endfacet
  facet normal 0.7518398074789837 0.6593458151000616 0
    outer loop
      vertex 12.365317327767013 -21.487009143206976 2
      vertex 12.434314575050761 -21.565685424949237 0
      vertex 12.365317327767013 -21.487009143206976 0
    endloop
  endfacet
  facet normal 0.6593458151000628 0.7518398074789827 0
    outer loop
      vertex 12.434314575050761 -21.565685424949237 2
      vertex 12.512990856793024 -21.634682672232987 0
      vertex 12.434314575050761 -21.565685424949237 0
    endloop
  endfacet
  facet normal -0.9978589232386036 0.06540312923014178 0
    outer loop
      vertex 13.793155889099049 -21.104420953776042 2
      vertex 13.8 -21 0
      vertex 13.793155889099049 -21.104420953776042 0
    endloop
  endfacet
  facet normal -0.9807852804032299 0.19509032201613147 0
    outer loop
      vertex 13.772740661031255 -21.207055236082017 2
      vertex 13.793155889099049 -21.104420953776042 0
      vertex 13.772740661031255 -21.207055236082017 0
    endloop
  endfacet
  facet normal -0.6593458151000628 0.7518398074789827 0
    outer loop
      vertex 13.487009143206976 -21.634682672232987 2
      vertex 13.565685424949239 -21.565685424949237 0
      vertex 13.487009143206976 -21.634682672232987 0
    endloop
  endfacet
  facet normal -0.9469301294951042 0.321439465303166 0
    outer loop
      vertex 13.73910362600903 -21.30614674589207 2
      vertex 13.772740661031255 -21.207055236082017 0
      vertex 13.73910362600903 -21.30614674589207 0
    endloop
  endfacet
  facet normal -0.8968727415326844 0.4422886902190091 0
    outer loop
      vertex 13.69282032302755 -21.4 2
      vertex 13.73910362600903 -21.30614674589207 0
      vertex 13.69282032302755 -21.4 0
    endloop
  endfacet
  facet normal -0.8314696123025438 0.5555702330196042 0
    outer loop
      vertex 13.634682672232987 -21.487009143206976 2
      vertex 13.69282032302755 -21.4 0
      vertex 13.634682672232987 -21.487009143206976 0
    endloop
  endfacet
  facet normal -0.7518398074789837 0.6593458151000616 0
    outer loop
      vertex 13.565685424949239 -21.565685424949237 2
      vertex 13.634682672232987 -21.487009143206976 0
      vertex 13.565685424949239 -21.565685424949237 0
    endloop
  endfacet
  facet normal 0.5555702330196121 0.8314696123025387 0
    outer loop
      vertex 12.512990856793024 -21.634682672232987 2
      vertex 12.6 -21.69282032302755 0
      vertex 12.512990856793024 -21.634682672232987 0
    endloop
  endfacet
  facet normal 0.4422886902190024 0.8968727415326877 0
    outer loop
      vertex 12.6 -21.69282032302755 2
      vertex 12.693853254107928 -21.73910362600903 0
      vertex 12.6 -21.69282032302755 0
    endloop
  endfacet
  facet normal 0.3214394653031812 0.9469301294950989 0
    outer loop
      vertex 12.693853254107928 -21.73910362600903 2
      vertex 12.792944763917983 -21.772740661031257 0
      vertex 12.693853254107928 -21.73910362600903 0
    endloop
  endfacet
  facet normal 0.19509032201609555 0.9807852804032369 0
    outer loop
      vertex 12.792944763917983 -21.772740661031257 2
      vertex 12.89557904622396 -21.793155889099047 0
      vertex 12.792944763917983 -21.772740661031257 0
    endloop
  endfacet
  facet normal 0.0654031292301598 0.9978589232386024 0
    outer loop
      vertex 12.89557904622396 -21.793155889099047 2
      vertex 13 -21.8 0
      vertex 12.89557904622396 -21.793155889099047 0
    endloop
  endfacet
  facet normal -0.0654031292301598 0.9978589232386024 0
    outer loop
      vertex 13 -21.8 2
      vertex 13.10442095377604 -21.793155889099047 0
      vertex 13 -21.8 0
    endloop
  endfacet
  facet normal -0.19509032201609555 0.9807852804032369 0
    outer loop
      vertex 13.10442095377604 -21.793155889099047 2
      vertex 13.207055236082017 -21.772740661031257 0
      vertex 13.10442095377604 -21.793155889099047 0
    endloop
  endfacet
  facet normal -0.4422886902190024 0.8968727415326877 0
    outer loop
      vertex 13.306146745892072 -21.73910362600903 2
      vertex 13.4 -21.69282032302755 0
      vertex 13.306146745892072 -21.73910362600903 0
    endloop
  endfacet
  facet normal -0.3214394653031812 0.9469301294950989 0
    outer loop
      vertex 13.207055236082017 -21.772740661031257 2
      vertex 13.306146745892072 -21.73910362600903 0
      vertex 13.207055236082017 -21.772740661031257 0
    endloop
  endfacet
  facet normal -0.5555702330196121 0.8314696123025387 0
    outer loop
      vertex 13.4 -21.69282032302755 2
      vertex 13.487009143206976 -21.634682672232987 0
      vertex 13.4 -21.69282032302755 0
    endloop
  endfacet
  facet normal 0.7518398074789827 -0.6593458151000628 -1.8985333644852245e-18
    outer loop
      vertex 4.434314575050762 -8.434314575050761 2
      vertex 4.365317327767012 -8.512990856793024 2
      vertex 4.365317327767012 -8.512990856793024 0
    endloop
  endfacet
  facet normal 0.8968727415326877 -0.4422886902190024 1.9255551258705943e-19
    outer loop
      vertex 4.307179676972449 -8.6 2
      vertex 4.26089637399097 -8.693853254107928 2
      vertex 4.26089637399097 -8.693853254107928 0
    endloop
  endfacet
  facet normal 0.8314696123025426 -0.5555702330196063 -2.016664844159457e-18
    outer loop
      vertex 4.365317327767012 -8.512990856793024 2
      vertex 4.307179676972449 -8.6 2
      vertex 4.307179676972449 -8.6 0
    endloop
  endfacet
  facet normal 0.9807852804032304 -0.1950903220161282 2.705455567404029e-19
    outer loop
      vertex 4.227259338968746 -8.792944763917983 2
      vertex 4.206844110900952 -8.89557904622396 2
      vertex 4.206844110900952 -8.89557904622396 0
    endloop
  endfacet
  facet normal 0.9469301294951068 -0.32143946530315837 8.282590184344868e-19
    outer loop
      vertex 4.26089637399097 -8.693853254107928 2
      vertex 4.227259338968746 -8.792944763917983 2
      vertex 4.227259338968746 -8.792944763917983 0
    endloop
  endfacet
  facet normal 0.9978589232386035 -0.0654031292301429 -1.4328181436722698e-19
    outer loop
      vertex 4.206844110900952 -8.89557904622396 2
      vertex 4.2 -9 2
      vertex 4.2 -9 0
    endloop
  endfacet
  facet normal 0.4422886902190024 -0.8968727415326877 1.9255551258705943e-19
    outer loop
      vertex 4.693853254107928 -8.26089637399097 2
      vertex 4.6 -8.30717967697245 2
      vertex 4.6 -8.30717967697245 0
    endloop
  endfacet
  facet normal 0.321439465303166 -0.9469301294951042 0
    outer loop
      vertex 4.693853254107928 -8.26089637399097 2
      vertex 4.693853254107928 -8.26089637399097 0
      vertex 4.792944763917983 -8.227259338968745 2
    endloop
  endfacet
  facet normal 0.6593458151000616 -0.7518398074789837 0
    outer loop
      vertex 4.434314575050762 -8.434314575050761 2
      vertex 4.434314575050762 -8.434314575050761 0
      vertex 4.5129908567930235 -8.365317327767013 2
    endloop
  endfacet
  facet normal 0.5555702330196082 -0.8314696123025412 0
    outer loop
      vertex 4.5129908567930235 -8.365317327767013 2
      vertex 4.5129908567930235 -8.365317327767013 0
      vertex 4.6 -8.30717967697245 2
    endloop
  endfacet
  facet normal 0.19509032201612986 -0.9807852804032302 0
    outer loop
      vertex 4.792944763917983 -8.227259338968745 2
      vertex 4.792944763917983 -8.227259338968745 0
      vertex 4.895579046223959 -8.206844110900951 2
    endloop
  endfacet
  facet normal 0.06540312923014234 -0.9978589232386036 -1.0859579080543816e-19
    outer loop
      vertex 5 -8.2 2
      vertex 4.895579046223959 -8.206844110900951 2
      vertex 4.895579046223959 -8.206844110900951 0
    endloop
  endfacet
  facet normal -0.06540312923014234 -0.9978589232386036 0
    outer loop
      vertex 5 -8.2 2
      vertex 5 -8.2 0
      vertex 5.104420953776041 -8.206844110900951 2
    endloop
  endfacet
  facet normal -0.19509032201612986 -0.9807852804032302 0
    outer loop
      vertex 5.104420953776041 -8.206844110900951 2
      vertex 5.104420953776041 -8.206844110900951 0
      vertex 5.207055236082017 -8.227259338968745 2
    endloop
  endfacet
  facet normal -0.321439465303166 -0.9469301294951042 0
    outer loop
      vertex 5.207055236082017 -8.227259338968745 2
      vertex 5.207055236082017 -8.227259338968745 0
      vertex 5.306146745892072 -8.26089637399097 2
    endloop
  endfacet
  facet normal -0.4422886902190024 -0.8968727415326877 0
    outer loop
      vertex 5.306146745892072 -8.26089637399097 2
      vertex 5.306146745892072 -8.26089637399097 0
      vertex 5.4 -8.30717967697245 2
    endloop
  endfacet
  facet normal -0.5555702330196082 -0.8314696123025412 0
    outer loop
      vertex 5.4 -8.30717967697245 2
      vertex 5.4 -8.30717967697245 0
      vertex 5.4870091432069765 -8.365317327767013 2
    endloop
  endfacet
  facet normal -0.6593458151000616 -0.7518398074789837 0
    outer loop
      vertex 5.4870091432069765 -8.365317327767013 2
      vertex 5.4870091432069765 -8.365317327767013 0
      vertex 5.565685424949238 -8.434314575050761 2
    endloop
  endfacet
  facet normal -0.7518398074789827 -0.6593458151000628 0
    outer loop
      vertex 5.565685424949238 -8.434314575050761 2
      vertex 5.565685424949238 -8.434314575050761 0
      vertex 5.634682672232988 -8.512990856793024 2
    endloop
  endfacet
  facet normal -0.8314696123025426 -0.5555702330196063 2.016664844159457e-18
    outer loop
      vertex 5.692820323027551 -8.6 2
      vertex 5.634682672232988 -8.512990856793024 2
      vertex 5.634682672232988 -8.512990856793024 0
    endloop
  endfacet
  facet normal -0.8968727415326877 -0.4422886902190024 0
    outer loop
      vertex 5.692820323027551 -8.6 2
      vertex 5.692820323027551 -8.6 0
      vertex 5.73910362600903 -8.693853254107928 2
    endloop
  endfacet
  facet normal -0.9469301294951068 -0.32143946530315837 0
    outer loop
      vertex 5.73910362600903 -8.693853254107928 2
      vertex 5.73910362600903 -8.693853254107928 0
      vertex 5.772740661031254 -8.792944763917983 2
    endloop
  endfacet
  facet normal -0.9807852804032304 -0.1950903220161282 0
    outer loop
      vertex 5.772740661031254 -8.792944763917983 2
      vertex 5.772740661031254 -8.792944763917983 0
      vertex 5.793155889099048 -8.89557904622396 2
    endloop
  endfacet
  facet normal -0.9978589232386035 -0.0654031292301429 0
    outer loop
      vertex 5.793155889099048 -8.89557904622396 2
      vertex 5.793155889099048 -8.89557904622396 0
      vertex 5.8 -9 2
    endloop
  endfacet
  facet normal 0.8314696123025426 -0.5555702330196063 0
    outer loop
      vertex 4.365317327767012 -8.512990856793024 2
      vertex 4.307179676972449 -8.6 0
      vertex 4.365317327767012 -8.512990856793024 0
    endloop
  endfacet
  facet normal 0.7518398074789827 -0.6593458151000628 0
    outer loop
      vertex 4.434314575050762 -8.434314575050761 2
      vertex 4.365317327767012 -8.512990856793024 0
      vertex 4.434314575050762 -8.434314575050761 0
    endloop
  endfacet
  facet normal 0.8968727415326877 -0.4422886902190024 0
    outer loop
      vertex 4.307179676972449 -8.6 2
      vertex 4.26089637399097 -8.693853254107928 0
      vertex 4.307179676972449 -8.6 0
    endloop
  endfacet
  facet normal 0.9469301294951068 -0.32143946530315837 0
    outer loop
      vertex 4.26089637399097 -8.693853254107928 2
      vertex 4.227259338968746 -8.792944763917983 0
      vertex 4.26089637399097 -8.693853254107928 0
    endloop
  endfacet
  facet normal 0.9807852804032304 -0.1950903220161282 0
    outer loop
      vertex 4.227259338968746 -8.792944763917983 2
      vertex 4.206844110900952 -8.89557904622396 0
      vertex 4.227259338968746 -8.792944763917983 0
    endloop
  endfacet
  facet normal 0.9978589232386035 -0.0654031292301429 0
    outer loop
      vertex 4.206844110900952 -8.89557904622396 2
      vertex 4.2 -9 0
      vertex 4.206844110900952 -8.89557904622396 0
    endloop
  endfacet
  facet normal 0.5555702330196082 -0.8314696123025412 0
    outer loop
      vertex 4.6 -8.30717967697245 2
      vertex 4.5129908567930235 -8.365317327767013 0
      vertex 4.6 -8.30717967697245 0
    endloop
  endfacet
  facet normal 0.4422886902190024 -0.8968727415326877 0
    outer loop
      vertex 4.693853254107928 -8.26089637399097 2
      vertex 4.6 -8.30717967697245 0
      vertex 4.693853254107928 -8.26089637399097 0
    endloop
  endfacet
  facet normal 0.6593458151000616 -0.7518398074789837 0
    outer loop
      vertex 4.5129908567930235 -8.365317327767013 2
      vertex 4.434314575050762 -8.434314575050761 0
      vertex 4.5129908567930235 -8.365317327767013 0
    endloop
  endfacet
  facet normal 0.19509032201612986 -0.9807852804032302 0
    outer loop
      vertex 4.895579046223959 -8.206844110900951 2
      vertex 4.792944763917983 -8.227259338968745 0
      vertex 4.895579046223959 -8.206844110900951 0
    endloop
  endfacet
  facet normal 0.321439465303166 -0.9469301294951042 0
    outer loop
      vertex 4.792944763917983 -8.227259338968745 2
      vertex 4.693853254107928 -8.26089637399097 0
      vertex 4.792944763917983 -8.227259338968745 0
    endloop
  endfacet
  facet normal 0.06540312923014234 -0.9978589232386036 0
    outer loop
      vertex 5 -8.2 2
      vertex 4.895579046223959 -8.206844110900951 0
      vertex 5 -8.2 0
    endloop
  endfacet
  facet normal -0.06540312923014234 -0.9978589232386036 0
    outer loop
      vertex 5.104420953776041 -8.206844110900951 2
      vertex 5 -8.2 0
      vertex 5.104420953776041 -8.206844110900951 0
    endloop
  endfacet
  facet normal -0.19509032201612986 -0.9807852804032302 0
    outer loop
      vertex 5.207055236082017 -8.227259338968745 2
      vertex 5.104420953776041 -8.206844110900951 0
      vertex 5.207055236082017 -8.227259338968745 0
    endloop
  endfacet
  facet normal -0.321439465303166 -0.9469301294951042 0
    outer loop
      vertex 5.306146745892072 -8.26089637399097 2
      vertex 5.207055236082017 -8.227259338968745 0
      vertex 5.306146745892072 -8.26089637399097 0
    endloop
  endfacet
  facet normal -0.4422886902190024 -0.8968727415326877 0
    outer loop
      vertex 5.4 -8.30717967697245 2
      vertex 5.306146745892072 -8.26089637399097 0
      vertex 5.4 -8.30717967697245 0
    endloop
  endfacet
  facet normal -0.5555702330196082 -0.8314696123025412 0
    outer loop
      vertex 5.4870091432069765 -8.365317327767013 2
      vertex 5.4 -8.30717967697245 0
      vertex 5.4870091432069765 -8.365317327767013 0
    endloop
  endfacet
  facet normal -0.6593458151000616 -0.7518398074789837 0
    outer loop
      vertex 5.565685424949238 -8.434314575050761 2
      vertex 5.4870091432069765 -8.365317327767013 0
      vertex 5.565685424949238 -8.434314575050761 0
    endloop
  endfacet
  facet normal -0.7518398074789827 -0.6593458151000628 0
    outer loop
      vertex 5.634682672232988 -8.512990856793024 2
      vertex 5.565685424949238 -8.434314575050761 0
      vertex 5.634682672232988 -8.512990856793024 0
    endloop
  endfacet
  facet normal -0.8314696123025426 -0.5555702330196063 0
    outer loop
      vertex 5.692820323027551 -8.6 2
      vertex 5.634682672232988 -8.512990856793024 0
      vertex 5.692820323027551 -8.6 0
    endloop
  endfacet
  facet normal -0.8968727415326877 -0.4422886902190024 0
    outer loop
      vertex 5.73910362600903 -8.693853254107928 2
      vertex 5.692820323027551 -8.6 0
      vertex 5.73910362600903 -8.693853254107928 0
    endloop
  endfacet
  facet normal -0.9469301294951068 -0.32143946530315837 0
    outer loop
      vertex 5.772740661031254 -8.792944763917983 2
      vertex 5.73910362600903 -8.693853254107928 0
      vertex 5.772740661031254 -8.792944763917983 0
    endloop
  endfacet
  facet normal -0.9807852804032304 -0.1950903220161282 0
    outer loop
      vertex 5.793155889099048 -8.89557904622396 2
      vertex 5.772740661031254 -8.792944763917983 0
      vertex 5.793155889099048 -8.89557904622396 0
    endloop
  endfacet
  facet normal -0.9978589232386035 -0.0654031292301429 0
    outer loop
      vertex 5.8 -9 2
      vertex 5.793155889099048 -8.89557904622396 0
      vertex 5.8 -9 0
    endloop
  endfacet
  facet normal -1 0 0
    outer loop
      vertex 5.8 -9 2
      vertex 5.8 -9 0
      vertex 5.8 -21 2
    endloop
  endfacet
  facet normal 1 0 0
    outer loop
      vertex 4.2 -9 2
      vertex 4.2 -21 2
      vertex 4.2 -21 0
    endloop
  endfacet
  facet normal 0.9978589232386036 0.06540312923014178 0
    outer loop
      vertex 4.206844110900952 -21.104420953776042 2
      vertex 4.206844110900952 -21.104420953776042 0
      vertex 4.2 -21 2
    endloop
  endfacet
  facet normal 0.9807852804032299 0.19509032201613147 1.0157933137757186e-18
    outer loop
      vertex 4.206844110900952 -21.104420953776042 2
      vertex 4.227259338968746 -21.207055236082017 2
      vertex 4.227259338968746 -21.207055236082017 0
    endloop
  endfacet
  facet normal 0.9469301294951068 0.32143946530315837 -8.282590184344868e-19
    outer loop
      vertex 4.227259338968746 -21.207055236082017 2
      vertex 4.26089637399097 -21.30614674589207 2
      vertex 4.26089637399097 -21.30614674589207 0
    endloop
  endfacet
  facet normal 0.8968727415326844 0.4422886902190091 0
    outer loop
      vertex 4.307179676972449 -21.4 2
      vertex 4.307179676972449 -21.4 0
      vertex 4.26089637399097 -21.30614674589207 2
    endloop
  endfacet
  facet normal 0.8314696123025478 0.5555702330195984 1.7435185339335843e-18
    outer loop
      vertex 4.307179676972449 -21.4 2
      vertex 4.365317327767012 -21.487009143206976 2
      vertex 4.365317327767012 -21.487009143206976 0
    endloop
  endfacet
  facet normal 0.7518398074789753 0.6593458151000712 -9.761125486520717e-19
    outer loop
      vertex 4.365317327767012 -21.487009143206976 2
      vertex 4.434314575050762 -21.565685424949237 2
      vertex 4.434314575050762 -21.565685424949237 0
    endloop
  endfacet
  facet normal 0.6593458151000712 0.7518398074789753 -9.761125486520717e-19
    outer loop
      vertex 4.434314575050762 -21.565685424949237 2
      vertex 4.5129908567930235 -21.634682672232987 2
      vertex 4.5129908567930235 -21.634682672232987 0
    endloop
  endfacet
  facet normal -0.7518398074789753 0.6593458151000712 0
    outer loop
      vertex 5.634682672232988 -21.487009143206976 2
      vertex 5.634682672232988 -21.487009143206976 0
      vertex 5.565685424949238 -21.565685424949237 2
    endloop
  endfacet
  facet normal -0.6593458151000712 0.7518398074789753 0
    outer loop
      vertex 5.565685424949238 -21.565685424949237 2
      vertex 5.565685424949238 -21.565685424949237 0
      vertex 5.4870091432069765 -21.634682672232987 2
    endloop
  endfacet
  facet normal -0.9978589232386036 0.06540312923014178 0
    outer loop
      vertex 5.8 -21 2
      vertex 5.8 -21 0
      vertex 5.793155889099048 -21.104420953776042 2
    endloop
  endfacet
  facet normal -0.9807852804032299 0.19509032201613147 0
    outer loop
      vertex 5.793155889099048 -21.104420953776042 2
      vertex 5.793155889099048 -21.104420953776042 0
      vertex 5.772740661031254 -21.207055236082017 2
    endloop
  endfacet
  facet normal -0.9469301294951068 0.32143946530315837 0
    outer loop
      vertex 5.772740661031254 -21.207055236082017 2
      vertex 5.772740661031254 -21.207055236082017 0
      vertex 5.73910362600903 -21.30614674589207 2
    endloop
  endfacet
  facet normal -0.8968727415326844 0.4422886902190091 0
    outer loop
      vertex 5.73910362600903 -21.30614674589207 2
      vertex 5.73910362600903 -21.30614674589207 0
      vertex 5.692820323027551 -21.4 2
    endloop
  endfacet
  facet normal -0.8314696123025478 0.5555702330195984 0
    outer loop
      vertex 5.692820323027551 -21.4 2
      vertex 5.692820323027551 -21.4 0
      vertex 5.634682672232988 -21.487009143206976 2
    endloop
  endfacet
  facet normal 0.5555702330196082 0.8314696123025412 -5.955615554882997e-19
    outer loop
      vertex 4.5129908567930235 -21.634682672232987 2
      vertex 4.6 -21.69282032302755 2
      vertex 4.6 -21.69282032302755 0
    endloop
  endfacet
  facet normal 0.4422886902190024 0.8968727415326877 -1.9255551258705943e-19
    outer loop
      vertex 4.6 -21.69282032302755 2
      vertex 4.693853254107928 -21.73910362600903 2
      vertex 4.693853254107928 -21.73910362600903 0
    endloop
  endfacet
  facet normal 0.3214394653031812 0.9469301294950989 0
    outer loop
      vertex 4.792944763917983 -21.772740661031257 2
      vertex 4.792944763917983 -21.772740661031257 0
      vertex 4.693853254107928 -21.73910362600903 2
    endloop
  endfacet
  facet normal 0.19509032201609716 0.9807852804032366 9.529108718213644e-19
    outer loop
      vertex 4.792944763917983 -21.772740661031257 2
      vertex 4.895579046223959 -21.793155889099047 2
      vertex 4.895579046223959 -21.793155889099047 0
    endloop
  endfacet
  facet normal 0.06540312923015924 0.9978589232386024 1.9515651673342268e-19
    outer loop
      vertex 4.895579046223959 -21.793155889099047 2
      vertex 5 -21.8 2
      vertex 5 -21.8 0
    endloop
  endfacet
  facet normal -0.06540312923015924 0.9978589232386024 -1.9515651673342268e-19
    outer loop
      vertex 5 -21.8 2
      vertex 5.104420953776041 -21.793155889099047 2
      vertex 5.104420953776041 -21.793155889099047 0
    endloop
  endfacet
  facet normal -0.19509032201609716 0.9807852804032366 -9.529108718213644e-19
    outer loop
      vertex 5.104420953776041 -21.793155889099047 2
      vertex 5.207055236082017 -21.772740661031257 2
      vertex 5.207055236082017 -21.772740661031257 0
    endloop
  endfacet
  facet normal -0.3214394653031812 0.9469301294950989 4.516168186739051e-19
    outer loop
      vertex 5.207055236082017 -21.772740661031257 2
      vertex 5.306146745892072 -21.73910362600903 2
      vertex 5.306146745892072 -21.73910362600903 0
    endloop
  endfacet
  facet normal -0.4422886902190024 0.8968727415326877 1.9255551258705943e-19
    outer loop
      vertex 5.306146745892072 -21.73910362600903 2
      vertex 5.4 -21.69282032302755 2
      vertex 5.4 -21.69282032302755 0
    endloop
  endfacet
  facet normal -0.5555702330196082 0.8314696123025412 0
    outer loop
      vertex 5.4870091432069765 -21.634682672232987 2
      vertex 5.4870091432069765 -21.634682672232987 0
      vertex 5.4 -21.69282032302755 2
    endloop
  endfacet
  facet normal 1 0 0
    outer loop
      vertex 4.2 -9 2
      vertex 4.2 -21 0
      vertex 4.2 -9 0
    endloop
  endfacet
  facet normal -1 0 0
    outer loop
      vertex 5.8 -21 2
      vertex 5.8 -9 0
      vertex 5.8 -21 0
    endloop
  endfacet
  facet normal 0.9978589232386036 0.06540312923014178 0
    outer loop
      vertex 4.2 -21 2
      vertex 4.206844110900952 -21.104420953776042 0
      vertex 4.2 -21 0
    endloop
  endfacet
  facet normal 0.9807852804032299 0.19509032201613147 0
    outer loop
      vertex 4.206844110900952 -21.104420953776042 2
      vertex 4.227259338968746 -21.207055236082017 0
      vertex 4.206844110900952 -21.104420953776042 0
    endloop
  endfacet
  facet normal 0.9469301294951068 0.32143946530315837 0
    outer loop
      vertex 4.227259338968746 -21.207055236082017 2
      vertex 4.26089637399097 -21.30614674589207 0
      vertex 4.227259338968746 -21.207055236082017 0
    endloop
  endfacet
  facet normal 0.8968727415326844 0.4422886902190091 0
    outer loop
      vertex 4.26089637399097 -21.30614674589207 2
      vertex 4.307179676972449 -21.4 0
      vertex 4.26089637399097 -21.30614674589207 0
    endloop
  endfacet
  facet normal 0.8314696123025478 0.5555702330195984 0
    outer loop
      vertex 4.307179676972449 -21.4 2
      vertex 4.365317327767012 -21.487009143206976 0
      vertex 4.307179676972449 -21.4 0
    endloop
  endfacet
  facet normal 0.7518398074789753 0.6593458151000712 0
    outer loop
      vertex 4.365317327767012 -21.487009143206976 2
      vertex 4.434314575050762 -21.565685424949237 0
      vertex 4.365317327767012 -21.487009143206976 0
    endloop
  endfacet
  facet normal 0.6593458151000712 0.7518398074789753 0
    outer loop
      vertex 4.434314575050762 -21.565685424949237 2
      vertex 4.5129908567930235 -21.634682672232987 0
      vertex 4.434314575050762 -21.565685424949237 0
    endloop
  endfacet
  facet normal -0.6593458151000712 0.7518398074789753 0
    outer loop
      vertex 5.4870091432069765 -21.634682672232987 2
      vertex 5.565685424949238 -21.565685424949237 0
      vertex 5.4870091432069765 -21.634682672232987 0
    endloop
  endfacet
  facet normal -0.7518398074789753 0.6593458151000712 0
    outer loop
      vertex 5.565685424949238 -21.565685424949237 2
      vertex 5.634682672232988 -21.487009143206976 0
      vertex 5.565685424949238 -21.565685424949237 0
    endloop
  endfacet
  facet normal -0.9978589232386036 0.06540312923014178 0
    outer loop
      vertex 5.793155889099048 -21.104420953776042 2
      vertex 5.8 -21 0
      vertex 5.793155889099048 -21.104420953776042 0
    endloop
  endfacet
  facet normal -0.9807852804032299 0.19509032201613147 0
    outer loop
      vertex 5.772740661031254 -21.207055236082017 2
      vertex 5.793155889099048 -21.104420953776042 0
      vertex 5.772740661031254 -21.207055236082017 0
    endloop
  endfacet
  facet normal -0.9469301294951068 0.32143946530315837 0
    outer loop
      vertex 5.73910362600903 -21.30614674589207 2
      vertex 5.772740661031254 -21.207055236082017 0
      vertex 5.73910362600903 -21.30614674589207 0
    endloop
  endfacet
  facet normal -0.8968727415326844 0.4422886902190091 0
    outer loop
      vertex 5.692820323027551 -21.4 2
      vertex 5.73910362600903 -21.30614674589207 0
      vertex 5.692820323027551 -21.4 0
    endloop
  endfacet
  facet normal -0.8314696123025478 0.5555702330195984 0
    outer loop
      vertex 5.634682672232988 -21.487009143206976 2
      vertex 5.692820323027551 -21.4 0
      vertex 5.634682672232988 -21.487009143206976 0
    endloop
  endfacet
  facet normal 0.5555702330196082 0.8314696123025412 0
    outer loop
      vertex 4.5129908567930235 -21.634682672232987 2
      vertex 4.6 -21.69282032302755 0
      vertex 4.5129908567930235 -21.634682672232987 0
    endloop
  endfacet
  facet normal 0.4422886902190024 0.8968727415326877 0
    outer loop
      vertex 4.6 -21.69282032302755 2
      vertex 4.693853254107928 -21.73910362600903 0
      vertex 4.6 -21.69282032302755 0
    endloop
  endfacet
  facet normal 0.3214394653031812 0.9469301294950989 0
    outer loop
      vertex 4.693853254107928 -21.73910362600903 2
      vertex 4.792944763917983 -21.772740661031257 0
      vertex 4.693853254107928 -21.73910362600903 0
    endloop
  endfacet
  facet normal 0.19509032201609716 0.9807852804032366 0
    outer loop
      vertex 4.792944763917983 -21.772740661031257 2
      vertex 4.895579046223959 -21.793155889099047 0
      vertex 4.792944763917983 -21.772740661031257 0
    endloop
  endfacet
  facet normal 0.06540312923015924 0.9978589232386024 0
    outer loop
      vertex 4.895579046223959 -21.793155889099047 2
      vertex 5 -21.8 0
      vertex 4.895579046223959 -21.793155889099047 0
    endloop
  endfacet
  facet normal -0.06540312923015924 0.9978589232386024 0
    outer loop
      vertex 5 -21.8 2
      vertex 5.104420953776041 -21.793155889099047 0
      vertex 5 -21.8 0
    endloop
  endfacet
  facet normal -0.19509032201609716 0.9807852804032366 0
    outer loop
      vertex 5.104420953776041 -21.793155889099047 2
      vertex 5.207055236082017 -21.772740661031257 0
      vertex 5.104420953776041 -21.793155889099047 0
    endloop
  endfacet
  facet normal -0.3214394653031812 0.9469301294950989 0
    outer loop
      vertex 5.207055236082017 -21.772740661031257 2
      vertex 5.306146745892072 -21.73910362600903 0
      vertex 5.207055236082017 -21.772740661031257 0
    endloop
  endfacet
  facet normal -0.4422886902190024 0.8968727415326877 0
    outer loop
      vertex 5.306146745892072 -21.73910362600903 2
      vertex 5.4 -21.69282032302755 0
      vertex 5.306146745892072 -21.73910362600903 0
    endloop
  endfacet
  facet normal -0.5555702330196082 0.8314696123025412 0
    outer loop
      vertex 5.4 -21.69282032302755 2
      vertex 5.4870091432069765 -21.634682672232987 0
      vertex 5.4 -21.69282032302755 0
    endloop
  endfacet
  facet normal 0.7518398074789912 -0.6593458151000533 1.7110530171400068e-18
    outer loop
      vertex 8.434314575050761 -8.434314575050761 2
      vertex 8.365317327767013 -8.512990856793024 2
      vertex 8.365317327767013 -8.512990856793024 0
    endloop
  endfacet
  facet normal 0.6593458151000533 -0.7518398074789912 0
    outer loop
      vertex 8.434314575050761 -8.434314575050761 2
      vertex 8.434314575050761 -8.434314575050761 0
      vertex 8.512990856793024 -8.365317327767013 2
    endloop
  endfacet
  facet normal 0.5555702330196121 -0.8314696123025387 -1.6131643109122374e-18
    outer loop
      vertex 8.6 -8.30717967697245 2
      vertex 8.512990856793024 -8.365317327767013 2
      vertex 8.512990856793024 -8.365317327767013 0
    endloop
  endfacet
  facet normal 0.9469301294951042 -0.321439465303166 7.027116185142923e-19
    outer loop
      vertex 8.26089637399097 -8.693853254107928 2
      vertex 8.227259338968745 -8.792944763917983 2
      vertex 8.227259338968745 -8.792944763917983 0
    endloop
  endfacet
  facet normal 0.9807852804032304 -0.1950903220161282 2.705455567404029e-19
    outer loop
      vertex 8.227259338968745 -8.792944763917983 2
      vertex 8.206844110900951 -8.89557904622396 2
      vertex 8.206844110900951 -8.89557904622396 0
    endloop
  endfacet
  facet normal 0.9978589232386035 -0.0654031292301429 -1.4328181436722698e-19
    outer loop
      vertex 8.206844110900951 -8.89557904622396 2
      vertex 8.2 -9 2
      vertex 8.2 -9 0
    endloop
  endfacet
  facet normal 0.8314696123025387 -0.5555702330196121 -1.6131643109122374e-18
    outer loop
      vertex 8.365317327767013 -8.512990856793024 2
      vertex 8.30717967697245 -8.6 2
      vertex 8.30717967697245 -8.6 0
    endloop
  endfacet
  facet normal 0.8968727415326877 -0.4422886902190024 1.9255551258705943e-19
    outer loop
      vertex 8.30717967697245 -8.6 2
      vertex 8.26089637399097 -8.693853254107928 2
      vertex 8.26089637399097 -8.693853254107928 0
    endloop
  endfacet
  facet normal 0.4422886902190024 -0.8968727415326877 1.9255551258705943e-19
    outer loop
      vertex 8.693853254107928 -8.26089637399097 2
      vertex 8.6 -8.30717967697245 2
      vertex 8.6 -8.30717967697245 0
    endloop
  endfacet
  facet normal 0.1950903220161282 -0.9807852804032304 0
    outer loop
      vertex 8.792944763917983 -8.227259338968745 2
      vertex 8.792944763917983 -8.227259338968745 0
      vertex 8.89557904622396 -8.206844110900951 2
    endloop
  endfacet
  facet normal 0.321439465303166 -0.9469301294951042 0
    outer loop
      vertex 8.693853254107928 -8.26089637399097 2
      vertex 8.693853254107928 -8.26089637399097 0
      vertex 8.792944763917983 -8.227259338968745 2
    endloop
  endfacet
  facet normal 0.0654031292301429 -0.9978589232386035 -1.4328181436722698e-19
    outer loop
      vertex 9 -8.2 2
      vertex 8.89557904622396 -8.206844110900951 2
      vertex 8.89557904622396 -8.206844110900951 0
    endloop
  endfacet
  facet normal -0.0654031292301429 -0.9978589232386035 0
    outer loop
      vertex 9 -8.2 2
      vertex 9 -8.2 0
      vertex 9.10442095377604 -8.206844110900951 2
    endloop
  endfacet
  facet normal -0.1950903220161282 -0.9807852804032304 0
    outer loop
      vertex 9.10442095377604 -8.206844110900951 2
      vertex 9.10442095377604 -8.206844110900951 0
      vertex 9.207055236082017 -8.227259338968745 2
    endloop
  endfacet
  facet normal -0.321439465303166 -0.9469301294951042 0
    outer loop
      vertex 9.207055236082017 -8.227259338968745 2
      vertex 9.207055236082017 -8.227259338968745 0
      vertex 9.306146745892072 -8.26089637399097 2
    endloop
  endfacet
  facet normal -0.4422886902190024 -0.8968727415326877 0
    outer loop
      vertex 9.306146745892072 -8.26089637399097 2
      vertex 9.306146745892072 -8.26089637399097 0
      vertex 9.4 -8.30717967697245 2
    endloop
  endfacet
  facet normal -0.5555702330196121 -0.8314696123025387 0
    outer loop
      vertex 9.4 -8.30717967697245 2
      vertex 9.4 -8.30717967697245 0
      vertex 9.487009143206976 -8.365317327767013 2
    endloop
  endfacet
  facet normal -0.6593458151000533 -0.7518398074789912 0
    outer loop
      vertex 9.487009143206976 -8.365317327767013 2
      vertex 9.487009143206976 -8.365317327767013 0
      vertex 9.565685424949239 -8.434314575050761 2
    endloop
  endfacet
  facet normal -0.7518398074789912 -0.6593458151000533 0
    outer loop
      vertex 9.565685424949239 -8.434314575050761 2
      vertex 9.565685424949239 -8.434314575050761 0
      vertex 9.634682672232987 -8.512990856793024 2
    endloop
  endfacet
  facet normal -0.8314696123025387 -0.5555702330196121 1.6131643109122374e-18
    outer loop
      vertex 9.69282032302755 -8.6 2
      vertex 9.634682672232987 -8.512990856793024 2
      vertex 9.634682672232987 -8.512990856793024 0
    endloop
  endfacet
  facet normal -0.8968727415326877 -0.4422886902190024 0
    outer loop
      vertex 9.69282032302755 -8.6 2
      vertex 9.69282032302755 -8.6 0
      vertex 9.73910362600903 -8.693853254107928 2
    endloop
  endfacet
  facet normal -0.9469301294951042 -0.321439465303166 0
    outer loop
      vertex 9.73910362600903 -8.693853254107928 2
      vertex 9.73910362600903 -8.693853254107928 0
      vertex 9.772740661031255 -8.792944763917983 2
    endloop
  endfacet
  facet normal -0.9807852804032304 -0.1950903220161282 0
    outer loop
      vertex 9.772740661031255 -8.792944763917983 2
      vertex 9.772740661031255 -8.792944763917983 0
      vertex 9.793155889099049 -8.89557904622396 2
    endloop
  endfacet
  facet normal -0.9978589232386035 -0.0654031292301429 0
    outer loop
      vertex 9.793155889099049 -8.89557904622396 2
      vertex 9.793155889099049 -8.89557904622396 0
      vertex 9.8 -9 2
    endloop
  endfacet
  facet normal 0.8314696123025387 -0.5555702330196121 0
    outer loop
      vertex 8.365317327767013 -8.512990856793024 2
      vertex 8.30717967697245 -8.6 0
      vertex 8.365317327767013 -8.512990856793024 0
    endloop
  endfacet
  facet normal 0.6593458151000533 -0.7518398074789912 0
    outer loop
      vertex 8.512990856793024 -8.365317327767013 2
      vertex 8.434314575050761 -8.434314575050761 0
      vertex 8.512990856793024 -8.365317327767013 0
    endloop
  endfacet
  facet normal 0.7518398074789912 -0.6593458151000533 0
    outer loop
      vertex 8.434314575050761 -8.434314575050761 2
      vertex 8.365317327767013 -8.512990856793024 0
      vertex 8.434314575050761 -8.434314575050761 0
    endloop
  endfacet
  facet normal 0.9469301294951042 -0.321439465303166 0
    outer loop
      vertex 8.26089637399097 -8.693853254107928 2
      vertex 8.227259338968745 -8.792944763917983 0
      vertex 8.26089637399097 -8.693853254107928 0
    endloop
  endfacet
  facet normal 0.9807852804032304 -0.1950903220161282 0
    outer loop
      vertex 8.227259338968745 -8.792944763917983 2
      vertex 8.206844110900951 -8.89557904622396 0
      vertex 8.227259338968745 -8.792944763917983 0
    endloop
  endfacet
  facet normal 0.9978589232386035 -0.0654031292301429 0
    outer loop
      vertex 8.206844110900951 -8.89557904622396 2
      vertex 8.2 -9 0
      vertex 8.206844110900951 -8.89557904622396 0
    endloop
  endfacet
  facet normal 0.8968727415326877 -0.4422886902190024 0
    outer loop
      vertex 8.30717967697245 -8.6 2
      vertex 8.26089637399097 -8.693853254107928 0
      vertex 8.30717967697245 -8.6 0
    endloop
  endfacet
  facet normal 0.5555702330196121 -0.8314696123025387 0
    outer loop
      vertex 8.6 -8.30717967697245 2
      vertex 8.512990856793024 -8.365317327767013 0
      vertex 8.6 -8.30717967697245 0
    endloop
  endfacet
  facet normal 0.4422886902190024 -0.8968727415326877 0
    outer loop
      vertex 8.693853254107928 -8.26089637399097 2
      vertex 8.6 -8.30717967697245 0
      vertex 8.693853254107928 -8.26089637399097 0
    endloop
  endfacet
  facet normal 0.321439465303166 -0.9469301294951042 0
    outer loop
      vertex 8.792944763917983 -8.227259338968745 2
      vertex 8.693853254107928 -8.26089637399097 0
      vertex 8.792944763917983 -8.227259338968745 0
    endloop
  endfacet
  facet normal 0.1950903220161282 -0.9807852804032304 0
    outer loop
      vertex 8.89557904622396 -8.206844110900951 2
      vertex 8.792944763917983 -8.227259338968745 0
      vertex 8.89557904622396 -8.206844110900951 0
    endloop
  endfacet
  facet normal 0.0654031292301429 -0.9978589232386035 0
    outer loop
      vertex 9 -8.2 2
      vertex 8.89557904622396 -8.206844110900951 0
      vertex 9 -8.2 0
    endloop
  endfacet
  facet normal -0.0654031292301429 -0.9978589232386035 0
    outer loop
      vertex 9.10442095377604 -8.206844110900951 2
      vertex 9 -8.2 0
      vertex 9.10442095377604 -8.206844110900951 0
    endloop
  endfacet
  facet normal -0.1950903220161282 -0.9807852804032304 0
    outer loop
      vertex 9.207055236082017 -8.227259338968745 2
      vertex 9.10442095377604 -8.206844110900951 0
      vertex 9.207055236082017 -8.227259338968745 0
    endloop
  endfacet
  facet normal -0.321439465303166 -0.9469301294951042 0
    outer loop
      vertex 9.306146745892072 -8.26089637399097 2
      vertex 9.207055236082017 -8.227259338968745 0
      vertex 9.306146745892072 -8.26089637399097 0
    endloop
  endfacet
  facet normal -0.4422886902190024 -0.8968727415326877 0
    outer loop
      vertex 9.4 -8.30717967697245 2
      vertex 9.306146745892072 -8.26089637399097 0
      vertex 9.4 -8.30717967697245 0
    endloop
  endfacet
  facet normal -0.5555702330196121 -0.8314696123025387 0
    outer loop
      vertex 9.487009143206976 -8.365317327767013 2
      vertex 9.4 -8.30717967697245 0
      vertex 9.487009143206976 -8.365317327767013 0
    endloop
  endfacet
  facet normal -0.6593458151000533 -0.7518398074789912 0
    outer loop
      vertex 9.565685424949239 -8.434314575050761 2
      vertex 9.487009143206976 -8.365317327767013 0
      vertex 9.565685424949239 -8.434314575050761 0
    endloop
  endfacet
  facet normal -0.7518398074789912 -0.6593458151000533 0
    outer loop
      vertex 9.634682672232987 -8.512990856793024 2
      vertex 9.565685424949239 -8.434314575050761 0
      vertex 9.634682672232987 -8.512990856793024 0
    endloop
  endfacet
  facet normal -0.8314696123025387 -0.5555702330196121 0
    outer loop
      vertex 9.69282032302755 -8.6 2
      vertex 9.634682672232987 -8.512990856793024 0
      vertex 9.69282032302755 -8.6 0
    endloop
  endfacet
  facet normal -0.8968727415326877 -0.4422886902190024 0
    outer loop
      vertex 9.73910362600903 -8.693853254107928 2
      vertex 9.69282032302755 -8.6 0
      vertex 9.73910362600903 -8.693853254107928 0
    endloop
  endfacet
  facet normal -0.9469301294951042 -0.321439465303166 0
    outer loop
      vertex 9.772740661031255 -8.792944763917983 2
      vertex 9.73910362600903 -8.693853254107928 0
      vertex 9.772740661031255 -8.792944763917983 0
    endloop
  endfacet
  facet normal -0.9807852804032304 -0.1950903220161282 0
    outer loop
      vertex 9.793155889099049 -8.89557904622396 2
      vertex 9.772740661031255 -8.792944763917983 0
      vertex 9.793155889099049 -8.89557904622396 0
    endloop
  endfacet
  facet normal -0.9978589232386035 -0.0654031292301429 0
    outer loop
      vertex 9.8 -9 2
      vertex 9.793155889099049 -8.89557904622396 0
      vertex 9.8 -9 0
    endloop
  endfacet
  facet normal -1 0 0
    outer loop
      vertex 9.8 -9 2
      vertex 9.8 -9 0
      vertex 9.8 -21 2
    endloop
  endfacet
  facet normal 1 0 0
    outer loop
      vertex 8.2 -9 2
      vertex 8.2 -21 2
      vertex 8.2 -21 0
    endloop
  endfacet
  facet normal 0.9978589232386036 0.06540312923014178 0
    outer loop
      vertex 8.206844110900951 -21.104420953776042 2
      vertex 8.206844110900951 -21.104420953776042 0
      vertex 8.2 -21 2
    endloop
  endfacet
  facet normal 0.9807852804032299 0.19509032201613147 1.0157933137757186e-18
    outer loop
      vertex 8.206844110900951 -21.104420953776042 2
      vertex 8.227259338968745 -21.207055236082017 2
      vertex 8.227259338968745 -21.207055236082017 0
    endloop
  endfacet
  facet normal 0.9469301294951042 0.321439465303166 -7.027116185142923e-19
    outer loop
      vertex 8.227259338968745 -21.207055236082017 2
      vertex 8.26089637399097 -21.30614674589207 2
      vertex 8.26089637399097 -21.30614674589207 0
    endloop
  endfacet
  facet normal 0.8968727415326844 0.4422886902190091 0
    outer loop
      vertex 8.30717967697245 -21.4 2
      vertex 8.30717967697245 -21.4 0
      vertex 8.26089637399097 -21.30614674589207 2
    endloop
  endfacet
  facet normal 0.8314696123025438 0.5555702330196042 1.3400180006788334e-18
    outer loop
      vertex 8.30717967697245 -21.4 2
      vertex 8.365317327767013 -21.487009143206976 2
      vertex 8.365317327767013 -21.487009143206976 0
    endloop
  endfacet
  facet normal 0.7518398074789837 0.6593458151000616 -4.413935077247389e-19
    outer loop
      vertex 8.365317327767013 -21.487009143206976 2
      vertex 8.434314575050761 -21.565685424949237 2
      vertex 8.434314575050761 -21.565685424949237 0
    endloop
  endfacet
  facet normal 0.6593458151000628 0.7518398074789827 1.8985333644852245e-18
    outer loop
      vertex 8.434314575050761 -21.565685424949237 2
      vertex 8.512990856793024 -21.634682672232987 2
      vertex 8.512990856793024 -21.634682672232987 0
    endloop
  endfacet
  facet normal -0.6593458151000628 0.7518398074789827 0
    outer loop
      vertex 9.565685424949239 -21.565685424949237 2
      vertex 9.565685424949239 -21.565685424949237 0
      vertex 9.487009143206976 -21.634682672232987 2
    endloop
  endfacet
  facet normal -0.7518398074789837 0.6593458151000616 0
    outer loop
      vertex 9.634682672232987 -21.487009143206976 2
      vertex 9.634682672232987 -21.487009143206976 0
      vertex 9.565685424949239 -21.565685424949237 2
    endloop
  endfacet
  facet normal -0.8314696123025438 0.5555702330196042 0
    outer loop
      vertex 9.69282032302755 -21.4 2
      vertex 9.69282032302755 -21.4 0
      vertex 9.634682672232987 -21.487009143206976 2
    endloop
  endfacet
  facet normal -0.9978589232386036 0.06540312923014178 0
    outer loop
      vertex 9.8 -21 2
      vertex 9.8 -21 0
      vertex 9.793155889099049 -21.104420953776042 2
    endloop
  endfacet
  facet normal -0.9807852804032299 0.19509032201613147 -1.0157933137757186e-18
    outer loop
      vertex 9.772740661031255 -21.207055236082017 2
      vertex 9.793155889099049 -21.104420953776042 2
      vertex 9.793155889099049 -21.104420953776042 0
    endloop
  endfacet
  facet normal -0.9469301294951042 0.321439465303166 0
    outer loop
      vertex 9.772740661031255 -21.207055236082017 2
      vertex 9.772740661031255 -21.207055236082017 0
      vertex 9.73910362600903 -21.30614674589207 2
    endloop
  endfacet
  facet normal -0.8968727415326844 0.4422886902190091 0
    outer loop
      vertex 9.73910362600903 -21.30614674589207 2
      vertex 9.73910362600903 -21.30614674589207 0
      vertex 9.69282032302755 -21.4 2
    endloop
  endfacet
  facet normal 0.5555702330196121 0.8314696123025387 1.6131643109122374e-18
    outer loop
      vertex 8.512990856793024 -21.634682672232987 2
      vertex 8.6 -21.69282032302755 2
      vertex 8.6 -21.69282032302755 0
    endloop
  endfacet
  facet normal 0.4422886902190024 0.8968727415326877 -1.9255551258705943e-19
    outer loop
      vertex 8.6 -21.69282032302755 2
      vertex 8.693853254107928 -21.73910362600903 2
      vertex 8.693853254107928 -21.73910362600903 0
    endloop
  endfacet
  facet normal 0.3214394653031812 0.9469301294950989 0
    outer loop
      vertex 8.792944763917983 -21.772740661031257 2
      vertex 8.792944763917983 -21.772740661031257 0
      vertex 8.693853254107928 -21.73910362600903 2
    endloop
  endfacet
  facet normal 0.19509032201609555 0.9807852804032369 -7.26334919063541e-19
    outer loop
      vertex 8.792944763917983 -21.772740661031257 2
      vertex 8.89557904622396 -21.793155889099047 2
      vertex 8.89557904622396 -21.793155889099047 0
    endloop
  endfacet
  facet normal 0.0654031292301598 0.9978589232386024 2.2984254030275066e-19
    outer loop
      vertex 8.89557904622396 -21.793155889099047 2
      vertex 9 -21.8 2
      vertex 9 -21.8 0
    endloop
  endfacet
  facet normal -0.0654031292301598 0.9978589232386024 -2.2984254030275066e-19
    outer loop
      vertex 9 -21.8 2
      vertex 9.10442095377604 -21.793155889099047 2
      vertex 9.10442095377604 -21.793155889099047 0
    endloop
  endfacet
  facet normal -0.19509032201609555 0.9807852804032369 7.26334919063541e-19
    outer loop
      vertex 9.10442095377604 -21.793155889099047 2
      vertex 9.207055236082017 -21.772740661031257 2
      vertex 9.207055236082017 -21.772740661031257 0
    endloop
  endfacet
  facet normal -0.3214394653031812 0.9469301294950989 4.516168186739051e-19
    outer loop
      vertex 9.207055236082017 -21.772740661031257 2
      vertex 9.306146745892072 -21.73910362600903 2
      vertex 9.306146745892072 -21.73910362600903 0
    endloop
  endfacet
  facet normal -0.4422886902190024 0.8968727415326877 1.9255551258705943e-19
    outer loop
      vertex 9.306146745892072 -21.73910362600903 2
      vertex 9.4 -21.69282032302755 2
      vertex 9.4 -21.69282032302755 0
    endloop
  endfacet
  facet normal -0.5555702330196121 0.8314696123025387 -1.6131643109122374e-18
    outer loop
      vertex 9.4 -21.69282032302755 2
      vertex 9.487009143206976 -21.634682672232987 2
      vertex 9.487009143206976 -21.634682672232987 0
    endloop
  endfacet
  facet normal 1 0 0
    outer loop
      vertex 8.2 -9 2
      vertex 8.2 -21 0
      vertex 8.2 -9 0
    endloop
  endfacet
  facet normal -1 0 0
    outer loop
      vertex 9.8 -21 2
      vertex 9.8 -9 0
      vertex 9.8 -21 0
    endloop
  endfacet
  facet normal 0.9978589232386036 0.06540312923014178 0
    outer loop
      vertex 8.2 -21 2
      vertex 8.206844110900951 -21.104420953776042 0
      vertex 8.2 -21 0
    endloop
  endfacet
  facet normal 0.9807852804032299 0.19509032201613147 0
    outer loop
      vertex 8.206844110900951 -21.104420953776042 2
      vertex 8.227259338968745 -21.207055236082017 0
      vertex 8.206844110900951 -21.104420953776042 0
    endloop
  endfacet
  facet normal 0.9469301294951042 0.321439465303166 0
    outer loop
      vertex 8.227259338968745 -21.207055236082017 2
      vertex 8.26089637399097 -21.30614674589207 0
      vertex 8.227259338968745 -21.207055236082017 0
    endloop
  endfacet
  facet normal 0.8968727415326844 0.4422886902190091 0
    outer loop
      vertex 8.26089637399097 -21.30614674589207 2
      vertex 8.30717967697245 -21.4 0
      vertex 8.26089637399097 -21.30614674589207 0
    endloop
  endfacet
  facet normal 0.8314696123025438 0.5555702330196042 0
    outer loop
      vertex 8.30717967697245 -21.4 2
      vertex 8.365317327767013 -21.487009143206976 0
      vertex 8.30717967697245 -21.4 0
    endloop
  endfacet
  facet normal 0.7518398074789837 0.6593458151000616 0
    outer loop
      vertex 8.365317327767013 -21.487009143206976 2
      vertex 8.434314575050761 -21.565685424949237 0
      vertex 8.365317327767013 -21.487009143206976 0
    endloop
  endfacet
  facet normal 0.6593458151000628 0.7518398074789827 0
    outer loop
      vertex 8.434314575050761 -21.565685424949237 2
      vertex 8.512990856793024 -21.634682672232987 0
      vertex 8.434314575050761 -21.565685424949237 0
    endloop
  endfacet
  facet normal -0.8968727415326844 0.4422886902190091 0
    outer loop
      vertex 9.69282032302755 -21.4 2
      vertex 9.73910362600903 -21.30614674589207 0
      vertex 9.69282032302755 -21.4 0
    endloop
  endfacet
  facet normal -0.6593458151000628 0.7518398074789827 0
    outer loop
      vertex 9.487009143206976 -21.634682672232987 2
      vertex 9.565685424949239 -21.565685424949237 0
      vertex 9.487009143206976 -21.634682672232987 0
    endloop
  endfacet
  facet normal -0.8314696123025438 0.5555702330196042 0
    outer loop
      vertex 9.634682672232987 -21.487009143206976 2
      vertex 9.69282032302755 -21.4 0
      vertex 9.634682672232987 -21.487009143206976 0
    endloop
  endfacet
  facet normal -0.7518398074789837 0.6593458151000616 0
    outer loop
      vertex 9.565685424949239 -21.565685424949237 2
      vertex 9.634682672232987 -21.487009143206976 0
      vertex 9.565685424949239 -21.565685424949237 0
    endloop
  endfacet
  facet normal -0.9978589232386036 0.06540312923014178 0
    outer loop
      vertex 9.793155889099049 -21.104420953776042 2
      vertex 9.8 -21 0
      vertex 9.793155889099049 -21.104420953776042 0
    endloop
  endfacet
  facet normal -0.9807852804032299 0.19509032201613147 0
    outer loop
      vertex 9.772740661031255 -21.207055236082017 2
      vertex 9.793155889099049 -21.104420953776042 0
      vertex 9.772740661031255 -21.207055236082017 0
    endloop
  endfacet
  facet normal -0.9469301294951042 0.321439465303166 0
    outer loop
      vertex 9.73910362600903 -21.30614674589207 2
      vertex 9.772740661031255 -21.207055236082017 0
      vertex 9.73910362600903 -21.30614674589207 0
    endloop
  endfacet
  facet normal 0.5555702330196121 0.8314696123025387 0
    outer loop
      vertex 8.512990856793024 -21.634682672232987 2
      vertex 8.6 -21.69282032302755 0
      vertex 8.512990856793024 -21.634682672232987 0
    endloop
  endfacet
  facet normal 0.4422886902190024 0.8968727415326877 0
    outer loop
      vertex 8.6 -21.69282032302755 2
      vertex 8.693853254107928 -21.73910362600903 0
      vertex 8.6 -21.69282032302755 0
    endloop
  endfacet
  facet normal 0.3214394653031812 0.9469301294950989 0
    outer loop
      vertex 8.693853254107928 -21.73910362600903 2
      vertex 8.792944763917983 -21.772740661031257 0
      vertex 8.693853254107928 -21.73910362600903 0
    endloop
  endfacet
  facet normal 0.19509032201609555 0.9807852804032369 0
    outer loop
      vertex 8.792944763917983 -21.772740661031257 2
      vertex 8.89557904622396 -21.793155889099047 0
      vertex 8.792944763917983 -21.772740661031257 0
    endloop
  endfacet
  facet normal 0.0654031292301598 0.9978589232386024 0
    outer loop
      vertex 8.89557904622396 -21.793155889099047 2
      vertex 9 -21.8 0
      vertex 8.89557904622396 -21.793155889099047 0
    endloop
  endfacet
  facet normal -0.0654031292301598 0.9978589232386024 0
    outer loop
      vertex 9 -21.8 2
      vertex 9.10442095377604 -21.793155889099047 0
      vertex 9 -21.8 0
    endloop
  endfacet
  facet normal -0.19509032201609555 0.9807852804032369 0
    outer loop
      vertex 9.10442095377604 -21.793155889099047 2
      vertex 9.207055236082017 -21.772740661031257 0
      vertex 9.10442095377604 -21.793155889099047 0
    endloop
  endfacet
  facet normal -0.3214394653031812 0.9469301294950989 0
    outer loop
      vertex 9.207055236082017 -21.772740661031257 2
      vertex 9.306146745892072 -21.73910362600903 0
      vertex 9.207055236082017 -21.772740661031257 0
    endloop
  endfacet
  facet normal -0.4422886902190024 0.8968727415326877 0
    outer loop
      vertex 9.306146745892072 -21.73910362600903 2
      vertex 9.4 -21.69282032302755 0
      vertex 9.306146745892072 -21.73910362600903 0
    endloop
  endfacet
  facet normal -0.5555702330196121 0.8314696123025387 0
    outer loop
      vertex 9.4 -21.69282032302755 2
      vertex 9.487009143206976 -21.634682672232987 0
      vertex 9.4 -21.69282032302755 0
    endloop
  endfacet
endsolid OpenSCAD_Model
